task,family,variant,repeat,status,outcome,solverMode,fallbackReason,B,b,p,K,qStates,fiberCount,activeAnchors,activeMacroEdges,expandedSize,objectiveKind,objectivePrimary,objectiveSecondary,analysisSec,registrySec,fiberSec,encodingSec,solverSec,decodeSec,verifySec,totalSec,peakRssKb,verification,modelBytes,vars,backendTotalClauses,error,searchNodeUniverse,primaryVars,semanticTypeCount,selectedFiberCount,meanRepresentativeLength,maxRepresentativeLength,optimizationPasses,fallbackUsed,backendTranslationCount,costStrategy,unquotientedFiberCount,encodedFiberCount,costScope,parseSec,translationAndSolveSec,totalInternalSec,inputTraceCount,reducedTraceCount,smallFormulaSec,smallFormulaBound
weakening/weaken_consequent/weaken_consequent_40_10_10.trace,weakening,atlas-b,1,SAT,,ATLAS_B,,18,3,0,11,,,,,7,MIN_EXPANDED_SIZE,0,7,0.084789405,,,0.037818087,94.896027491,0.016557611,0.016283265,95.71458356600124,9092108,PASSED,28781,8407543,32613416,,11,41078,,,,,1,,1,,,,8,,,95.323738304,,,,
weakening/weaken_consequent/weaken_consequent_15_10_10.trace,weakening,atlas-b,1,SAT,,ATLAS_B,,18,3,0,11,,,,,7,MIN_EXPANDED_SIZE,0,7,0.076972987,,,0.047766856,3.31640707,0.021338147,0.014789515,3.9329081989999395,728164,PASSED,13381,423943,1515116,,11,8078,,,,,1,,1,,,,8,,,3.777271201,,,,
weakening/weaken_consequent/weaken_consequent_40_10_10.trace,weakening,macro,1,SAT,,MACRO,,18,3,0,11,15,109,7,8,7,MIN_EXPANDED_SIZE,0,7,0.088484088,0.002488645,0.105992635,0.007115226,17.648689561,0.009075107,0.018924963,18.22464648299865,1722976,PASSED,97339,718670,1951139,,11,33243,6,7,0.0,0,1,,1,WEIGHTED_MAXSAT,169,109,8,1.002298862,16.646390699,18.030649803,20,20,0.000966465,0
weakening/weaken_consequent/weaken_consequent_15_10_10.trace,weakening,macro,1,SAT,,MACRO,,18,3,0,11,15,109,7,8,7,MIN_EXPANDED_SIZE,0,7,0.078442686,0.002444624,0.038776011,0.007552757,13.397464379,0.010265628,0.0122622,13.80560063500161,873968,PASSED,90173,371170,1023639,,11,16743,6,7,0.0,0,1,,1,WEIGHTED_MAXSAT,169,109,8,0.923136408,12.474327971,13.639816,20,20,0.00117356,0
weakening/weaken_consequent/weaken_consequent_10_75_75.trace,weakening,atlas-b,1,SAT,,ATLAS_B,,18,3,0,11,,,,,7,MIN_EXPANDED_SIZE,0,7,0.089864574,,,0.047956331,10.539153897,0.031650656,0.023568394,11.234434382000472,1801404,PASSED,57862,1240853,4241966,,11,31778,,,,,1,,1,,,,8,,,11.017213836,,,,
weakening/weaken_consequent/weaken_consequent_10_75_75.trace,weakening,macro,1,SAT,,MACRO,,18,3,0,11,15,109,7,8,7,MIN_EXPANDED_SIZE,0,7,0.08857865,0.002938307,0.034078578,0.009704163,30.970642131,0.010616447,0.035499546,31.619816922997416,2399308,PASSED,120852,1360968,3401133,,11,56343,6,7,0.0,0,1,,1,WEIGHTED_MAXSAT,169,109,8,1.531930767,29.438711364,31.3674442,150,150,0.001081498,0
weakening/weaken_consequent/weaken_consequent_10_40_40.trace,weakening,atlas-b,1,SAT,,ATLAS_B,,18,3,0,11,,,,,7,MIN_EXPANDED_SIZE,0,7,0.07897806,,,0.046975856,5.197689189,0.020099634,0.016468539,5.861617135997221,935396,PASSED,32242,666363,2273916,,11,17078,,,,,1,,1,,,,8,,,5.660304865,,,,
weakening/weaken_consequent/weaken_consequent_55_10_10.trace,weakening,atlas-b,1,TIMEOUT,,ATLAS_B,,18,3,0,11,,,,,,MIN_EXPANDED_SIZE,,,0.086669651,,,,,,,180.3373252320016,4445984,IN_PROGRESS,,,,TIMEOUT,,,,,,,,,,,,,,,,,,,,
weakening/weaken_consequent/weaken_consequent_55_10_10.trace,weakening,macro,1,SAT,,MACRO,,18,3,0,11,15,109,7,8,7,MIN_EXPANDED_SIZE,0,7,0.086009031,0.003097992,0.140080295,0.011978128,21.294328538,0.019437075,0.026328749,21.96443696999995,1719988,PASSED,101818,927162,2507631,,11,43143,6,7,0.0,0,1,,1,WEIGHTED_MAXSAT,169,109,8,1.043139454,20.251189084,21.743215092,20,20,0.001722776,0
weakening/weaken_consequent/weaken_consequent_10_40_40.trace,weakening,macro,1,SAT,,MACRO,,18,3,0,11,15,109,7,8,7,MIN_EXPANDED_SIZE,0,7,0.094822494,0.003462761,0.026650037,0.008212608,18.379875658,0.010266032,0.02903395,18.961264286997903,1738308,PASSED,103456,790394,2020727,,11,33243,6,7,0.0,0,1,,1,WEIGHTED_MAXSAT,169,109,8,1.145137229,17.234738429,18.691687258,80,80,0.001046648,0
weakening/weaken_consequent/weaken_consequent_100_10_10.trace,weakening,atlas-b,1,TIMEOUT,,ATLAS_B,,18,3,0,11,,,,,,MIN_EXPANDED_SIZE,,,0.085282263,,,,,,,180.33178534000035,4436784,IN_PROGRESS,,,,TIMEOUT,,,,,,,,,,,,,,,,,,,,
weakening/weaken_consequent/weaken_consequent_100_10_10.trace,weakening,macro,1,SAT,,MACRO,,18,3,0,11,15,109,7,8,7,MIN_EXPANDED_SIZE,0,7,0.088686077,0.002441184,0.308274871,0.009923939,29.113435912,0.008946855,0.026230306,29.993868186997133,2399016,PASSED,114584,1552670,4177139,,11,72843,6,7,0.0,0,1,,1,WEIGHTED_MAXSAT,169,109,8,1.664647698,27.448788214,29.757329937,20,20,0.001017927,0
weakening/weaken_consequent/weaken_consequent_10_45_45.trace,weakening,atlas-b,1,SAT,,ATLAS_B,,18,3,0,11,,,,,7,MIN_EXPANDED_SIZE,0,7,0.083269447,,,0.036417143,5.706030039,0.018389861,0.01755216,6.33151445600015,1013396,PASSED,35902,748433,2555066,,11,19178,,,,,1,,1,,,,8,,,6.15095861,,,,
weakening/weaken_consequent/weaken_consequent_95_10_10.trace,weakening,atlas-b,1,TIMEOUT,,ATLAS_B,,18,3,0,11,,,,,,MIN_EXPANDED_SIZE,,,0.088961239,,,,,,,180.27846299000157,4445804,IN_PROGRESS,,,,TIMEOUT,,,,,,,,,,,,,,,,,,,,
weakening/weaken_consequent/weaken_consequent_10_45_45.trace,weakening,macro,1,SAT,,MACRO,,18,3,0,11,15,109,7,8,7,MIN_EXPANDED_SIZE,0,7,0.077262155,0.014192111,0.03028432,0.009274212,28.76725793,0.00918605,0.025355591,29.349039225002343,1622156,PASSED,106081,871860,2217945,,11,36543,6,7,0.0,0,1,,1,WEIGHTED_MAXSAT,169,109,8,1.121126441,27.646131489,29.095979694,90,90,0.000997576,0
weakening/weaken_consequent/weaken_consequent_95_10_10.trace,weakening,macro,1,SAT,,MACRO,,18,3,0,11,15,109,7,8,7,MIN_EXPANDED_SIZE,0,7,0.075684914,0.0042183,0.308011953,0.010851273,31.737748869,0.009335484,0.024517293,32.63042926200069,2518392,PASSED,112804,1483170,3991639,,11,69543,6,7,0.0,0,1,,1,WEIGHTED_MAXSAT,169,109,8,1.257887531,30.479861338,32.362165885,20,20,0.001330365,0
weakening/weaken_consequent/weaken_consequent_10_100_100.trace,weakening,atlas-b,1,SAT,,ATLAS_B,,18,3,0,11,,,,,7,MIN_EXPANDED_SIZE,0,7,0.087213884,,,0.053013808,14.792978022,0.025732594,0.020727152,15.552829324002232,2264680,PASSED,76162,1651203,5647716,,11,42278,,,,,1,,1,,,,8,,,15.267697486,,,,
weakening/weaken_consequent/weaken_consequent_10_100_100.trace,weakening,macro,1,SAT,,MACRO,,18,3,0,11,15,109,7,8,7,MIN_EXPANDED_SIZE,0,7,0.071721358,0.004205051,0.032401829,0.014068459,33.157259213,0.013137525,0.041197218,33.85401959199953,2680568,PASSED,133891,1768226,4386863,,11,72843,6,7,0.0,0,1,,1,WEIGHTED_MAXSAT,169,109,8,1.863119438,31.294139775,33.603032868,200,200,0.001029117,0
weakening/weaken_consequent/weaken_consequent_10_15_15.trace,weakening,atlas-b,1,SAT,,ATLAS_B,,18,3,0,11,,,,,7,MIN_EXPANDED_SIZE,0,7,0.074282095,,,0.034950955,2.529793929,0.017737464,0.015825834,3.1147086390010372,399216,PASSED,13942,256013,868166,,11,6578,,,,,1,,1,,,,8,,,2.936798639,,,,
weakening/weaken_consequent/weaken_consequent_10_35_35.trace,weakening,atlas-b,1,SAT,,ATLAS_B,,18,3,0,11,,,,,7,MIN_EXPANDED_SIZE,0,7,0.071975174,,,0.049519427,4.974049738,0.017629781,0.015710322,5.600152306997188,885448,PASSED,28582,584293,1992766,,11,14978,,,,,1,,1,,,,8,,,5.417586195,,,,
weakening/weaken_consequent/weaken_consequent_10_35_35.trace,weakening,macro,1,SAT,,MACRO,,18,3,0,11,15,109,7,8,7,MIN_EXPANDED_SIZE,0,7,0.072842978,0.004249351,0.035196371,0.01678266,17.893678434,0.008768489,0.017998432,18.44727981399774,1547812,PASSED,103289,705437,1814506,,11,29778,6,7,0.0,0,1,,1,WEIGHTED_MAXSAT,169,109,8,1.110212438,16.783465996,18.197971145,70,70,0.001012707,0
weakening/weaken_consequent/weaken_consequent_10_15_15.trace,weakening,macro,1,SAT,,MACRO,,18,3,0,11,15,109,7,8,7,MIN_EXPANDED_SIZE,0,7,0.088684363,0.002399393,0.038284362,0.007018054,14.15257062,0.010453464,0.012928189,14.60671516399816,1187116,PASSED,91227,383072,1035149,,11,16743,6,7,0.0,0,1,,1,WEIGHTED_MAXSAT,169,109,8,0.993794099,13.158776521,14.423807654,30,30,0.000977756,0
weakening/weaken_consequent/weaken_consequent_65_10_10.trace,weakening,atlas-b,1,TIMEOUT,,ATLAS_B,,18,3,0,11,,,,,,MIN_EXPANDED_SIZE,,,0.090446199,,,,,,,180.35754821199953,4451668,IN_PROGRESS,,,,TIMEOUT,,,,,,,,,,,,,,,,,,,,
weakening/weaken_consequent/weaken_consequent_65_10_10.trace,weakening,macro,1,SAT,,MACRO,,18,3,0,11,15,109,7,8,7,MIN_EXPANDED_SIZE,0,7,0.077539363,0.002525746,0.161933637,0.008820982,21.601077569,0.00919788,0.036803551,23.675560509000206,1749340,PASSED,104531,1066130,2878599,,11,49743,6,7,0.0,0,1,,1,WEIGHTED_MAXSAT,169,109,8,1.152132676,20.448944893,23.435235992,20,20,0.001115109,0
weakening/weaken_consequent/weaken_consequent_10_85_85.trace,weakening,atlas-b,1,SAT,,ATLAS_B,,18,3,0,11,,,,,7,MIN_EXPANDED_SIZE,0,7,0.081638427,,,0.055734037,12.285446438,0.036860614,0.024454783,12.96982724999907,1916236,PASSED,65182,1404993,4804266,,11,35978,,,,,1,,1,,,,8,,,12.779330526,,,,
weakening/weaken_consequent/weaken_consequent_5_10_10.trace,weakening,atlas-b,1,SAT,,ATLAS_B,,18,3,0,11,,,,,7,MIN_EXPANDED_SIZE,0,7,0.07780442,,,0.029202122,1.052806076,0.019363125,0.019830387,1.6651200119995337,222172,PASSED,7517,52543,158216,,11,1878,,,,,1,,1,,,,8,,,1.46669436,,,,
weakening/weaken_consequent/weaken_consequent_10_85_85.trace,weakening,macro,1,SAT,,MACRO,,18,3,0,11,15,109,7,8,7,MIN_EXPANDED_SIZE,0,7,0.080784585,0.003018445,0.027990952,0.012648807,32.561464351,0.010861823,0.03793805,33.28207044100054,2519092,PASSED,126072,1523804,3795473,,11,62943,6,7,0.0,0,1,,1,WEIGHTED_MAXSAT,169,109,8,1.706054969,30.855409382,33.016004543,170,170,0.001104478,0
weakening/weaken_consequent/weaken_consequent_5_10_10.trace,weakening,macro,1,SAT,,MACRO,,18,3,0,11,15,109,7,8,7,MIN_EXPANDED_SIZE,0,7,0.082368314,0.002642046,0.02235728,0.006334769,11.915717237,0.010009483,0.017647004,12.356426943002589,816112,PASSED,87561,231786,652159,,11,10143,6,7,0.0,0,1,,1,WEIGHTED_MAXSAT,169,109,8,0.860433485,11.055283752,12.177122643,20,20,0.001074777,0
weakening/weaken_consequent/weaken_consequent_20_10_10.trace,weakening,atlas-b,1,SAT,,ATLAS_B,,18,3,0,11,,,,,7,MIN_EXPANDED_SIZE,0,7,0.078896003,,,0.043730449,9.56136029,0.014575073,0.015427205,10.312198651001381,1535788,PASSED,16461,1037343,3852416,,11,12678,,,,,1,,1,,,,8,,,10.134384517,,,,
weakening/weaken_consequent/weaken_consequent_20_10_10.trace,weakening,macro,1,SAT,,MACRO,,18,3,0,11,15,109,7,8,7,MIN_EXPANDED_SIZE,0,7,0.07687068,0.002358692,0.048422602,0.006192853,13.750958457,0.01026383,0.013016802,14.431103759001417,1293576,PASSED,91496,440662,1209131,,11,20043,6,7,0.0,0,1,,1,WEIGHTED_MAXSAT,169,109,8,1.00078853,12.750169927,14.024831763,20,20,0.001018947,0
weakening/weaken_consequent/weaken_consequent_35_10_10.trace,weakening,atlas-b,1,SAT,,ATLAS_B,,18,3,0,11,,,,,7,MIN_EXPANDED_SIZE,0,7,0.076671955,,,0.038377661,47.276753964,0.016421098,0.015885805,48.087307349000184,6893476,PASSED,25701,5730343,22113716,,11,32478,,,,,1,,1,,,,8,,,47.698392786,,,,
weakening/weaken_consequent/weaken_consequent_10_25_25.trace,weakening,atlas-b,1,SAT,,ATLAS_B,,18,3,0,11,,,,,7,MIN_EXPANDED_SIZE,0,7,0.081691951,,,0.056632657,3.715602202,0.03333934,0.01728736,4.337916682998184,717004,PASSED,21262,420153,1430466,,11,10778,,,,,1,,1,,,,8,,,4.17866044,,,,
weakening/weaken_consequent/weaken_consequent_10_25_25.trace,weakening,macro,1,SAT,,MACRO,,18,3,0,11,15,109,7,8,7,MIN_EXPANDED_SIZE,0,7,0.085346316,0.002427014,0.0345062,0.007164397,16.904656995,0.009542919,0.013640006,17.388805801998387,1116488,PASSED,96226,545916,1429281,,11,23343,6,7,0.0,0,1,,1,WEIGHTED_MAXSAT,169,109,8,1.107022904,15.797634091,17.17936442,50,50,0.001006576,0
weakening/weaken_consequent/weaken_consequent_35_10_10.trace,weakening,macro,1,SAT,,MACRO,,18,3,0,11,15,109,7,8,7,MIN_EXPANDED_SIZE,0,7,0.068889717,0.004463176,0.103867889,0.010489583,16.590357397,0.009865767,0.017895567,17.134542951000185,1310088,PASSED,95969,649162,1765631,,11,29943,6,7,0.0,0,1,,1,WEIGHTED_MAXSAT,169,109,8,1.023256899,15.567100498,16.944175216,20,20,0.001218251,0
weakening/weaken_consequent/weaken_consequent_10_30_30.trace,weakening,atlas-b,1,SAT,,ATLAS_B,,18,3,0,11,,,,,7,MIN_EXPANDED_SIZE,0,7,0.080240773,,,0.042344695,4.423104876,0.019878589,0.020242668,5.037716767001257,812684,PASSED,24922,502223,1711616,,11,12878,,,,,1,,1,,,,8,,,4.87912687,,,,
weakening/weaken_consequent/weaken_consequent_10_30_30.trace,weakening,macro,1,SAT,,MACRO,,18,3,0,11,15,109,7,8,7,MIN_EXPANDED_SIZE,0,7,0.077986194,0.002413213,0.028660928,0.007428794,19.425391331,0.009032286,0.014230771,19.93138154800181,1417476,PASSED,98767,627406,1626523,,11,26643,6,7,0.0,0,1,,1,WEIGHTED_MAXSAT,169,109,8,1.055663174,18.369728157,19.704202454,60,60,0.001106309,0
weakening/weaken_consequent/weaken_consequent_75_10_10.trace,weakening,atlas-b,1,TIMEOUT,,ATLAS_B,,18,3,0,11,,,,,,MIN_EXPANDED_SIZE,,,0.080448396,,,,,,,180.31782156699774,4444128,IN_PROGRESS,,,,TIMEOUT,,,,,,,,,,,,,,,,,,,,
weakening/weaken_consequent/weaken_consequent_70_10_10.trace,weakening,atlas-b,1,TIMEOUT,,ATLAS_B,,18,3,0,11,,,,,,MIN_EXPANDED_SIZE,,,0.081115495,,,,,,,180.33184978899953,4439080,IN_PROGRESS,,,,TIMEOUT,,,,,,,,,,,,,,,,,,,,
weakening/weaken_consequent/weaken_consequent_75_10_10.trace,weakening,macro,1,SAT,,MACRO,,18,3,0,11,15,109,7,8,7,MIN_EXPANDED_SIZE,0,7,0.096284913,0.003131723,0.2149239,0.013422155,25.852199582,0.009244156,0.023270027,26.629851174999203,2141464,PASSED,107599,1205170,3249639,,11,56343,6,7,0.0,0,1,,1,WEIGHTED_MAXSAT,169,109,8,1.19944295,24.652756632,26.388268288,20,20,0.001418468,0
weakening/weaken_consequent/weaken_consequent_70_10_10.trace,weakening,macro,1,SAT,,MACRO,,18,3,0,11,15,109,7,8,7,MIN_EXPANDED_SIZE,0,7,0.090734957,0.002665281,0.191703594,0.011361471,24.223010989,0.018371178,0.027082374,24.96581481999965,2079480,PASSED,105857,1135654,3064123,,11,53043,6,7,0.0,0,1,,1,WEIGHTED_MAXSAT,169,109,8,1.144610305,23.078400684,24.741955863,20,20,0.001094079,0
weakening/weaken_consequent/weaken_consequent_10_60_60.trace,weakening,atlas-b,1,SAT,,ATLAS_B,,18,3,0,11,,,,,7,MIN_EXPANDED_SIZE,0,7,0.092617836,,,0.042005781,8.721607813,0.019364563,0.017159356,9.414470356001402,1515352,PASSED,46882,994643,3398516,,11,25478,,,,,1,,1,,,,8,,,9.176863912,,,,
weakening/weaken_consequent/weaken_consequent_10_60_60.trace,weakening,macro,1,SAT,,MACRO,,18,3,0,11,15,109,7,8,7,MIN_EXPANDED_SIZE,0,7,0.085548342,0.003127261,0.026131009,0.010543314,31.375612513,0.00888429,0.035963225,32.03829590100213,2045456,PASSED,113788,1116554,2809751,,11,46443,6,7,0.0,0,1,,1,WEIGHTED_MAXSAT,169,109,8,1.471409332,29.904203181,31.780086683,120,120,0.001071648,0
weakening/weaken_consequent/weaken_consequent_10_80_80.trace,weakening,atlas-b,1,SAT,,ATLAS_B,,18,3,0,11,,,,,7,MIN_EXPANDED_SIZE,0,7,0.085295877,,,0.051378155,10.877699095,0.021608071,0.017611948,11.568750859998545,1851152,PASSED,61522,1322923,4523116,,11,33878,,,,,1,,1,,,,8,,,11.341781464,,,,
weakening/weaken_consequent/weaken_consequent_10_55_55.trace,weakening,atlas-b,1,SAT,,ATLAS_B,,18,3,0,11,,,,,7,MIN_EXPANDED_SIZE,0,7,0.082574416,,,0.044758574,7.867014459,0.020123923,0.015859952,9.302381593999598,1442840,PASSED,43222,912573,3117366,,11,23378,,,,,1,,1,,,,8,,,9.082022639,,,,
weakening/weaken_consequent/weaken_consequent_10_55_55.trace,weakening,macro,1,SAT,,MACRO,,18,3,0,11,15,109,7,8,7,MIN_EXPANDED_SIZE,0,7,0.073909318,0.003202244,0.031032604,0.018343451,22.499719136,0.011358698,0.03090126,24.37929872099994,1726128,PASSED,113148,1031365,2603010,,11,42978,6,7,0.0,0,1,,1,WEIGHTED_MAXSAT,169,109,8,1.418627584,21.081091552,24.133306031,110,110,0.000962455,0
weakening/weaken_consequent/weaken_consequent_10_80_80.trace,weakening,macro,1,SAT,,MACRO,,18,3,0,11,15,109,7,8,7,MIN_EXPANDED_SIZE,0,7,0.085868012,0.004658162,0.049747715,0.0228793,33.312472251,0.009851748,0.036877618,34.092850206998264,2479896,PASSED,126049,1438767,3588668,,11,59478,6,7,0.0,0,1,,1,WEIGHTED_MAXSAT,169,109,8,1.638137692,31.674334559,33.832239503,160,160,0.00113895,0
weakening/weaken_consequent/weaken_consequent_25_10_10.trace,weakening,atlas-b,1,SAT,,ATLAS_B,,18,3,0,11,,,,,7,MIN_EXPANDED_SIZE,0,7,0.070321105,,,0.037859383,13.958259553,0.016242784,0.015786593,14.647690861002047,2400636,PASSED,19541,1890443,7143316,,11,18278,,,,,1,,1,,,,8,,,14.3815434,,,,
weakening/weaken_consequent/weaken_consequent_25_10_10.trace,weakening,macro,1,SAT,,MACRO,,18,3,0,11,15,109,7,8,7,MIN_EXPANDED_SIZE,0,7,0.081845918,0.00232286,0.057435109,0.00687996,11.750195164,0.009968641,0.013210565,12.306705078997766,1555340,PASSED,93154,510170,1394639,,11,23343,6,7,0.0,0,1,,1,WEIGHTED_MAXSAT,169,109,8,0.930436421,10.819758743,12.03913896,20,20,0.00116534,0
weakening/weaken_consequent/weaken_consequent_10_95_95.trace,weakening,atlas-b,1,SAT,,ATLAS_B,,18,3,0,11,,,,,7,MIN_EXPANDED_SIZE,0,7,0.088120659,,,0.058116017,14.102900318,0.048038814,0.366770552,15.221252987001208,2060328,PASSED,72502,1569133,5366566,,11,40178,,,,,1,,1,,,,8,,,14.988278227,,,,
weakening/weaken_consequent/weaken_consequent_10_10_10.trace,weakening,atlas-b,1,SAT,,ATLAS_B,,18,3,0,11,,,,,7,MIN_EXPANDED_SIZE,0,7,0.073932493,,,0.029838138,1.873083424,0.014927944,0.021972161,2.411696994000522,346176,PASSED,10282,173943,587016,,11,4478,,,,,1,,1,,,,8,,,2.261633863,,,,
weakening/weaken_consequent/weaken_consequent_10_95_95.trace,weakening,macro,1,SAT,,MACRO,,18,3,0,11,15,109,7,8,7,MIN_EXPANDED_SIZE,0,7,0.096378766,0.002598855,0.029446738,0.012633147,41.87439223,0.010032464,0.037793493,42.591856613002165,2442076,PASSED,131485,1686736,4189621,,11,69543,6,7,0.0,0,1,,1,WEIGHTED_MAXSAT,169,109,8,1.714456919,40.159935311,42.323354949,190,190,0.001005725,0
weakening/weaken_consequent/weaken_consequent_10_10_10.trace,weakening,macro,1,SAT,,MACRO,,18,3,0,11,15,109,7,8,7,MIN_EXPANDED_SIZE,0,7,0.075877864,0.002456914,0.029121185,0.006533691,14.945333293,0.010002993,0.0159937,15.340122515997791,843240,PASSED,88784,301526,837995,,11,13443,6,7,0.0,0,1,,1,WEIGHTED_MAXSAT,169,109,8,0.932077274,14.013256019,15.163821034,20,20,0.000990556,0
weakening/weaken_consequent/weaken_consequent_50_10_10.trace,weakening,atlas-b,1,TIMEOUT,,ATLAS_B,,18,3,0,11,,,,,,MIN_EXPANDED_SIZE,,,0.077863626,,,,,,,180.3076199829993,4440152,IN_PROGRESS,,,,TIMEOUT,,,,,,,,,,,,,,,,,,,,
weakening/weaken_consequent/weaken_consequent_50_10_10.trace,weakening,macro,1,SAT,,MACRO,,18,3,0,11,15,109,7,8,7,MIN_EXPANDED_SIZE,0,7,0.079752999,0.002480945,0.144650348,0.008312017,19.404778503,0.009089548,0.018760591,20.36887817400202,1623440,PASSED,100216,857638,2322107,,11,39843,6,7,0.0,0,1,,1,WEIGHTED_MAXSAT,169,109,8,1.151667104,18.253111399,19.815768367,20,20,0.001101069,0
weakening/weaken_consequent/weaken_consequent_60_10_10.trace,weakening,atlas-b,1,TIMEOUT,,ATLAS_B,,18,3,0,11,,,,,,MIN_EXPANDED_SIZE,,,0.078492556,,,,,,,180.3355646209966,4429144,IN_PROGRESS,,,,TIMEOUT,,,,,,,,,,,,,,,,,,,,
weakening/weaken_consequent/weaken_consequent_30_10_10.trace,weakening,atlas-b,1,SAT,,ATLAS_B,,18,3,0,11,,,,,7,MIN_EXPANDED_SIZE,0,7,0.080023819,,,0.039363733,22.170127489,0.022792178,0.020723483,22.940960690000793,4085172,PASSED,22621,3132043,11967716,,11,24878,,,,,1,,1,,,,8,,,22.600492972,,,,
weakening/weaken_consequent/weaken_consequent_30_10_10.trace,weakening,macro,1,SAT,,MACRO,,18,3,0,11,15,109,7,8,7,MIN_EXPANDED_SIZE,0,7,0.083904331,0.002418164,0.081270002,0.00686511,13.904807087,0.009693725,0.03050126,14.485693530998105,1127056,PASSED,94805,579654,1580123,,11,26643,6,7,0.0,0,1,,1,WEIGHTED_MAXSAT,169,109,8,0.902209472,13.002597615,14.260232928,20,20,0.000988646,0
weakening/weaken_consequent/weaken_consequent_60_10_10.trace,weakening,macro,1,SAT,,MACRO,,18,3,0,11,15,109,7,8,7,MIN_EXPANDED_SIZE,0,7,0.087759882,0.002503175,0.162615744,0.008389911,22.507957142,0.009061307,0.019634325,23.208218838000903,1976280,PASSED,102971,996670,2693139,,11,46443,6,7,0.0,0,1,,1,WEIGHTED_MAXSAT,169,109,8,1.115187387,21.392769755,22.952238764,20,20,0.001113819,0
weakening/weaken_consequent/weaken_consequent_10_70_70.trace,weakening,atlas-b,1,SAT,,ATLAS_B,,18,3,0,11,,,,,7,MIN_EXPANDED_SIZE,0,7,0.075960844,,,0.064593139,10.520122334,0.043841109,0.017471828,11.506376061999617,1683540,PASSED,54202,1158783,3960816,,11,29678,,,,,1,,1,,,,8,,,11.317744454,,,,
weakening/weaken_consequent/weaken_consequent_10_20_20.trace,weakening,atlas-b,1,SAT,,ATLAS_B,,18,3,0,11,,,,,7,MIN_EXPANDED_SIZE,0,7,0.084323554,,,0.033250183,3.228456314,0.023586671,0.019532829,3.830651027001295,652016,PASSED,17602,338083,1149316,,11,8678,,,,,1,,1,,,,8,,,3.659574179,,,,
weakening/weaken_consequent/weaken_consequent_10_70_70.trace,weakening,macro,1,SAT,,MACRO,,18,3,0,11,15,109,7,8,7,MIN_EXPANDED_SIZE,0,7,0.080428056,0.004305328,0.046049754,0.016109543,36.401602351,0.010229729,0.037789273,37.07797508499789,2176636,PASSED,118127,1279198,3203683,,11,53043,6,7,0.0,0,1,,1,WEIGHTED_MAXSAT,169,109,8,1.450415242,34.951187109,36.85242872,140,140,0.001031016,0
weakening/weaken_consequent/weaken_consequent_10_20_20.trace,weakening,macro,1,SAT,,MACRO,,18,3,0,11,15,109,7,8,7,MIN_EXPANDED_SIZE,0,7,0.082059966,0.002193478,0.031249831,0.007629331,16.268173545,0.945101646,0.018769403,19.116371871998126,1533492,PASSED,93513,464554,1232383,,11,20043,6,7,0.0,0,1,,1,WEIGHTED_MAXSAT,169,109,8,0.988316942,15.279856603,18.87126856,40,40,0.001179641,0
weakening/weaken_consequent/weaken_consequent_10_65_65.trace,weakening,atlas-b,1,SAT,,ATLAS_B,,18,3,0,11,,,,,7,MIN_EXPANDED_SIZE,0,7,0.079018217,,,0.052571911,9.380557568,0.021483625,0.016809262,9.997467459998006,1552868,PASSED,50542,1076713,3679666,,11,27578,,,,,1,,1,,,,8,,,9.82585885,,,,
weakening/weaken_consequent/weaken_consequent_10_65_65.trace,weakening,macro,1,SAT,,MACRO,,18,3,0,11,15,109,7,8,7,MIN_EXPANDED_SIZE,0,7,0.088202469,0.003108481,0.043202055,0.012367275,35.550655836,0.009419286,0.019363305,36.19429108899931,2110608,PASSED,115918,1197972,3006849,,11,49743,6,7,0.0,0,1,,1,WEIGHTED_MAXSAT,169,109,8,1.422871721,34.127784115,35.908032485,130,130,0.001070988,0
weakening/weaken_consequent/weaken_consequent_90_10_10.trace,weakening,atlas-b,1,TIMEOUT,,ATLAS_B,,18,3,0,11,,,,,,MIN_EXPANDED_SIZE,,,0.080937411,,,,,,,180.32280593999894,4443520,IN_PROGRESS,,,,TIMEOUT,,,,,,,,,,,,,,,,,,,,
weakening/weaken_consequent/weaken_consequent_10_5_5.trace,weakening,atlas-b,1,SAT,,ATLAS_B,,18,3,0,11,,,,,7,MIN_EXPANDED_SIZE,0,7,0.077029917,,,0.043749947,1.423776871,0.030983371,0.025143689,2.0077438359985535,276344,PASSED,6632,91873,305866,,11,2378,,,,,1,,1,,,,8,,,1.868710044,,,,
weakening/weaken_consequent/weaken_consequent_10_5_5.trace,weakening,macro,1,SAT,,MACRO,,18,3,0,11,15,109,7,8,7,MIN_EXPANDED_SIZE,0,7,0.082424399,0.002817814,0.031763162,0.006334186,12.234197544,0.010126165,0.017319604,12.66125294900121,845696,PASSED,86213,220108,640897,,11,10143,6,7,0.0,0,1,,1,WEIGHTED_MAXSAT,169,109,8,0.844049797,11.390147747,12.468623003,10,10,0.001023216,0
weakening/weaken_consequent/weaken_consequent_90_10_10.trace,weakening,macro,1,SAT,,MACRO,,18,3,0,11,15,109,7,8,7,MIN_EXPANDED_SIZE,0,7,0.079107302,0.002706901,0.238260441,0.010772222,26.521224326,0.009603582,0.029530723,27.313279420999606,1997804,PASSED,110894,1413638,3806107,,11,66243,6,7,0.0,0,1,,1,WEIGHTED_MAXSAT,169,109,8,1.480773604,25.040450722,27.104684157,20,20,0.001410347,0
weakening/weaken_consequent/weaken_consequent_10_50_50.trace,weakening,atlas-b,1,SAT,,ATLAS_B,,18,3,0,11,,,,,7,MIN_EXPANDED_SIZE,0,7,0.07941071,,,0.038428973,7.388327242,0.020807131,0.019973131,8.028488315998402,1364956,PASSED,39562,830503,2836216,,11,21278,,,,,1,,1,,,,8,,,7.82675021,,,,
weakening/weaken_consequent/weaken_consequent_85_10_10.trace,weakening,atlas-b,1,TIMEOUT,,ATLAS_B,,18,3,0,11,,,,,,MIN_EXPANDED_SIZE,,,0.091305089,,,,,,,180.30281442399792,4444216,IN_PROGRESS,,,,TIMEOUT,,,,,,,,,,,,,,,,,,,,
weakening/weaken_consequent/weaken_consequent_10_50_50.trace,weakening,macro,1,SAT,,MACRO,,18,3,0,11,15,109,7,8,7,MIN_EXPANDED_SIZE,0,7,0.076792833,0.002450204,0.024590012,0.008755389,24.84158287,0.009891848,0.038502184,25.405182069000148,1936756,PASSED,108519,953358,2415123,,11,39843,6,7,0.0,0,1,,1,WEIGHTED_MAXSAT,169,109,8,1.253080104,23.588502766,25.172425498,100,100,0.001051468,0
weakening/weaken_consequent/weaken_consequent_85_10_10.trace,weakening,macro,1,SAT,,MACRO,,18,3,0,11,15,109,7,8,7,MIN_EXPANDED_SIZE,0,7,0.081090506,0.002726861,0.243171373,0.008824611,27.496258224,0.009295904,0.022378226,28.335403971999767,2449868,PASSED,110383,1344162,3620631,,11,62943,6,7,0.0,0,1,,1,WEIGHTED_MAXSAT,169,109,8,1.294052692,26.202205532,28.062462095,20,20,0.001463428,0
weakening/weaken_consequent/weaken_consequent_10_90_90.trace,weakening,atlas-b,1,SAT,,ATLAS_B,,18,3,0,11,,,,,7,MIN_EXPANDED_SIZE,0,7,0.086634239,,,0.062864676,12.50054385,0.023794453,0.021279107,13.243258322996553,1980336,PASSED,68842,1487063,5085416,,11,38078,,,,,1,,1,,,,8,,,13.015382765,,,,
weakening/weaken_consequent/weaken_consequent_10_90_90.trace,weakening,macro,1,SAT,,MACRO,,18,3,0,11,15,109,7,8,7,MIN_EXPANDED_SIZE,0,7,0.096838107,0.003175883,0.032370468,0.019588253,39.830140266,0.009998552,0.034954075,40.642023761996825,2532744,PASSED,128528,1605262,3992539,,11,66243,6,7,0.0,0,1,,1,WEIGHTED_MAXSAT,169,109,8,1.728258646,38.10188162,40.348035451,180,180,0.001023037,0
weakening/weaken_consequent/weaken_consequent_45_10_10.trace,weakening,atlas-b,1,TIMEOUT,,ATLAS_B,,18,3,0,11,,,,,,MIN_EXPANDED_SIZE,,,0.099270639,,,,,,,180.3267761060015,4434952,IN_PROGRESS,,,,TIMEOUT,,,,,,,,,,,,,,,,,,,,
weakening/weaken_consequent/weaken_consequent_80_10_10.trace,weakening,atlas-b,1,TIMEOUT,,ATLAS_B,,18,3,0,11,,,,,,MIN_EXPANDED_SIZE,,,0.088492591,,,,,,,180.38913865599898,4453928,IN_PROGRESS,,,,TIMEOUT,,,,,,,,,,,,,,,,,,,,
weakening/weaken_consequent/weaken_consequent_80_10_10.trace,weakening,macro,1,SAT,,MACRO,,18,3,0,11,15,109,7,8,7,MIN_EXPANDED_SIZE,0,7,0.098742887,0.006527441,0.218531175,0.006914311,18.791339033,0.009905951,0.027584338,21.179419317002612,1896832,PASSED,108476,1274662,3435131,,11,59643,6,7,0.0,0,1,,1,WEIGHTED_MAXSAT,169,109,8,1.487084379,17.304254654,20.916406024,20,20,0.000975605,0
weakening/weaken_consequent/weaken_consequent_45_10_10.trace,weakening,macro,1,SAT,,MACRO,,18,3,0,11,15,109,7,8,7,MIN_EXPANDED_SIZE,0,7,0.08110868,0.003503393,0.109174271,0.01021893,14.284555164,0.009290285,0.015330295,14.875297883001622,1767428,PASSED,98361,788090,2136559,,11,36543,6,7,0.0,0,1,,1,WEIGHTED_MAXSAT,169,109,8,0.999977606,13.284577558,14.659717725,20,20,0.001482639,0
