batch,task,B,b,objectiveKind,category,atlasBStatus,macroStatus,atlasBObjectivePrimary,atlasBObjectiveSecondary,macroObjectivePrimary,macroObjectiveSecondary,atlasBWallSec,macroWallSec,atlasBVerification,macroVerification
b2,5to10Traces/0000.trace,5,2,MIN_EXPANDED_SIZE,both,SAT,SAT,0,3,0,3,1.3727129569997487,2.01962475099981,PASSED,PASSED
b2,5to10Traces/0002.trace,5,2,MIN_EXPANDED_SIZE,both,SAT,SAT,0,3,0,3,2.681924471000457,4.9471814619998895,PASSED,PASSED
b2,5to10Traces/0003.trace,5,2,MIN_EXPANDED_SIZE,both,SAT,SAT,0,3,0,3,4.130317978000676,4.533624872000473,PASSED,PASSED
b2,5to10Traces/0004.trace,5,2,MIN_EXPANDED_SIZE,both,SAT,SAT,0,3,0,3,4.515630896000403,8.081105343000218,PASSED,PASSED
b2,5to10Traces/0005.trace,5,2,MIN_EXPANDED_SIZE,both,SAT,SAT,0,3,0,3,6.6359818910000286,10.412136991000125,PASSED,PASSED
b2,5to10Traces/0006.trace,5,2,MIN_EXPANDED_SIZE,both,SAT,SAT,0,3,0,3,5.670750630000839,10.76428891500018,PASSED,PASSED
b2,5to10Traces/0007.trace,5,2,MIN_EXPANDED_SIZE,both,SAT,SAT,0,3,0,3,10.914950995999789,10.661449472000186,PASSED,PASSED
b2,5to10Traces/0008.trace,5,2,MIN_EXPANDED_SIZE,both,SAT,SAT,0,3,0,3,7.987452383000345,17.782749059999333,PASSED,PASSED
b2,5to10Traces/0009.trace,5,2,MIN_EXPANDED_SIZE,both,SAT,SAT,0,3,0,3,12.560354598999993,16.636009619000106,PASSED,PASSED
b2,5to10Traces/0010.trace,5,2,MIN_EXPANDED_SIZE,both,SAT,SAT,0,3,0,3,10.823322652999991,18.472751777999974,PASSED,PASSED
b2,5to10Traces/0011.trace,5,2,MIN_EXPANDED_SIZE,both,SAT,SAT,0,3,0,3,22.443718737999916,13.36316738000005,PASSED,PASSED
b2,5to10Traces/0012.trace,5,2,MIN_EXPANDED_SIZE,both,SAT,SAT,0,3,0,3,10.035336608000762,20.086835930999996,PASSED,PASSED
b2,5to10Traces/0013.trace,5,2,MIN_EXPANDED_SIZE,both,SAT,SAT,0,3,0,3,20.77529031299855,19.623934948998794,PASSED,PASSED
b2,5to10Traces/0014.trace,5,2,MIN_EXPANDED_SIZE,both,SAT,SAT,0,3,0,3,13.081229458999587,16.707587052000235,PASSED,PASSED
b2,5to10Traces/0015.trace,5,2,MIN_EXPANDED_SIZE,both,SAT,SAT,0,3,0,3,24.196251706999647,28.15070994600137,PASSED,PASSED
b2,5to10Traces/0016.trace,5,2,MIN_EXPANDED_SIZE,both,SAT,SAT,0,3,0,3,17.120992011,20.123747234999428,PASSED,PASSED
b2,5to10Traces/0017.trace,5,2,MIN_EXPANDED_SIZE,both,SAT,SAT,0,3,0,3,28.869363826999916,23.751465603999918,PASSED,PASSED
b2,5to10Traces/0018.trace,5,2,MIN_EXPANDED_SIZE,both,SAT,SAT,0,3,0,3,19.76913699099896,28.809953281999697,PASSED,PASSED
b2,5to10Traces/0019.trace,5,2,MIN_EXPANDED_SIZE,both,SAT,SAT,0,3,0,3,33.39325099400048,24.430970430999878,PASSED,PASSED
b2,5to10Traces/0020.trace,5,2,MIN_EXPANDED_SIZE,both,SAT,SAT,0,3,0,3,17.90925212600007,35.82780501800005,PASSED,PASSED
b2,5to10Traces/0021.trace,5,2,MIN_EXPANDED_SIZE,both,SAT,SAT,0,3,0,3,37.7047411679996,40.11937716099965,PASSED,PASSED
b2,5to10Traces/0022.trace,10,2,MIN_EXPANDED_SIZE,both,SAT,SAT,0,3,0,3,1.7231571869997424,3.2575171730004513,PASSED,PASSED
b2,5to10Traces/0023.trace,10,2,MIN_EXPANDED_SIZE,both,SAT,SAT,0,5,0,5,17.95575235599972,6.9591881619999185,PASSED,PASSED
b2,5to10Traces/0024.trace,10,2,MIN_EXPANDED_SIZE,neither,TIMEOUT,TIMEOUT,,,,,180.09462376699958,180.06350541499978,IN_PROGRESS,IN_PROGRESS
b2,5to10Traces/0025.trace,10,2,MIN_EXPANDED_SIZE,neither,TIMEOUT,TIMEOUT,,,,,180.13866602999997,180.16497409600015,IN_PROGRESS,IN_PROGRESS
b2,5to10Traces/0026.trace,10,2,MIN_EXPANDED_SIZE,neither,TIMEOUT,TIMEOUT,,,,,180.1105673940001,180.16771608700037,IN_PROGRESS,IN_PROGRESS
b2,5to10Traces/0027.trace,10,2,MIN_EXPANDED_SIZE,neither,TIMEOUT,TIMEOUT,,,,,180.25112239400005,180.22367661099997,IN_PROGRESS,IN_PROGRESS
b2,5to10Traces/0028.trace,10,2,MIN_EXPANDED_SIZE,neither,TIMEOUT,TIMEOUT,,,,,180.1657151899999,180.13169388000006,IN_PROGRESS,IN_PROGRESS
b2,5to10Traces/0029.trace,10,2,MIN_EXPANDED_SIZE,neither,TIMEOUT,TIMEOUT,,,,,180.40257828500035,180.28053759900104,IN_PROGRESS,IN_PROGRESS
b2,5to10Traces/0030.trace,10,2,MIN_EXPANDED_SIZE,neither,TIMEOUT,TIMEOUT,,,,,180.16811998199955,180.2267212530005,IN_PROGRESS,IN_PROGRESS
b2,5to10Traces/0031.trace,10,2,MIN_EXPANDED_SIZE,neither,TIMEOUT,TIMEOUT,,,,,180.38295318999917,180.31607652899947,IN_PROGRESS,IN_PROGRESS
b2,5to10Traces/0032.trace,10,2,MIN_EXPANDED_SIZE,neither,TIMEOUT,TIMEOUT,,,,,180.174753487001,180.2186060189997,IN_PROGRESS,IN_PROGRESS
b2,5to10Traces/0033.trace,10,2,MIN_EXPANDED_SIZE,neither,TIMEOUT,TIMEOUT,,,,,180.4347068689999,180.44210334000127,IN_PROGRESS,IN_PROGRESS
b2,5to10Traces/0034.trace,10,2,MIN_EXPANDED_SIZE,neither,TIMEOUT,TIMEOUT,,,,,180.1969066540005,180.2574698239987,IN_PROGRESS,IN_PROGRESS
b2,5to10Traces/0035.trace,10,2,MIN_EXPANDED_SIZE,neither,TIMEOUT,TIMEOUT,,,,,180.43664863100093,180.30757711500019,IN_PROGRESS,IN_PROGRESS
b2,5to10Traces/0036.trace,10,2,MIN_EXPANDED_SIZE,neither,TIMEOUT,TIMEOUT,,,,,180.22672139899987,180.20730142899993,IN_PROGRESS,IN_PROGRESS
b2,5to10Traces/0037.trace,10,2,MIN_EXPANDED_SIZE,neither,TIMEOUT,TIMEOUT,,,,,180.3771681019998,180.33879543800003,IN_PROGRESS,IN_PROGRESS
b2,5to10Traces/0038.trace,10,2,MIN_EXPANDED_SIZE,neither,TIMEOUT,TIMEOUT,,,,,180.25630393499978,180.2423243910016,IN_PROGRESS,IN_PROGRESS
b2,5to10Traces/0039.trace,10,2,MIN_EXPANDED_SIZE,neither,TIMEOUT,TIMEOUT,,,,,180.35227841899996,180.39278693599954,IN_PROGRESS,IN_PROGRESS
b2,5to10Traces/0040.trace,10,2,MIN_EXPANDED_SIZE,neither,TIMEOUT,TIMEOUT,,,,,180.31616292099898,180.31076510600042,IN_PROGRESS,IN_PROGRESS
b2,5to10Traces/0041.trace,10,2,MIN_EXPANDED_SIZE,neither,TIMEOUT,TIMEOUT,,,,,180.27322184500008,180.55730849800057,IN_PROGRESS,IN_PROGRESS
b2,5to10Traces/0042.trace,10,2,MIN_EXPANDED_SIZE,neither,TIMEOUT,TIMEOUT,,,,,180.2941398440007,180.30428219999976,IN_PROGRESS,IN_PROGRESS
b2,5to10Traces/0043.trace,10,2,MIN_EXPANDED_SIZE,neither,TIMEOUT,TIMEOUT,,,,,180.34128805,180.6013669240001,IN_PROGRESS,IN_PROGRESS
b2,5to10Traces/0044.trace,18,2,MIN_EXPANDED_SIZE,both,SAT,SAT,0,5,0,5,1.878731410999535,4.718314739000107,PASSED,PASSED
b2,5to10Traces/0045.trace,18,2,MIN_EXPANDED_SIZE,both,SAT,SAT,0,5,0,5,2.614602012999967,4.528202383000462,PASSED,PASSED
b2,5to10Traces/0046.trace,18,2,MIN_EXPANDED_SIZE,both,SAT,SAT,0,6,0,6,171.8841874109985,19.397464044000117,PASSED,PASSED
b2,5to10Traces/0047.trace,18,2,MIN_EXPANDED_SIZE,both,SAT,SAT,0,6,0,6,54.131524105999915,30.09781281800042,PASSED,PASSED
b2,5to10Traces/0048.trace,18,2,MIN_EXPANDED_SIZE,both,SAT,SAT,0,6,0,6,146.14778496600047,66.52492866900002,PASSED,PASSED
b2,5to10Traces/0049.trace,18,2,MIN_EXPANDED_SIZE,both,SAT,SAT,0,6,0,6,112.33268870200004,66.11670541500098,PASSED,PASSED
b2,5to10Traces/0050.trace,18,2,MIN_EXPANDED_SIZE,macro_only,TIMEOUT,SAT,,,0,6,180.15658324000015,80.69513191800002,IN_PROGRESS,PASSED
b2,5to10Traces/0051.trace,18,2,MIN_EXPANDED_SIZE,macro_only,TIMEOUT,SAT,,,0,6,180.24438588699923,160.59481774899996,IN_PROGRESS,PASSED
b2,5to10Traces/0052.trace,18,2,MIN_EXPANDED_SIZE,macro_only,TIMEOUT,SAT,,,0,6,180.1733771069994,101.94759540199993,IN_PROGRESS,PASSED
b2,5to10Traces/0053.trace,18,2,MIN_EXPANDED_SIZE,neither,TIMEOUT,TIMEOUT,,,,,180.32882913899994,180.2247242859994,IN_PROGRESS,IN_PROGRESS
b2,5to10Traces/0054.trace,18,2,MIN_EXPANDED_SIZE,macro_only,TIMEOUT,SAT,,,0,6,180.19045383900084,138.37059616399983,IN_PROGRESS,PASSED
b2,5to10Traces/0055.trace,18,2,MIN_EXPANDED_SIZE,neither,TIMEOUT,TIMEOUT,,,,,180.3187483820002,180.2931578810003,IN_PROGRESS,IN_PROGRESS
b2,5to10Traces/0056.trace,18,2,MIN_EXPANDED_SIZE,neither,TIMEOUT,TIMEOUT,,,,,180.27425986700018,180.2408226059997,IN_PROGRESS,IN_PROGRESS
b2,5to10Traces/0057.trace,18,2,MIN_EXPANDED_SIZE,neither,TIMEOUT,TIMEOUT,,,,,180.2867300050002,180.24763009400021,IN_PROGRESS,IN_PROGRESS
b2,5to10Traces/0058.trace,18,2,MIN_EXPANDED_SIZE,neither,TIMEOUT,TIMEOUT,,,,,180.22138904599979,180.28668728799857,IN_PROGRESS,IN_PROGRESS
b2,5to10Traces/0059.trace,18,2,MIN_EXPANDED_SIZE,neither,TIMEOUT,TIMEOUT,,,,,180.36873480400027,180.2562994789987,IN_PROGRESS,IN_PROGRESS
b2,5to10Traces/0060.trace,18,2,MIN_EXPANDED_SIZE,neither,TIMEOUT,TIMEOUT,,,,,180.30173458100035,180.30036989399923,IN_PROGRESS,IN_PROGRESS
b2,5to10Traces/0061.trace,18,2,MIN_EXPANDED_SIZE,neither,TIMEOUT,TIMEOUT,,,,,180.46781865699995,180.37977592300012,IN_PROGRESS,IN_PROGRESS
b2,5to10Traces/0062.trace,18,2,MIN_EXPANDED_SIZE,neither,TIMEOUT,TIMEOUT,,,,,180.3149293890001,180.2597190900001,IN_PROGRESS,IN_PROGRESS
b2,5to10Traces/0063.trace,18,2,MIN_EXPANDED_SIZE,neither,TIMEOUT,TIMEOUT,,,,,180.5750721689983,180.31694080599982,IN_PROGRESS,IN_PROGRESS
b2,5to10Traces/0064.trace,18,2,MIN_EXPANDED_SIZE,neither,TIMEOUT,TIMEOUT,,,,,180.30701945200053,180.27381448300002,IN_PROGRESS,IN_PROGRESS
b2,5to10Traces/0065.trace,18,2,MIN_EXPANDED_SIZE,neither,TIMEOUT,TIMEOUT,,,,,180.5250343429998,180.35552543499944,IN_PROGRESS,IN_PROGRESS
b2,5to10Traces/0066.trace,18,2,MIN_EXPANDED_SIZE,both,SAT,SAT,0,2,0,2,1.6545555960001366,1.2506315919999906,PASSED,PASSED
b2,5to10Traces/0068.trace,18,2,MIN_EXPANDED_SIZE,macro_only,TIMEOUT,SAT,,,0,7,180.08142386100008,53.55928005800024,IN_PROGRESS,PASSED
b2,5to10Traces/0069.trace,18,2,MIN_EXPANDED_SIZE,both,SAT,SAT,0,2,0,2,6.490260601000045,1.8504339350000691,PASSED,PASSED
b2,5to10Traces/0070.trace,18,2,MIN_EXPANDED_SIZE,macro_only,TIMEOUT,SAT,,,0,7,180.11717449000025,117.24768112600032,IN_PROGRESS,PASSED
b2,5to10Traces/0071.trace,18,2,MIN_EXPANDED_SIZE,both,SAT,SAT,0,5,0,5,81.19796074199985,35.976796984999964,PASSED,PASSED
b2,5to10Traces/0072.trace,18,2,MIN_EXPANDED_SIZE,neither,TIMEOUT,TIMEOUT,,,0,7,180.1350613069999,180.08732566599974,IN_PROGRESS,PASSED
b2,5to10Traces/0073.trace,18,2,MIN_EXPANDED_SIZE,both,SAT,SAT,0,5,0,5,106.26332112799992,88.3137777070001,PASSED,PASSED
b2,5to10Traces/0074.trace,18,2,MIN_EXPANDED_SIZE,neither,TIMEOUT,TIMEOUT,,,,,180.18140305999987,180.19580395899993,IN_PROGRESS,IN_PROGRESS
b2,5to10Traces/0075.trace,18,2,MIN_EXPANDED_SIZE,both,SAT,SAT,0,5,0,5,67.80401813599929,111.57244979900133,PASSED,PASSED
b2,5to10Traces/0076.trace,18,2,MIN_EXPANDED_SIZE,neither,TIMEOUT,TIMEOUT,,,,,180.23439923200021,180.22833939299971,IN_PROGRESS,IN_PROGRESS
b2,5to10Traces/0077.trace,18,2,MIN_EXPANDED_SIZE,macro_only,TIMEOUT,SAT,,,0,5,180.29908704299987,170.30190697500075,IN_PROGRESS,PASSED
b2,5to10Traces/0078.trace,18,2,MIN_EXPANDED_SIZE,neither,TIMEOUT,TIMEOUT,,,,,180.25830147800116,180.219513494,IN_PROGRESS,IN_PROGRESS
b2,5to10Traces/0079.trace,18,2,MIN_EXPANDED_SIZE,neither,TIMEOUT,TIMEOUT,,,,,180.3816780800007,180.28903073500078,IN_PROGRESS,IN_PROGRESS
b2,5to10Traces/0080.trace,18,2,MIN_EXPANDED_SIZE,neither,TIMEOUT,TIMEOUT,,,,,180.29924556200058,180.30543912400026,IN_PROGRESS,IN_PROGRESS
b2,5to10Traces/0081.trace,18,2,MIN_EXPANDED_SIZE,atlas_only,SAT,TIMEOUT,0,5,,,171.713683304999,180.3565002080004,PASSED,IN_PROGRESS
b2,5to10Traces/0082.trace,18,2,MIN_EXPANDED_SIZE,neither,TIMEOUT,TIMEOUT,,,,,180.27809523299948,180.26860892500008,IN_PROGRESS,IN_PROGRESS
b2,5to10Traces/0083.trace,18,2,MIN_EXPANDED_SIZE,neither,TIMEOUT,TIMEOUT,,,,,180.38079707700035,180.36494387699895,IN_PROGRESS,IN_PROGRESS
b2,5to10Traces/0084.trace,18,2,MIN_EXPANDED_SIZE,neither,TIMEOUT,TIMEOUT,,,,,180.29360266599906,180.26188067900148,IN_PROGRESS,IN_PROGRESS
b2,5to10Traces/0085.trace,18,2,MIN_EXPANDED_SIZE,macro_only,TIMEOUT,SAT,,,0,5,180.45334799500006,151.081310182999,IN_PROGRESS,PASSED
b2,5to10Traces/0086.trace,18,2,MIN_EXPANDED_SIZE,neither,TIMEOUT,TIMEOUT,,,,,180.28545304900013,180.33835083300073,IN_PROGRESS,IN_PROGRESS
b2,5to10Traces/0087.trace,18,2,MIN_EXPANDED_SIZE,neither,TIMEOUT,TIMEOUT,,,,,180.55027384099958,180.37871248599913,IN_PROGRESS,IN_PROGRESS
b2,5to10Traces/0088.trace,3,2,MIN_EXPANDED_SIZE,both,SAT,SAT,0,2,0,2,1.1428172060004727,1.140705945000036,PASSED,PASSED
b2,5to10Traces/0090.trace,3,2,MIN_EXPANDED_SIZE,both,SAT,SAT,0,2,0,2,2.135918590000074,1.763678195000466,PASSED,PASSED
b2,5to10Traces/0091.trace,3,2,MIN_EXPANDED_SIZE,both,SAT,SAT,0,2,0,2,3.0647630370003753,2.0097695920012484,PASSED,PASSED
b2,5to10Traces/0092.trace,3,2,MIN_EXPANDED_SIZE,both,SAT,SAT,0,2,0,2,3.0695874859998185,2.3647131670004455,PASSED,PASSED
b2,5to10Traces/0093.trace,3,2,MIN_EXPANDED_SIZE,both,SAT,SAT,0,2,0,2,4.733798696999656,2.401995338999768,PASSED,PASSED
b2,5to10Traces/0094.trace,3,2,MIN_EXPANDED_SIZE,both,SAT,SAT,0,2,0,2,3.7817514330000677,2.960348018001241,PASSED,PASSED
b2,5to10Traces/0095.trace,3,2,MIN_EXPANDED_SIZE,both,SAT,SAT,0,2,0,2,9.335372106999785,3.1797265680002056,PASSED,PASSED
b2,5to10Traces/0096.trace,3,2,MIN_EXPANDED_SIZE,both,SAT,SAT,0,2,0,2,4.504125219000343,3.609374875999947,PASSED,PASSED
b2,5to10Traces/0097.trace,3,2,MIN_EXPANDED_SIZE,both,SAT,SAT,0,2,0,2,9.566422734998923,3.570265490001475,PASSED,PASSED
b2,5to10Traces/0098.trace,3,2,MIN_EXPANDED_SIZE,both,SAT,SAT,0,2,0,2,6.208065143000113,3.768558715000836,PASSED,PASSED
b2,5to10Traces/0099.trace,3,2,MIN_EXPANDED_SIZE,both,SAT,SAT,0,2,0,2,11.661113596999712,4.266004777000489,PASSED,PASSED
b2,5to10Traces/0100.trace,3,2,MIN_EXPANDED_SIZE,both,SAT,SAT,0,2,0,2,6.808529966000151,4.119439955000416,PASSED,PASSED
b2,5to10Traces/0101.trace,3,2,MIN_EXPANDED_SIZE,both,SAT,SAT,0,2,0,2,12.438389658999768,4.766937372998655,PASSED,PASSED
b2,5to10Traces/0102.trace,3,2,MIN_EXPANDED_SIZE,both,SAT,SAT,0,2,0,2,8.810729520000677,6.428128903000015,PASSED,PASSED
b2,5to10Traces/0103.trace,3,2,MIN_EXPANDED_SIZE,both,SAT,SAT,0,2,0,2,16.90764774499985,5.366930524999589,PASSED,PASSED
b2,5to10Traces/0104.trace,3,2,MIN_EXPANDED_SIZE,both,SAT,SAT,0,2,0,2,9.707048043999748,4.828492632999996,PASSED,PASSED
b2,5to10Traces/0105.trace,3,2,MIN_EXPANDED_SIZE,both,SAT,SAT,0,2,0,2,16.519396342999244,5.200390908001282,PASSED,PASSED
b2,5to10Traces/0106.trace,3,2,MIN_EXPANDED_SIZE,both,SAT,SAT,0,2,0,2,10.254189063000013,5.3251882450003905,PASSED,PASSED
b2,5to10Traces/0107.trace,3,2,MIN_EXPANDED_SIZE,both,SAT,SAT,0,2,0,2,20.72822625500021,5.442185600999437,PASSED,PASSED
b2,5to10Traces/0108.trace,3,2,MIN_EXPANDED_SIZE,both,SAT,SAT,0,2,0,2,10.828915084999608,5.569829545000175,PASSED,PASSED
b2,5to10Traces/0109.trace,3,2,MIN_EXPANDED_SIZE,both,SAT,SAT,0,2,0,2,23.372286902999804,7.111776201000794,PASSED,PASSED
b2,5to10Traces/0110.trace,67,2,MIN_EXPANDED_SIZE,both,SAT,SAT,0,2,0,2,1.7049760659997446,1.1354238660005649,PASSED,PASSED
b2,5to10Traces/0112.trace,67,2,MIN_EXPANDED_SIZE,both,SAT,SAT,0,2,0,2,3.8069317689987656,2.080859159001193,PASSED,PASSED
b2,5to10Traces/0114.trace,67,2,MIN_EXPANDED_SIZE,neither,TIMEOUT,TIMEOUT,,,,,180.12923738100017,180.14163433700014,IN_PROGRESS,IN_PROGRESS
b2,5to10Traces/0116.trace,67,2,MIN_EXPANDED_SIZE,neither,TIMEOUT,TIMEOUT,,,,,180.15287411200006,180.13897709499997,IN_PROGRESS,IN_PROGRESS
b2,5to10Traces/0117.trace,67,2,MIN_EXPANDED_SIZE,macro_only,TIMEOUT,SAT,,,0,4,180.21010490699882,42.27589666200015,IN_PROGRESS,PASSED
b2,5to10Traces/0118.trace,67,2,MIN_EXPANDED_SIZE,neither,TIMEOUT,TIMEOUT,,,,,180.1413509949998,180.15703423600007,IN_PROGRESS,IN_PROGRESS
b2,5to10Traces/0119.trace,67,2,MIN_EXPANDED_SIZE,both,SAT,SAT,0,2,0,2,21.343372348999765,3.6436876200004917,PASSED,PASSED
b2,5to10Traces/0120.trace,67,2,MIN_EXPANDED_SIZE,both,SAT,SAT,0,2,0,2,12.88123758799884,4.128732900000614,PASSED,PASSED
b2,5to10Traces/0121.trace,67,2,MIN_EXPANDED_SIZE,both,SAT,SAT,0,2,0,2,32.14558755300095,4.606575863999751,PASSED,PASSED
b2,5to10Traces/0122.trace,67,2,MIN_EXPANDED_SIZE,neither,TIMEOUT,TIMEOUT,,,,,180.1765166210007,180.2351314080006,IN_PROGRESS,IN_PROGRESS
b2,5to10Traces/0124.trace,67,2,MIN_EXPANDED_SIZE,neither,TIMEOUT,TIMEOUT,,,,,180.19189928700007,180.2164103260002,IN_PROGRESS,IN_PROGRESS
b2,5to10Traces/0125.trace,67,2,MIN_EXPANDED_SIZE,both,SAT,SAT,0,2,0,2,44.88109988399992,5.556245570000101,PASSED,PASSED
b2,5to10Traces/0126.trace,67,2,MIN_EXPANDED_SIZE,neither,TIMEOUT,TIMEOUT,,,,,180.230481778,180.28455729300003,IN_PROGRESS,IN_PROGRESS
b2,5to10Traces/0127.trace,67,2,MIN_EXPANDED_SIZE,both,SAT,SAT,0,2,0,2,51.82910946499942,5.510879740000746,PASSED,PASSED
b2,5to10Traces/0128.trace,67,2,MIN_EXPANDED_SIZE,neither,TIMEOUT,TIMEOUT,,,,,180.31734446500013,180.2520503070009,IN_PROGRESS,IN_PROGRESS
b2,5to10Traces/0129.trace,67,2,MIN_EXPANDED_SIZE,both,SAT,SAT,0,2,0,2,57.336564741000075,6.868176370000583,PASSED,PASSED
b2,5to10Traces/0130.trace,67,2,MIN_EXPANDED_SIZE,neither,TIMEOUT,TIMEOUT,,,,,180.26771116999953,180.2880737079995,IN_PROGRESS,IN_PROGRESS
b2,5to10Traces/0131.trace,67,2,MIN_EXPANDED_SIZE,neither,TIMEOUT,TIMEOUT,,,,,180.40516678400127,180.35000267600117,IN_PROGRESS,IN_PROGRESS
b2,5to10Traces/0132.trace,3,2,MIN_EXPANDED_SIZE,both,SAT,SAT,0,2,0,2,1.0612291450001976,1.1900107049987128,PASSED,PASSED
b2,5to10Traces/0134.trace,3,2,MIN_EXPANDED_SIZE,both,SAT,SAT,0,2,0,2,2.003905071999725,1.650785806001295,PASSED,PASSED
b2,5to10Traces/0135.trace,3,2,MIN_EXPANDED_SIZE,both,SAT,SAT,0,2,0,2,3.1216785479991813,1.9375355089996447,PASSED,PASSED
b2,5to10Traces/0136.trace,3,2,MIN_EXPANDED_SIZE,both,SAT,SAT,0,2,0,2,3.0050308470003984,2.3691491359986685,PASSED,PASSED
b2,5to10Traces/0137.trace,3,2,MIN_EXPANDED_SIZE,both,SAT,SAT,0,2,0,2,4.549852105001264,2.551739601999998,PASSED,PASSED
b2,5to10Traces/0138.trace,3,2,MIN_EXPANDED_SIZE,both,SAT,SAT,0,2,0,2,3.8983792799990624,2.853238505999798,PASSED,PASSED
b2,5to10Traces/0139.trace,3,2,MIN_EXPANDED_SIZE,both,SAT,SAT,0,2,0,2,7.419548834000125,2.909048628999699,PASSED,PASSED
b2,5to10Traces/0140.trace,3,2,MIN_EXPANDED_SIZE,both,SAT,SAT,0,2,0,2,4.524965206999923,3.244038041999943,PASSED,PASSED
b2,5to10Traces/0141.trace,3,2,MIN_EXPANDED_SIZE,both,SAT,SAT,0,2,0,2,9.520881766000457,3.451768611999796,PASSED,PASSED
b2,5to10Traces/0142.trace,3,2,MIN_EXPANDED_SIZE,both,SAT,SAT,0,2,0,2,6.260428157000206,3.987030684000274,PASSED,PASSED
b2,5to10Traces/0143.trace,3,2,MIN_EXPANDED_SIZE,both,SAT,SAT,0,2,0,2,11.682977258000392,3.6546119790000375,PASSED,PASSED
b2,5to10Traces/0144.trace,3,2,MIN_EXPANDED_SIZE,both,SAT,SAT,0,2,0,2,6.962311246000354,4.176121589999639,PASSED,PASSED
b2,5to10Traces/0145.trace,3,2,MIN_EXPANDED_SIZE,both,SAT,SAT,0,2,0,2,12.892798422999476,4.6136178799999925,PASSED,PASSED
b2,5to10Traces/0146.trace,3,2,MIN_EXPANDED_SIZE,both,SAT,SAT,0,2,0,2,8.425265822000256,4.731959508999353,PASSED,PASSED
b2,5to10Traces/0147.trace,3,2,MIN_EXPANDED_SIZE,both,SAT,SAT,0,2,0,2,16.697963845999766,5.1577223819999745,PASSED,PASSED
b2,5to10Traces/0148.trace,3,2,MIN_EXPANDED_SIZE,both,SAT,SAT,0,2,0,2,8.227672092998546,5.1544856450000225,PASSED,PASSED
b2,5to10Traces/0149.trace,3,2,MIN_EXPANDED_SIZE,both,SAT,SAT,0,2,0,2,17.86525746999996,5.45984167000006,PASSED,PASSED
b2,5to10Traces/0150.trace,3,2,MIN_EXPANDED_SIZE,both,SAT,SAT,0,2,0,2,10.947991059999822,5.500062448998506,PASSED,PASSED
b2,5to10Traces/0151.trace,3,2,MIN_EXPANDED_SIZE,both,SAT,SAT,0,2,0,2,20.370973459001107,6.15967376899971,PASSED,PASSED
b2,5to10Traces/0152.trace,3,2,MIN_EXPANDED_SIZE,both,SAT,SAT,0,2,0,2,10.78423658499969,5.78916190199925,PASSED,PASSED
b2,5to10Traces/0153.trace,3,2,MIN_EXPANDED_SIZE,both,SAT,SAT,0,2,0,2,21.746545224999863,6.270731666999836,PASSED,PASSED
b2,5to10Traces/0154.trace,6,2,MIN_EXPANDED_SIZE,both,SAT,SAT,0,5,0,5,4.67567143999986,3.415711606000059,PASSED,PASSED
b2,5to10Traces/0155.trace,6,2,MIN_EXPANDED_SIZE,both,SAT,SAT,0,1,0,1,2.4309707599986723,1.13763160399958,PASSED,PASSED
b2,5to10Traces/0156.trace,6,2,MIN_EXPANDED_SIZE,both,UNSAT,UNSAT,0,0,0,0,101.93009254400022,61.39779574299973,NOT_APPLICABLE_UNSAT,NOT_APPLICABLE_UNSAT
b2,5to10Traces/0157.trace,6,2,MIN_EXPANDED_SIZE,macro_only,TIMEOUT,UNSAT,,,0,0,180.13342658299962,132.88383080400126,IN_PROGRESS,NOT_APPLICABLE_UNSAT
b2,5to10Traces/0158.trace,6,2,MIN_EXPANDED_SIZE,macro_only,TIMEOUT,UNSAT,,,0,0,180.07157677400005,70.79849687099886,IN_PROGRESS,NOT_APPLICABLE_UNSAT
b2,5to10Traces/0159.trace,6,2,MIN_EXPANDED_SIZE,neither,TIMEOUT,TIMEOUT,,,,,180.19396182499986,180.24279080400083,IN_PROGRESS,IN_PROGRESS
b2,5to10Traces/0160.trace,6,2,MIN_EXPANDED_SIZE,macro_only,TIMEOUT,UNSAT,,,0,0,180.10432443699938,152.7974630510007,IN_PROGRESS,NOT_APPLICABLE_UNSAT
b2,5to10Traces/0161.trace,6,2,MIN_EXPANDED_SIZE,neither,TIMEOUT,TIMEOUT,,,,,180.2670269780001,180.1994194509998,IN_PROGRESS,IN_PROGRESS
b2,5to10Traces/0162.trace,6,2,MIN_EXPANDED_SIZE,neither,TIMEOUT,TIMEOUT,,,,,180.12177017399972,180.17458963199988,IN_PROGRESS,IN_PROGRESS
b2,5to10Traces/0163.trace,6,2,MIN_EXPANDED_SIZE,neither,TIMEOUT,TIMEOUT,,,,,180.29765429000054,180.17557545499994,IN_PROGRESS,IN_PROGRESS
b2,5to10Traces/0164.trace,6,2,MIN_EXPANDED_SIZE,neither,TIMEOUT,TIMEOUT,,,,,180.14574586300023,180.17410134700003,IN_PROGRESS,IN_PROGRESS
b2,5to10Traces/0165.trace,6,2,MIN_EXPANDED_SIZE,neither,TIMEOUT,TIMEOUT,,,,,180.30161914500013,180.27202427199882,IN_PROGRESS,IN_PROGRESS
b2,5to10Traces/0166.trace,6,2,MIN_EXPANDED_SIZE,neither,TIMEOUT,TIMEOUT,,,,,180.16726047500015,180.22726639600114,IN_PROGRESS,IN_PROGRESS
b2,5to10Traces/0167.trace,6,2,MIN_EXPANDED_SIZE,neither,TIMEOUT,TIMEOUT,,,,,180.35837330599998,180.26005740300025,IN_PROGRESS,IN_PROGRESS
b2,5to10Traces/0168.trace,6,2,MIN_EXPANDED_SIZE,neither,TIMEOUT,TIMEOUT,,,,,180.22499889500068,180.24418100500043,IN_PROGRESS,IN_PROGRESS
b2,5to10Traces/0169.trace,6,2,MIN_EXPANDED_SIZE,neither,TIMEOUT,TIMEOUT,,,,,180.44822213000043,180.2944616929999,IN_PROGRESS,IN_PROGRESS
b2,5to10Traces/0170.trace,6,2,MIN_EXPANDED_SIZE,neither,TIMEOUT,TIMEOUT,,,,,180.21098314899973,180.24324898799932,IN_PROGRESS,IN_PROGRESS
b2,5to10Traces/0171.trace,6,2,MIN_EXPANDED_SIZE,neither,TIMEOUT,TIMEOUT,,,,,180.46551641599945,180.298257121,IN_PROGRESS,IN_PROGRESS
b2,5to10Traces/0172.trace,6,2,MIN_EXPANDED_SIZE,neither,TIMEOUT,TIMEOUT,,,,,180.22652078700003,180.18845746600164,IN_PROGRESS,IN_PROGRESS
b2,5to10Traces/0173.trace,6,2,MIN_EXPANDED_SIZE,neither,TIMEOUT,TIMEOUT,,,,,180.44549977400004,180.34838625200007,IN_PROGRESS,IN_PROGRESS
b2,5to10Traces/0174.trace,6,2,MIN_EXPANDED_SIZE,neither,TIMEOUT,TIMEOUT,,,,,180.21573488000013,180.24724972900003,IN_PROGRESS,IN_PROGRESS
b2,5to10Traces/0175.trace,6,2,MIN_EXPANDED_SIZE,neither,TIMEOUT,TIMEOUT,,,,,180.33218828999998,180.42047948299842,IN_PROGRESS,IN_PROGRESS
b2,5to10Traces/0176.trace,10,2,MIN_EXPANDED_SIZE,both,SAT,SAT,0,3,0,3,1.7852569719998428,3.906132144998992,PASSED,PASSED
b2,5to10Traces/0177.trace,10,2,MIN_EXPANDED_SIZE,both,SAT,SAT,0,4,0,4,9.138284927001223,5.58431558600023,PASSED,PASSED
b2,5to10Traces/0178.trace,10,2,MIN_EXPANDED_SIZE,both,SAT,SAT,0,5,0,5,26.026244733999192,18.25601275500003,PASSED,PASSED
b2,5to10Traces/0179.trace,10,2,MIN_EXPANDED_SIZE,both,SAT,SAT,0,5,0,5,9.655795253000178,17.079455030000645,PASSED,PASSED
b2,5to10Traces/0180.trace,10,2,MIN_EXPANDED_SIZE,both,SAT,SAT,0,5,0,5,9.457079285000873,28.554930305999733,PASSED,PASSED
b2,5to10Traces/0181.trace,10,2,MIN_EXPANDED_SIZE,both,SAT,SAT,0,5,0,5,15.844921132000309,50.48024228699978,PASSED,PASSED
b2,5to10Traces/0182.trace,10,2,MIN_EXPANDED_SIZE,both,SAT,SAT,0,5,0,5,13.504563516999042,46.23746487099993,PASSED,PASSED
b2,5to10Traces/0183.trace,10,2,MIN_EXPANDED_SIZE,macro_only,TIMEOUT,SAT,,,0,5,180.194450877,71.141183737,IN_PROGRESS,PASSED
b2,5to10Traces/0184.trace,10,2,MIN_EXPANDED_SIZE,both,SAT,SAT,0,5,0,5,18.877784395999697,53.63412320700081,PASSED,PASSED
b2,5to10Traces/0185.trace,10,2,MIN_EXPANDED_SIZE,both,SAT,SAT,0,5,0,5,34.80570547200114,85.18811370099866,PASSED,PASSED
b2,5to10Traces/0186.trace,10,2,MIN_EXPANDED_SIZE,both,SAT,SAT,0,5,0,5,22.86155363600028,122.1339199740014,PASSED,PASSED
b2,5to10Traces/0187.trace,10,2,MIN_EXPANDED_SIZE,atlas_only,SAT,TIMEOUT,0,5,,,45.3593117190012,180.24660842899993,PASSED,IN_PROGRESS
b2,5to10Traces/0188.trace,10,2,MIN_EXPANDED_SIZE,both,SAT,SAT,0,5,0,5,26.19176287799928,107.473221663,PASSED,PASSED
b2,5to10Traces/0189.trace,10,2,MIN_EXPANDED_SIZE,atlas_only,SAT,TIMEOUT,0,5,,,56.65053021400013,180.23950435000006,PASSED,IN_PROGRESS
b2,5to10Traces/0190.trace,10,2,MIN_EXPANDED_SIZE,both,SAT,SAT,0,5,0,5,33.64548102800018,81.23228502799975,PASSED,PASSED
b2,5to10Traces/0191.trace,10,2,MIN_EXPANDED_SIZE,atlas_only,SAT,TIMEOUT,0,5,,,65.33518578400026,180.3411994370017,PASSED,IN_PROGRESS
b2,5to10Traces/0192.trace,10,2,MIN_EXPANDED_SIZE,both,SAT,SAT,0,5,0,5,37.149569672000325,143.77568969800086,PASSED,PASSED
b2,5to10Traces/0193.trace,10,2,MIN_EXPANDED_SIZE,atlas_only,SAT,TIMEOUT,0,5,,,78.22544059500069,180.32624814799965,PASSED,IN_PROGRESS
b2,5to10Traces/0194.trace,10,2,MIN_EXPANDED_SIZE,atlas_only,SAT,TIMEOUT,0,5,,,41.49241983799948,180.330446855,PASSED,IN_PROGRESS
b2,5to10Traces/0195.trace,10,2,MIN_EXPANDED_SIZE,atlas_only,SAT,TIMEOUT,0,5,,,86.62579595899933,180.33855503199993,PASSED,IN_PROGRESS
b2,5to10Traces/0196.trace,10,2,MIN_EXPANDED_SIZE,atlas_only,SAT,TIMEOUT,0,5,,,45.81117411000014,180.2191674500009,PASSED,IN_PROGRESS
b2,5to10Traces/0197.trace,10,2,MIN_EXPANDED_SIZE,atlas_only,SAT,TIMEOUT,0,5,,,83.15772479800034,180.45561023299888,PASSED,IN_PROGRESS
b2,baseTest/0001.trace,10,2,MIN_EXPANDED_SIZE,neither,TIMEOUT,TIMEOUT,,,,,180.23143733799952,180.30208109500018,IN_PROGRESS,IN_PROGRESS
b2,baseTest/0002.trace,10,2,MIN_EXPANDED_SIZE,both,SAT,SAT,0,5,0,5,155.44461625700023,8.03708336300042,PASSED,PASSED
b2,baseTest/0003.trace,10,2,MIN_EXPANDED_SIZE,neither,TIMEOUT,TIMEOUT,,,,,180.31648847399993,180.3528585210006,IN_PROGRESS,IN_PROGRESS
b2,baseTest/0004.trace,10,2,MIN_EXPANDED_SIZE,neither,TIMEOUT,TIMEOUT,,,,,180.38543344500067,180.39226185200005,IN_PROGRESS,IN_PROGRESS
b2,baseTest/0005.trace,10,2,MIN_EXPANDED_SIZE,neither,ERROR,TIMEOUT,,,,,7.339136352999958,180.37502264800014,FAILED,IN_PROGRESS
b2,baseTest/0006.trace,10,2,MIN_EXPANDED_SIZE,neither,TIMEOUT,TIMEOUT,,,,,180.15872377400046,180.20377772099982,IN_PROGRESS,IN_PROGRESS
b2,baseTest/0007.trace,10,2,MIN_EXPANDED_SIZE,both,SAT,SAT,0,6,0,6,123.87004690700087,11.508753573000831,PASSED,PASSED
b2,baseTest/0008.trace,5,2,MIN_EXPANDED_SIZE,both,SAT,SAT,0,3,0,3,52.33663204499999,135.36514258700004,PASSED,PASSED
b2,baseTest/0009.trace,5,2,MIN_EXPANDED_SIZE,both,SAT,SAT,0,3,0,3,4.544985471000018,8.172383403000026,PASSED,PASSED
b2,baseTest/0010.trace,5,2,MIN_EXPANDED_SIZE,macro_only,ERROR,SAT,,,0,3,5.948653029001434,125.35477007500003,FAILED,PASSED
b2,baseTest/0011.trace,5,2,MIN_EXPANDED_SIZE,macro_only,ERROR,SAT,,,0,3,7.951127841000016,102.70889709400001,FAILED,PASSED
b2,baseTest/0012.trace,5,2,MIN_EXPANDED_SIZE,neither,ERROR,TIMEOUT,,,,,24.444143579999945,180.35839948199987,FAILED,IN_PROGRESS
b2,baseTest/0013.trace,5,2,MIN_EXPANDED_SIZE,both,SAT,SAT,0,3,0,3,21.701416289999543,26.826902607999727,PASSED,PASSED
b2,baseTest/0014.trace,5,2,MIN_EXPANDED_SIZE,both,SAT,SAT,0,3,0,3,2.814593822999086,5.417197913000109,PASSED,PASSED
b2,baseTest/0015.trace,18,2,MIN_EXPANDED_SIZE,neither,TIMEOUT,TIMEOUT,,,,,180.53474650099997,180.45482575799997,IN_PROGRESS,IN_PROGRESS
b2,baseTest/0016.trace,18,2,MIN_EXPANDED_SIZE,both,SAT,SAT,0,6,0,6,41.47447440100041,56.54509853899981,PASSED,PASSED
b2,baseTest/0017.trace,18,2,MIN_EXPANDED_SIZE,neither,ERROR,TIMEOUT,,,,,5.9728626380001515,180.31160435099991,FAILED,IN_PROGRESS
b2,baseTest/0018.trace,18,2,MIN_EXPANDED_SIZE,neither,ERROR,TIMEOUT,,,,,8.340483336000034,180.32783952399996,FAILED,IN_PROGRESS
b2,baseTest/0019.trace,18,2,MIN_EXPANDED_SIZE,neither,ERROR,TIMEOUT,,,,,29.85357863900026,180.313066833,FAILED,IN_PROGRESS
b2,baseTest/0020.trace,18,2,MIN_EXPANDED_SIZE,neither,TIMEOUT,TIMEOUT,,,,,180.2750493049998,180.25863354399917,IN_PROGRESS,IN_PROGRESS
b2,baseTest/0021.trace,18,2,MIN_EXPANDED_SIZE,both,SAT,SAT,0,6,0,6,32.91298538299998,37.532910043000356,PASSED,PASSED
b2,baseTest/0022.trace,6,2,MIN_EXPANDED_SIZE,neither,TIMEOUT,TIMEOUT,,,,,180.1972749229999,180.1860677069999,IN_PROGRESS,IN_PROGRESS
b2,baseTest/0023.trace,6,2,MIN_EXPANDED_SIZE,both,SAT,SAT,0,6,0,6,46.63955853100015,18.07301510799971,PASSED,PASSED
b2,baseTest/0024.trace,6,2,MIN_EXPANDED_SIZE,neither,TIMEOUT,TIMEOUT,,,,,180.26445470699946,180.27500587400027,IN_PROGRESS,IN_PROGRESS
b2,baseTest/0025.trace,6,2,MIN_EXPANDED_SIZE,neither,TIMEOUT,TIMEOUT,,,,,180.27171520199954,180.24241883299965,IN_PROGRESS,IN_PROGRESS
b2,baseTest/0026.trace,6,2,MIN_EXPANDED_SIZE,neither,ERROR,TIMEOUT,,,,,6.852685704000123,180.43991156700008,FAILED,IN_PROGRESS
b2,baseTest/0027.trace,6,2,MIN_EXPANDED_SIZE,macro_only,TIMEOUT,UNSAT,,,0,0,180.08356230899972,153.84924343600142,IN_PROGRESS,NOT_APPLICABLE_UNSAT
b2,baseTest/0028.trace,6,2,MIN_EXPANDED_SIZE,both,SAT,SAT,0,5,0,5,5.571453873999872,5.421993201999612,PASSED,PASSED
b2,baseTest/0029.trace,3,2,MIN_EXPANDED_SIZE,both,SAT,SAT,0,2,0,2,25.74093040600019,13.201817336999738,PASSED,PASSED
b2,baseTest/0030.trace,3,2,MIN_EXPANDED_SIZE,both,SAT,SAT,0,2,0,2,3.0161936549993698,2.4843776850011636,PASSED,PASSED
b2,baseTest/0031.trace,3,2,MIN_EXPANDED_SIZE,macro_only,ERROR,SAT,,,0,2,5.156491986001129,18.133836156000143,FAILED,PASSED
b2,baseTest/0032.trace,3,2,MIN_EXPANDED_SIZE,macro_only,ERROR,SAT,,,0,2,6.676560551999501,24.176968986000247,FAILED,PASSED
b2,baseTest/0033.trace,3,2,MIN_EXPANDED_SIZE,macro_only,ERROR,SAT,,,0,2,24.115190125000026,51.624411336000776,FAILED,PASSED
b2,baseTest/0034.trace,3,2,MIN_EXPANDED_SIZE,both,SAT,SAT,0,2,0,2,10.375896402999842,7.345467156999803,PASSED,PASSED
b2,baseTest/0035.trace,3,2,MIN_EXPANDED_SIZE,both,SAT,SAT,0,2,0,2,2.2201134500010085,1.9661451829999805,PASSED,PASSED
b2,baseTest/0036.trace,10,2,MIN_EXPANDED_SIZE,atlas_only,SAT,TIMEOUT,0,5,,,100.43494674900012,180.5027942939996,PASSED,IN_PROGRESS
b2,baseTest/0037.trace,10,2,MIN_EXPANDED_SIZE,both,SAT,SAT,0,5,0,5,8.211659951000001,39.67565300299998,PASSED,PASSED
b2,baseTest/0038.trace,10,2,MIN_EXPANDED_SIZE,neither,ERROR,TIMEOUT,,,,,5.973171970999829,180.35585252600004,FAILED,IN_PROGRESS
b2,baseTest/0039.trace,10,2,MIN_EXPANDED_SIZE,neither,ERROR,TIMEOUT,,,,,8.211708161999923,180.32765951099964,FAILED,IN_PROGRESS
b2,baseTest/0040.trace,10,2,MIN_EXPANDED_SIZE,neither,ERROR,TIMEOUT,,,,,32.37757355600024,180.32791185600036,FAILED,IN_PROGRESS
b2,baseTest/0041.trace,10,2,MIN_EXPANDED_SIZE,atlas_only,SAT,TIMEOUT,0,5,,,49.06370679799875,180.3267446539994,PASSED,IN_PROGRESS
b2,baseTest/0042.trace,10,2,MIN_EXPANDED_SIZE,macro_only,TIMEOUT,SAT,,,0,5,180.08985986199968,15.799807604000307,IN_PROGRESS,PASSED
b2,disjunctedExistence/0000.trace,36,2,MIN_EXPANDED_SIZE,neither,TIMEOUT,TIMEOUT,,,,,180.06820087300002,180.0941121470005,IN_PROGRESS,IN_PROGRESS
b2,disjunctedExistence/0003.trace,36,2,MIN_EXPANDED_SIZE,neither,TIMEOUT,TIMEOUT,,,,,180.1114608759999,180.11097228800008,IN_PROGRESS,IN_PROGRESS
b2,disjunctedExistence/0006.trace,36,2,MIN_EXPANDED_SIZE,neither,TIMEOUT,TIMEOUT,,,,,180.141457669999,180.230367441,IN_PROGRESS,IN_PROGRESS
b2,disjunctedExistence/0009.trace,36,2,MIN_EXPANDED_SIZE,neither,TIMEOUT,TIMEOUT,,,,,180.17175412800134,180.1721984379983,IN_PROGRESS,IN_PROGRESS
b2,disjunctedExistence/0010.trace,36,2,MIN_EXPANDED_SIZE,neither,TIMEOUT,TIMEOUT,,,,,180.44254399800047,180.32990092300042,IN_PROGRESS,IN_PROGRESS
b2,disjunctedExistence/0012.trace,36,2,MIN_EXPANDED_SIZE,neither,TIMEOUT,TIMEOUT,,,,,180.2284462109992,180.26061073900019,IN_PROGRESS,IN_PROGRESS
b2,disjunctedExistence/0015.trace,36,2,MIN_EXPANDED_SIZE,neither,TIMEOUT,TIMEOUT,,,,,180.31931841500045,180.24049000000014,IN_PROGRESS,IN_PROGRESS
b2,disjunctedExistence/0018.trace,36,2,MIN_EXPANDED_SIZE,neither,TIMEOUT,TIMEOUT,,,,,180.31192247500076,180.2763105439999,IN_PROGRESS,IN_PROGRESS
b2,disjunctedExistence/0021.trace,36,2,MIN_EXPANDED_SIZE,neither,TIMEOUT,TIMEOUT,,,,,180.4078343910005,180.3103649059999,IN_PROGRESS,IN_PROGRESS
b2,disjunctedExistence/0030.trace,11,2,MIN_EXPANDED_SIZE,both,SAT,SAT,0,4,0,4,12.581755659999544,29.843372293000357,PASSED,PASSED
b2,disjunctedExistence/0033.trace,11,2,MIN_EXPANDED_SIZE,both,SAT,SAT,0,4,0,4,15.41298906999998,74.58280682199984,PASSED,PASSED
b2,disjunctedExistence/0036.trace,11,2,MIN_EXPANDED_SIZE,both,SAT,SAT,0,4,0,4,21.068251608001447,82.7674137009999,PASSED,PASSED
b2,disjunctedExistence/0042.trace,11,2,MIN_EXPANDED_SIZE,macro_only,TIMEOUT,SAT,,,0,4,180.30030724500102,90.76548282499971,IN_PROGRESS,PASSED
b2,disjunctedExistence/0045.trace,11,2,MIN_EXPANDED_SIZE,both,SAT,SAT,0,4,0,4,44.69952285200088,167.74269750699978,PASSED,PASSED
b2,disjunctedExistence/0048.trace,134,2,MIN_EXPANDED_SIZE,neither,TIMEOUT,TIMEOUT,,,,,180.12098705300014,180.1285541139987,IN_PROGRESS,IN_PROGRESS
b2,disjunctedExistence/0049.trace,134,2,MIN_EXPANDED_SIZE,both,SAT,SAT,0,5,0,5,20.604393842000036,89.08586513599948,PASSED,PASSED
b2,disjunctedExistence/0051.trace,134,2,MIN_EXPANDED_SIZE,neither,TIMEOUT,TIMEOUT,,,,,180.1900143419989,180.21742906999953,IN_PROGRESS,IN_PROGRESS
b2,disjunctedExistence/0054.trace,134,2,MIN_EXPANDED_SIZE,neither,TIMEOUT,TIMEOUT,,,,,180.22036415499952,180.21212921799997,IN_PROGRESS,IN_PROGRESS
b2,disjunctedExistence/0055.trace,134,2,MIN_EXPANDED_SIZE,neither,TIMEOUT,TIMEOUT,,,,,180.38369627499992,180.27245468799993,IN_PROGRESS,IN_PROGRESS
b2,disjunctedExistence/0057.trace,134,2,MIN_EXPANDED_SIZE,neither,TIMEOUT,TIMEOUT,,,,,180.32147379900016,180.20309165800018,IN_PROGRESS,IN_PROGRESS
b2,disjunctedExistence/0058.trace,134,2,MIN_EXPANDED_SIZE,both,SAT,SAT,0,2,0,2,65.34249659299985,6.409592591000546,PASSED,PASSED
b2,disjunctedExistence/0060.trace,134,2,MIN_EXPANDED_SIZE,neither,TIMEOUT,TIMEOUT,,,,,180.29093181999997,180.2531725989993,IN_PROGRESS,IN_PROGRESS
b2,disjunctedExistence/0061.trace,134,2,MIN_EXPANDED_SIZE,neither,TIMEOUT,TIMEOUT,,,,,180.60232817799988,180.38157655400028,IN_PROGRESS,IN_PROGRESS
b2,disjunctedExistence/0063.trace,134,2,MIN_EXPANDED_SIZE,neither,TIMEOUT,TIMEOUT,,,,,180.45793356099966,180.35328835700057,IN_PROGRESS,IN_PROGRESS
b2,disjunctedExistence/0064.trace,134,2,MIN_EXPANDED_SIZE,neither,TIMEOUT,TIMEOUT,,,,,180.3026005900001,180.4265580629999,IN_PROGRESS,IN_PROGRESS
b2,disjunctedExistence/0066.trace,134,2,MIN_EXPANDED_SIZE,neither,TIMEOUT,TIMEOUT,,,,,180.4903877149991,180.4006281410002,IN_PROGRESS,IN_PROGRESS
b2,disjunctedExistence/0067.trace,134,2,MIN_EXPANDED_SIZE,neither,TIMEOUT,TIMEOUT,,,,,180.3308744749993,180.45799596299912,IN_PROGRESS,IN_PROGRESS
b2,disjunctedExistence/0069.trace,134,2,MIN_EXPANDED_SIZE,neither,TIMEOUT,TIMEOUT,,,,,180.3755558969999,180.54882674200053,IN_PROGRESS,IN_PROGRESS
b2,disjunctedExistence/0070.trace,134,2,MIN_EXPANDED_SIZE,neither,TIMEOUT,TIMEOUT,,,,,180.4395075020002,180.49940114699984,IN_PROGRESS,IN_PROGRESS
b2,equal/0001.trace,10,2,MIN_EXPANDED_SIZE,neither,TIMEOUT,TIMEOUT,,,,,180.1490040940007,180.16416968399972,IN_PROGRESS,IN_PROGRESS
b2,equal/0002.trace,10,2,MIN_EXPANDED_SIZE,neither,TIMEOUT,TIMEOUT,,,,,180.0595046020003,180.06128597499992,IN_PROGRESS,IN_PROGRESS
b2,equal/0003.trace,10,2,MIN_EXPANDED_SIZE,neither,TIMEOUT,TIMEOUT,,,,,180.24308133999875,180.2732904429995,IN_PROGRESS,IN_PROGRESS
b2,equal/0004.trace,10,2,MIN_EXPANDED_SIZE,neither,TIMEOUT,TIMEOUT,,,,,180.25215527799992,180.310413789,IN_PROGRESS,IN_PROGRESS
b2,equal/0005.trace,10,2,MIN_EXPANDED_SIZE,neither,TIMEOUT,TIMEOUT,,,,,180.4603380260014,180.4672987920003,IN_PROGRESS,IN_PROGRESS
b2,equal/0006.trace,10,2,MIN_EXPANDED_SIZE,neither,TIMEOUT,TIMEOUT,,,,,180.10905697400085,180.17258744399987,IN_PROGRESS,IN_PROGRESS
b2,equal/0007.trace,10,2,MIN_EXPANDED_SIZE,both,SAT,SAT,0,5,0,5,1.9884335639999335,4.258121433999804,PASSED,PASSED
b2,equal/0008.trace,5,2,MIN_EXPANDED_SIZE,both,SAT,SAT,0,3,0,3,8.4774160270008,12.368174240000371,PASSED,PASSED
b2,equal/0009.trace,5,2,MIN_EXPANDED_SIZE,both,SAT,SAT,0,3,0,3,1.9011509400006616,2.903463255999668,PASSED,PASSED
b2,equal/0010.trace,5,2,MIN_EXPANDED_SIZE,both,SAT,SAT,0,3,0,3,13.418801818000247,14.13922082099998,PASSED,PASSED
b2,equal/0011.trace,5,2,MIN_EXPANDED_SIZE,both,SAT,SAT,0,3,0,3,13.524365386998397,21.088095518000046,PASSED,PASSED
b2,equal/0012.trace,5,2,MIN_EXPANDED_SIZE,both,SAT,SAT,0,3,0,3,42.03858944000058,35.583476784000595,PASSED,PASSED
b2,equal/0013.trace,5,2,MIN_EXPANDED_SIZE,both,SAT,SAT,0,3,0,3,6.986564155999076,7.246274834999895,PASSED,PASSED
b2,equal/0014.trace,5,2,MIN_EXPANDED_SIZE,both,SAT,SAT,0,3,0,3,1.29416017100084,2.4183961620001355,PASSED,PASSED
b2,equal/0015.trace,18,2,MIN_EXPANDED_SIZE,macro_only,TIMEOUT,SAT,,,0,6,180.19397432700134,94.07383759899858,IN_PROGRESS,PASSED
b2,equal/0016.trace,18,2,MIN_EXPANDED_SIZE,both,SAT,SAT,0,5,0,5,2.7642156250001335,5.7715972619998865,PASSED,PASSED
b2,equal/0017.trace,18,2,MIN_EXPANDED_SIZE,both,SAT,SAT,0,6,0,6,89.00178762900032,166.7267344339998,PASSED,PASSED
b2,equal/0018.trace,18,2,MIN_EXPANDED_SIZE,neither,TIMEOUT,TIMEOUT,,,,,180.23740303600061,180.23073152399957,IN_PROGRESS,IN_PROGRESS
b2,equal/0019.trace,18,2,MIN_EXPANDED_SIZE,neither,TIMEOUT,TIMEOUT,,,,,180.4616492140001,180.50400916499984,IN_PROGRESS,IN_PROGRESS
b2,equal/0020.trace,18,2,MIN_EXPANDED_SIZE,macro_only,TIMEOUT,SAT,,,0,6,180.13248956000007,64.58260168400011,IN_PROGRESS,PASSED
b2,equal/0021.trace,18,2,MIN_EXPANDED_SIZE,both,SAT,SAT,0,5,0,5,2.233806573000038,4.4344039699999485,PASSED,PASSED
b2,equal/0022.trace,6,2,MIN_EXPANDED_SIZE,neither,TIMEOUT,TIMEOUT,,,,,180.14855665199957,180.1292729299994,IN_PROGRESS,IN_PROGRESS
b2,equal/0023.trace,6,2,MIN_EXPANDED_SIZE,both,SAT,SAT,0,5,0,5,6.376182462000088,4.546784564000063,PASSED,PASSED
b2,equal/0024.trace,6,2,MIN_EXPANDED_SIZE,neither,TIMEOUT,TIMEOUT,,,,,180.18350550800096,180.22791566599972,IN_PROGRESS,IN_PROGRESS
b2,equal/0025.trace,6,2,MIN_EXPANDED_SIZE,neither,TIMEOUT,TIMEOUT,,,,,180.22411196000007,180.214522837,IN_PROGRESS,IN_PROGRESS
b2,equal/0026.trace,6,2,MIN_EXPANDED_SIZE,neither,TIMEOUT,TIMEOUT,,,,,180.40487819300006,180.42386394000005,IN_PROGRESS,IN_PROGRESS
b2,equal/0027.trace,6,2,MIN_EXPANDED_SIZE,macro_only,TIMEOUT,UNSAT,,,0,0,180.11293242000102,94.44924523200007,IN_PROGRESS,NOT_APPLICABLE_UNSAT
b2,equal/0028.trace,6,2,MIN_EXPANDED_SIZE,both,SAT,SAT,0,3,0,3,2.318177557999661,2.6638900880006986,PASSED,PASSED
b2,equal/0029.trace,3,2,MIN_EXPANDED_SIZE,both,SAT,SAT,0,2,0,2,4.745066059999772,3.6518153119995986,PASSED,PASSED
b2,equal/0030.trace,3,2,MIN_EXPANDED_SIZE,both,SAT,SAT,0,2,0,2,1.4170015689999218,1.28192071400008,PASSED,PASSED
b2,equal/0031.trace,3,2,MIN_EXPANDED_SIZE,both,SAT,SAT,0,2,0,2,7.049328763000176,4.043039731000135,PASSED,PASSED
b2,equal/0032.trace,3,2,MIN_EXPANDED_SIZE,both,SAT,SAT,0,2,0,2,8.767690153999865,5.207640493001236,PASSED,PASSED
b2,equal/0033.trace,3,2,MIN_EXPANDED_SIZE,both,SAT,SAT,0,2,0,2,23.950930899000014,9.010383955999714,PASSED,PASSED
b2,equal/0034.trace,3,2,MIN_EXPANDED_SIZE,both,SAT,SAT,0,2,0,2,3.0236460240003,2.186812152000016,PASSED,PASSED
b2,equal/0035.trace,3,2,MIN_EXPANDED_SIZE,both,SAT,SAT,0,2,0,2,1.062132302000009,1.1958551500001704,PASSED,PASSED
b2,equal/0036.trace,10,2,MIN_EXPANDED_SIZE,both,SAT,SAT,0,5,0,5,19.03266172199983,53.953413901000204,PASSED,PASSED
b2,equal/0037.trace,10,2,MIN_EXPANDED_SIZE,both,SAT,SAT,0,5,0,5,2.6584974209999928,8.321281647000433,PASSED,PASSED
b2,equal/0038.trace,10,2,MIN_EXPANDED_SIZE,both,SAT,SAT,0,5,0,5,25.073049814000115,125.87195136900027,PASSED,PASSED
b2,equal/0039.trace,10,2,MIN_EXPANDED_SIZE,both,SAT,SAT,0,5,0,5,47.06588772000032,127.60729120699989,PASSED,PASSED
b2,equal/0040.trace,10,2,MIN_EXPANDED_SIZE,atlas_only,SAT,TIMEOUT,0,5,,,107.10868512299999,180.46445477700036,PASSED,IN_PROGRESS
b2,equal/0041.trace,10,2,MIN_EXPANDED_SIZE,both,SAT,SAT,0,5,0,5,9.63123199599977,39.656574159998854,PASSED,PASSED
b2,equal/0042.trace,10,2,MIN_EXPANDED_SIZE,both,SAT,SAT,0,4,0,4,1.8436511310001151,3.893795735999447,PASSED,PASSED
b2,increasingNumVariables/0000.trace,10,2,MIN_EXPANDED_SIZE,macro_only,TIMEOUT,SAT,,,0,5,180.0716614590001,9.20549054900016,IN_PROGRESS,PASSED
b2,increasingNumVariables/0001.trace,10,2,MIN_EXPANDED_SIZE,both,SAT,SAT,0,5,0,5,120.44809399199949,13.63315124699966,PASSED,PASSED
b2,increasingNumVariables/0002.trace,10,2,MIN_EXPANDED_SIZE,macro_only,TIMEOUT,SAT,,,0,5,180.06578451800124,17.67376081600014,IN_PROGRESS,PASSED
b2,increasingNumVariables/0003.trace,10,2,MIN_EXPANDED_SIZE,both,SAT,SAT,0,5,0,5,10.702148871001555,18.02657930299938,PASSED,PASSED
b2,increasingNumVariables/0004.trace,10,2,MIN_EXPANDED_SIZE,both,SAT,SAT,0,5,0,5,58.78637675699974,13.074897183999838,PASSED,PASSED
b2,increasingNumVariables/0005.trace,10,2,MIN_EXPANDED_SIZE,both,SAT,SAT,0,5,0,5,7.272882860001118,24.42959717099984,PASSED,PASSED
b2,increasingNumVariables/0006.trace,10,2,MIN_EXPANDED_SIZE,both,SAT,SAT,0,5,0,5,8.830051633999574,41.52453561499988,PASSED,PASSED
b2,increasingNumVariables/0007.trace,10,2,MIN_EXPANDED_SIZE,both,SAT,SAT,0,5,0,5,9.85507365400008,32.94534576899969,PASSED,PASSED
b2,increasingNumVariables/0008.trace,11,2,MIN_EXPANDED_SIZE,macro_only,TIMEOUT,SAT,,,0,7,180.08039770899995,53.03625099300007,IN_PROGRESS,PASSED
b2,increasingNumVariables/0009.trace,11,2,MIN_EXPANDED_SIZE,macro_only,TIMEOUT,SAT,,,0,7,180.06902834299945,79.26868582499992,IN_PROGRESS,PASSED
b2,increasingNumVariables/0010.trace,11,2,MIN_EXPANDED_SIZE,macro_only,TIMEOUT,SAT,,,0,7,180.08233560699955,102.23466055500103,IN_PROGRESS,PASSED
b2,increasingNumVariables/0011.trace,11,2,MIN_EXPANDED_SIZE,macro_only,TIMEOUT,SAT,,,0,7,180.0966477400034,108.90230067800076,IN_PROGRESS,PASSED
b2,increasingNumVariables/0012.trace,11,2,MIN_EXPANDED_SIZE,macro_only,TIMEOUT,SAT,,,0,7,180.0898575070005,144.68383019500016,IN_PROGRESS,PASSED
b2,increasingNumVariables/0013.trace,11,2,MIN_EXPANDED_SIZE,macro_only,TIMEOUT,SAT,,,0,7,180.104312208,92.91486252100003,IN_PROGRESS,PASSED
b2,increasingNumVariables/0014.trace,11,2,MIN_EXPANDED_SIZE,macro_only,TIMEOUT,SAT,,,0,7,180.10071356499975,112.38207150599919,IN_PROGRESS,PASSED
b2,increasingNumVariables/0015.trace,11,2,MIN_EXPANDED_SIZE,neither,TIMEOUT,TIMEOUT,,,,,180.10224494100112,180.14104994599984,IN_PROGRESS,IN_PROGRESS
b2,increasingNumVariables/0016.trace,20,2,MIN_EXPANDED_SIZE,macro_only,TIMEOUT,SAT,,,0,7,180.0765319989987,52.59977777200038,IN_PROGRESS,PASSED
b2,increasingNumVariables/0017.trace,20,2,MIN_EXPANDED_SIZE,neither,TIMEOUT,TIMEOUT,,,,,180.04158285199992,180.0935489830008,IN_PROGRESS,IN_PROGRESS
b2,increasingNumVariables/0018.trace,20,2,MIN_EXPANDED_SIZE,neither,TIMEOUT,TIMEOUT,,,,,180.07473583000137,180.1180073630003,IN_PROGRESS,IN_PROGRESS
b2,increasingNumVariables/0019.trace,20,2,MIN_EXPANDED_SIZE,neither,TIMEOUT,TIMEOUT,,,,,180.10033486300017,180.08505459200023,IN_PROGRESS,IN_PROGRESS
b2,increasingNumVariables/0020.trace,20,2,MIN_EXPANDED_SIZE,neither,TIMEOUT,TIMEOUT,,,,,180.10967579200042,180.08904297400022,IN_PROGRESS,IN_PROGRESS
b2,increasingNumVariables/0021.trace,20,2,MIN_EXPANDED_SIZE,neither,TIMEOUT,TIMEOUT,,,,,180.10578040699966,180.14054553499955,IN_PROGRESS,IN_PROGRESS
b2,increasingNumVariables/0022.trace,20,2,MIN_EXPANDED_SIZE,neither,TIMEOUT,TIMEOUT,,,,,180.1266031719997,180.18837969000015,IN_PROGRESS,IN_PROGRESS
b2,increasingNumVariables/0023.trace,20,2,MIN_EXPANDED_SIZE,neither,TIMEOUT,TIMEOUT,,,,,180.11807107800087,180.15906842200002,IN_PROGRESS,IN_PROGRESS
b2,increasingNumVariables/0024.trace,37,2,MIN_EXPANDED_SIZE,neither,TIMEOUT,TIMEOUT,,,,,180.0579037589996,180.09014240800025,IN_PROGRESS,IN_PROGRESS
b2,increasingNumVariables/0025.trace,37,2,MIN_EXPANDED_SIZE,neither,TIMEOUT,TIMEOUT,,,,,180.08936442999948,180.12052863600002,IN_PROGRESS,IN_PROGRESS
b2,increasingNumVariables/0026.trace,37,2,MIN_EXPANDED_SIZE,neither,TIMEOUT,TIMEOUT,,,,,180.06991468600063,180.08196922600018,IN_PROGRESS,IN_PROGRESS
b2,increasingNumVariables/0027.trace,37,2,MIN_EXPANDED_SIZE,neither,TIMEOUT,TIMEOUT,,,,,180.09028802799912,180.09981134200007,IN_PROGRESS,IN_PROGRESS
b2,increasingNumVariables/0028.trace,37,2,MIN_EXPANDED_SIZE,neither,TIMEOUT,TIMEOUT,,,,,180.06964792899998,180.10121412800072,IN_PROGRESS,IN_PROGRESS
b2,increasingNumVariables/0029.trace,37,2,MIN_EXPANDED_SIZE,neither,TIMEOUT,TIMEOUT,,,,,180.06754941200052,180.09947358499994,IN_PROGRESS,IN_PROGRESS
b2,increasingNumVariables/0030.trace,37,2,MIN_EXPANDED_SIZE,neither,TIMEOUT,TIMEOUT,,,,,180.12651161199938,180.11659280000003,IN_PROGRESS,IN_PROGRESS
b2,increasingNumVariables/0031.trace,37,2,MIN_EXPANDED_SIZE,neither,TIMEOUT,TIMEOUT,,,,,180.09743184299987,180.1390929320005,IN_PROGRESS,IN_PROGRESS
b2,increasingNumVariables/0032.trace,70,2,MIN_EXPANDED_SIZE,neither,TIMEOUT,TIMEOUT,,,,,180.08384242600005,180.07834592499967,IN_PROGRESS,IN_PROGRESS
b2,increasingNumVariables/0033.trace,70,2,MIN_EXPANDED_SIZE,neither,TIMEOUT,TIMEOUT,,,,,180.06309196000075,180.1055086209999,IN_PROGRESS,IN_PROGRESS
b2,increasingNumVariables/0034.trace,70,2,MIN_EXPANDED_SIZE,neither,TIMEOUT,TIMEOUT,,,,,180.09026162100054,180.0778236699989,IN_PROGRESS,IN_PROGRESS
b2,increasingNumVariables/0035.trace,70,2,MIN_EXPANDED_SIZE,neither,TIMEOUT,TIMEOUT,,,,,180.08162873699985,180.0920025059986,IN_PROGRESS,IN_PROGRESS
b2,increasingNumVariables/0036.trace,70,2,MIN_EXPANDED_SIZE,neither,TIMEOUT,TIMEOUT,,,,,180.09813135600052,180.1066988849998,IN_PROGRESS,IN_PROGRESS
b2,increasingNumVariables/0037.trace,70,2,MIN_EXPANDED_SIZE,neither,TIMEOUT,TIMEOUT,,,,,180.08871018399986,180.11480010100058,IN_PROGRESS,IN_PROGRESS
b2,increasingNumVariables/0038.trace,70,2,MIN_EXPANDED_SIZE,neither,TIMEOUT,TIMEOUT,,,,,180.12965679300032,180.16239775099893,IN_PROGRESS,IN_PROGRESS
b2,increasingNumVariables/0039.trace,70,2,MIN_EXPANDED_SIZE,neither,TIMEOUT,TIMEOUT,,,,,180.13646043900007,180.1291377180005,IN_PROGRESS,IN_PROGRESS
b2,increasingNumVariables/0040.trace,135,2,MIN_EXPANDED_SIZE,neither,TIMEOUT,TIMEOUT,,,,,180.0617280360002,180.08824175500013,IN_PROGRESS,IN_PROGRESS
b2,increasingNumVariables/0041.trace,135,2,MIN_EXPANDED_SIZE,neither,TIMEOUT,TIMEOUT,,,,,180.06349364999915,180.12834448799913,IN_PROGRESS,IN_PROGRESS
b2,increasingNumVariables/0042.trace,135,2,MIN_EXPANDED_SIZE,neither,TIMEOUT,TIMEOUT,,,,,180.07250636400022,180.12501376100045,IN_PROGRESS,IN_PROGRESS
b2,increasingNumVariables/0043.trace,135,2,MIN_EXPANDED_SIZE,neither,TIMEOUT,TIMEOUT,,,,,180.06198021099954,180.11021763200006,IN_PROGRESS,IN_PROGRESS
b2,increasingNumVariables/0044.trace,135,2,MIN_EXPANDED_SIZE,neither,TIMEOUT,TIMEOUT,,,,,180.0838283030007,180.08854163900014,IN_PROGRESS,IN_PROGRESS
b2,increasingNumVariables/0045.trace,135,2,MIN_EXPANDED_SIZE,neither,TIMEOUT,TIMEOUT,,,,,180.10063313300088,180.1174968739997,IN_PROGRESS,IN_PROGRESS
b2,increasingNumVariables/0046.trace,135,2,MIN_EXPANDED_SIZE,neither,TIMEOUT,TIMEOUT,,,,,180.13339377500006,180.18162949699945,IN_PROGRESS,IN_PROGRESS
b2,increasingNumVariables/0047.trace,135,2,MIN_EXPANDED_SIZE,neither,TIMEOUT,TIMEOUT,,,,,180.13097544100128,180.1240822929999,IN_PROGRESS,IN_PROGRESS
b2,increasingNumVariables/0048.trace,264,2,MIN_EXPANDED_SIZE,neither,TIMEOUT,TIMEOUT,,,,,180.08007356500002,180.0970106649993,IN_PROGRESS,IN_PROGRESS
b2,increasingNumVariables/0049.trace,264,2,MIN_EXPANDED_SIZE,neither,TIMEOUT,TIMEOUT,,,,,180.0755749079999,180.08706743900075,IN_PROGRESS,IN_PROGRESS
b2,increasingNumVariables/0050.trace,264,2,MIN_EXPANDED_SIZE,neither,TIMEOUT,TIMEOUT,,,,,180.10284622899962,180.09645048200036,IN_PROGRESS,IN_PROGRESS
b2,increasingNumVariables/0051.trace,264,2,MIN_EXPANDED_SIZE,neither,TIMEOUT,TIMEOUT,,,,,180.0898221490006,180.1426112500003,IN_PROGRESS,IN_PROGRESS
b2,increasingNumVariables/0052.trace,264,2,MIN_EXPANDED_SIZE,neither,TIMEOUT,TIMEOUT,,,,,180.0974152609997,180.11614700800055,IN_PROGRESS,IN_PROGRESS
b2,increasingNumVariables/0053.trace,264,2,MIN_EXPANDED_SIZE,neither,TIMEOUT,TIMEOUT,,,,,180.11048244300036,180.15516360900074,IN_PROGRESS,IN_PROGRESS
b2,increasingNumVariables/0054.trace,264,2,MIN_EXPANDED_SIZE,neither,TIMEOUT,TIMEOUT,,,,,180.13284862699948,180.15411515899905,IN_PROGRESS,IN_PROGRESS
b2,increasingNumVariables/0055.trace,264,2,MIN_EXPANDED_SIZE,neither,TIMEOUT,TIMEOUT,,,,,180.13017352600036,180.12321696399977,IN_PROGRESS,IN_PROGRESS
b2,moreDetailedTest/0001.trace,10,2,MIN_EXPANDED_SIZE,neither,TIMEOUT,TIMEOUT,,,,,180.11604498400084,180.16673564400025,IN_PROGRESS,IN_PROGRESS
b2,moreDetailedTest/0002.trace,10,2,MIN_EXPANDED_SIZE,neither,TIMEOUT,TIMEOUT,,,,,180.0357277080002,180.0739845979988,IN_PROGRESS,IN_PROGRESS
b2,moreDetailedTest/0003.trace,10,2,MIN_EXPANDED_SIZE,neither,TIMEOUT,TIMEOUT,,,,,180.216526876,180.28974954099976,IN_PROGRESS,IN_PROGRESS
b2,moreDetailedTest/0004.trace,10,2,MIN_EXPANDED_SIZE,neither,TIMEOUT,TIMEOUT,,,,,180.23995317599974,180.24052157100004,IN_PROGRESS,IN_PROGRESS
b2,moreDetailedTest/0005.trace,10,2,MIN_EXPANDED_SIZE,neither,TIMEOUT,TIMEOUT,,,,,180.59841464799956,180.2228399809992,IN_PROGRESS,IN_PROGRESS
b2,moreDetailedTest/0006.trace,10,2,MIN_EXPANDED_SIZE,neither,TIMEOUT,TIMEOUT,,,,,180.26709924399984,180.28545597099946,IN_PROGRESS,IN_PROGRESS
b2,moreDetailedTest/0007.trace,10,2,MIN_EXPANDED_SIZE,neither,TIMEOUT,TIMEOUT,,,,,180.31428206200007,180.300566281001,IN_PROGRESS,IN_PROGRESS
b2,moreDetailedTest/0008.trace,10,2,MIN_EXPANDED_SIZE,neither,TIMEOUT,TIMEOUT,,,,,180.3499746839998,180.3678641510005,IN_PROGRESS,IN_PROGRESS
b2,moreDetailedTest/0009.trace,10,2,MIN_EXPANDED_SIZE,neither,TIMEOUT,TIMEOUT,,,,,180.35913045300003,180.40139984899997,IN_PROGRESS,IN_PROGRESS
b2,moreDetailedTest/0010.trace,10,2,MIN_EXPANDED_SIZE,neither,TIMEOUT,TIMEOUT,,,,,180.37242407099984,180.4008420099999,IN_PROGRESS,IN_PROGRESS
b2,moreDetailedTest/0011.trace,10,2,MIN_EXPANDED_SIZE,neither,TIMEOUT,TIMEOUT,,,,,180.4241974100005,180.40659889999915,IN_PROGRESS,IN_PROGRESS
b2,moreDetailedTest/0012.trace,10,2,MIN_EXPANDED_SIZE,neither,TIMEOUT,TIMEOUT,,,,,180.1128176150005,180.15616659900115,IN_PROGRESS,IN_PROGRESS
b2,moreDetailedTest/0013.trace,10,2,MIN_EXPANDED_SIZE,both,SAT,SAT,0,4,0,4,2.555403505999493,3.3824437910000142,PASSED,PASSED
b2,moreDetailedTest/0014.trace,10,2,MIN_EXPANDED_SIZE,neither,TIMEOUT,TIMEOUT,,,,,180.13640610100083,180.17909190399996,IN_PROGRESS,IN_PROGRESS
b2,moreDetailedTest/0015.trace,5,2,MIN_EXPANDED_SIZE,both,SAT,SAT,0,3,0,3,8.02686828800006,11.165604310999697,PASSED,PASSED
b2,moreDetailedTest/0016.trace,5,2,MIN_EXPANDED_SIZE,both,SAT,SAT,0,3,0,3,1.7706915689996094,2.846562583999912,PASSED,PASSED
b2,moreDetailedTest/0017.trace,5,2,MIN_EXPANDED_SIZE,both,SAT,SAT,0,3,0,3,9.758045423999647,19.555878981000205,PASSED,PASSED
b2,moreDetailedTest/0018.trace,5,2,MIN_EXPANDED_SIZE,both,SAT,SAT,0,3,0,3,13.761847703000058,18.88205065299917,PASSED,PASSED
b2,moreDetailedTest/0019.trace,5,2,MIN_EXPANDED_SIZE,both,SAT,SAT,0,3,0,3,12.780212994000067,15.52511177300039,PASSED,PASSED
b2,moreDetailedTest/0020.trace,5,2,MIN_EXPANDED_SIZE,both,SAT,SAT,0,3,0,3,12.82200984300016,17.544668407000245,PASSED,PASSED
b2,moreDetailedTest/0021.trace,5,2,MIN_EXPANDED_SIZE,both,SAT,SAT,0,3,0,3,20.837580632000027,27.87685731700003,PASSED,PASSED
b2,moreDetailedTest/0022.trace,5,2,MIN_EXPANDED_SIZE,both,SAT,SAT,0,3,0,3,25.686519885999587,37.21475789700162,PASSED,PASSED
b2,moreDetailedTest/0023.trace,5,2,MIN_EXPANDED_SIZE,both,SAT,SAT,0,3,0,3,25.483320310999943,44.504434907999894,PASSED,PASSED
b2,moreDetailedTest/0024.trace,5,2,MIN_EXPANDED_SIZE,both,SAT,SAT,0,3,0,3,28.558582407998983,34.552828324000075,PASSED,PASSED
b2,moreDetailedTest/0025.trace,5,2,MIN_EXPANDED_SIZE,both,SAT,SAT,0,3,0,3,44.94908376500007,57.47664858100143,PASSED,PASSED
b2,moreDetailedTest/0026.trace,5,2,MIN_EXPANDED_SIZE,both,SAT,SAT,0,3,0,3,5.253998722000688,8.718573786998604,PASSED,PASSED
b2,moreDetailedTest/0027.trace,5,2,MIN_EXPANDED_SIZE,both,SAT,SAT,0,3,0,3,1.2676394190002611,2.0147119939997538,PASSED,PASSED
b2,moreDetailedTest/0028.trace,5,2,MIN_EXPANDED_SIZE,both,SAT,SAT,0,3,0,3,6.458146205999583,8.853768736000347,PASSED,PASSED
b2,moreDetailedTest/0029.trace,18,2,MIN_EXPANDED_SIZE,both,SAT,SAT,0,6,0,6,82.93594271899929,104.91195187999983,PASSED,PASSED
b2,moreDetailedTest/0030.trace,18,2,MIN_EXPANDED_SIZE,both,SAT,SAT,0,6,0,6,9.042855685999712,11.285360244999993,PASSED,PASSED
b2,moreDetailedTest/0031.trace,18,2,MIN_EXPANDED_SIZE,neither,TIMEOUT,TIMEOUT,,,,,180.18121272199994,180.25295111999912,IN_PROGRESS,IN_PROGRESS
b2,moreDetailedTest/0032.trace,18,2,MIN_EXPANDED_SIZE,macro_only,TIMEOUT,SAT,,,0,6,180.2500733220004,173.2259892279999,IN_PROGRESS,PASSED
b2,moreDetailedTest/0033.trace,18,2,MIN_EXPANDED_SIZE,neither,TIMEOUT,TIMEOUT,,,,,180.27616441300052,180.26797675099988,IN_PROGRESS,IN_PROGRESS
b2,moreDetailedTest/0034.trace,18,2,MIN_EXPANDED_SIZE,neither,TIMEOUT,TIMEOUT,,,,,180.29879465900012,180.21807510399958,IN_PROGRESS,IN_PROGRESS
b2,moreDetailedTest/0035.trace,18,2,MIN_EXPANDED_SIZE,neither,TIMEOUT,TIMEOUT,,,,,180.35037363499998,180.35428315799982,IN_PROGRESS,IN_PROGRESS
b2,moreDetailedTest/0036.trace,18,2,MIN_EXPANDED_SIZE,neither,TIMEOUT,TIMEOUT,,,,,180.35503591199995,180.29612662900036,IN_PROGRESS,IN_PROGRESS
b2,moreDetailedTest/0037.trace,18,2,MIN_EXPANDED_SIZE,neither,TIMEOUT,TIMEOUT,,,,,180.37366633999955,180.41299262899884,IN_PROGRESS,IN_PROGRESS
b2,moreDetailedTest/0038.trace,18,2,MIN_EXPANDED_SIZE,neither,TIMEOUT,TIMEOUT,,,,,180.40286536499934,180.415521257999,IN_PROGRESS,IN_PROGRESS
b2,moreDetailedTest/0039.trace,18,2,MIN_EXPANDED_SIZE,neither,TIMEOUT,TIMEOUT,,,,,180.5253335389989,180.4211528300002,IN_PROGRESS,IN_PROGRESS
b2,moreDetailedTest/0040.trace,18,2,MIN_EXPANDED_SIZE,both,SAT,SAT,0,6,0,6,52.73929689900001,73.01640160900024,PASSED,PASSED
b2,moreDetailedTest/0041.trace,18,2,MIN_EXPANDED_SIZE,both,SAT,SAT,0,6,0,6,24.713502050000898,12.631613221999942,PASSED,PASSED
b2,moreDetailedTest/0042.trace,18,2,MIN_EXPANDED_SIZE,macro_only,TIMEOUT,SAT,,,0,6,180.15739979699993,81.58899413699874,IN_PROGRESS,PASSED
b2,moreDetailedTest/0043.trace,3,2,MIN_EXPANDED_SIZE,both,SAT,SAT,0,2,0,2,4.951352365000275,3.211758313998871,PASSED,PASSED
b2,moreDetailedTest/0044.trace,3,2,MIN_EXPANDED_SIZE,both,SAT,SAT,0,2,0,2,1.4248695520000183,1.4176852679993317,PASSED,PASSED
b2,moreDetailedTest/0045.trace,3,2,MIN_EXPANDED_SIZE,both,SAT,SAT,0,2,0,2,5.737302951998572,3.5932824639985483,PASSED,PASSED
b2,moreDetailedTest/0046.trace,3,2,MIN_EXPANDED_SIZE,both,SAT,SAT,0,2,0,2,7.686740773000565,4.220537712000805,PASSED,PASSED
b2,moreDetailedTest/0047.trace,3,2,MIN_EXPANDED_SIZE,both,SAT,SAT,0,2,0,2,8.234623980999913,4.5373048769997695,PASSED,PASSED
b2,moreDetailedTest/0048.trace,3,2,MIN_EXPANDED_SIZE,both,SAT,SAT,0,2,0,2,10.14980880200028,5.156793860999642,PASSED,PASSED
b2,moreDetailedTest/0049.trace,3,2,MIN_EXPANDED_SIZE,both,SAT,SAT,0,2,0,2,12.670713756000623,5.603852098000061,PASSED,PASSED
b2,moreDetailedTest/0050.trace,3,2,MIN_EXPANDED_SIZE,both,SAT,SAT,0,2,0,2,14.213867331000074,5.892293935999987,PASSED,PASSED
b2,moreDetailedTest/0051.trace,3,2,MIN_EXPANDED_SIZE,both,SAT,SAT,0,2,0,2,16.030356436000147,7.003900158000761,PASSED,PASSED
b2,moreDetailedTest/0052.trace,3,2,MIN_EXPANDED_SIZE,both,SAT,SAT,0,2,0,2,18.574458581000727,7.3673960539999825,PASSED,PASSED
b2,moreDetailedTest/0053.trace,3,2,MIN_EXPANDED_SIZE,both,SAT,SAT,0,2,0,2,23.340150916999846,8.409911963999548,PASSED,PASSED
b2,moreDetailedTest/0054.trace,3,2,MIN_EXPANDED_SIZE,both,SAT,SAT,0,2,0,2,3.265627112999937,4.739675524000631,PASSED,PASSED
b2,moreDetailedTest/0055.trace,3,2,MIN_EXPANDED_SIZE,both,SAT,SAT,0,2,0,2,1.1857025900008011,1.1330823719999898,PASSED,PASSED
b2,moreDetailedTest/0056.trace,3,2,MIN_EXPANDED_SIZE,both,SAT,SAT,0,2,0,2,3.8843446889995903,2.7339784409996355,PASSED,PASSED
b2,moreDetailedTest/0057.trace,18,2,MIN_EXPANDED_SIZE,neither,TIMEOUT,TIMEOUT,,,,,180.19588065399876,180.1989959309999,IN_PROGRESS,IN_PROGRESS
b2,moreDetailedTest/0058.trace,18,2,MIN_EXPANDED_SIZE,both,SAT,SAT,0,6,0,6,15.11368430100083,8.371571551999978,PASSED,PASSED
b2,moreDetailedTest/0059.trace,18,2,MIN_EXPANDED_SIZE,neither,TIMEOUT,TIMEOUT,,,,,180.1949751320003,180.22319670699994,IN_PROGRESS,IN_PROGRESS
b2,moreDetailedTest/0060.trace,18,2,MIN_EXPANDED_SIZE,neither,TIMEOUT,TIMEOUT,,,,,180.24001207200035,180.19027860699998,IN_PROGRESS,IN_PROGRESS
b2,moreDetailedTest/0061.trace,18,2,MIN_EXPANDED_SIZE,neither,TIMEOUT,TIMEOUT,,,,,180.23746587099959,180.28214162699987,IN_PROGRESS,IN_PROGRESS
b2,moreDetailedTest/0062.trace,18,2,MIN_EXPANDED_SIZE,neither,TIMEOUT,TIMEOUT,,,,,180.30743029699988,180.27889752400006,IN_PROGRESS,IN_PROGRESS
b2,moreDetailedTest/0063.trace,18,2,MIN_EXPANDED_SIZE,neither,TIMEOUT,TIMEOUT,,,,,180.26077962,180.28608195900006,IN_PROGRESS,IN_PROGRESS
b2,moreDetailedTest/0064.trace,18,2,MIN_EXPANDED_SIZE,neither,TIMEOUT,TIMEOUT,,,,,180.2510896299973,180.32849894900028,IN_PROGRESS,IN_PROGRESS
b2,moreDetailedTest/0065.trace,18,2,MIN_EXPANDED_SIZE,neither,TIMEOUT,TIMEOUT,,,,,180.41010811499928,180.35976577100018,IN_PROGRESS,IN_PROGRESS
b2,moreDetailedTest/0066.trace,18,2,MIN_EXPANDED_SIZE,neither,TIMEOUT,TIMEOUT,,,,,180.43932620800024,180.38880057699998,IN_PROGRESS,IN_PROGRESS
b2,moreDetailedTest/0067.trace,18,2,MIN_EXPANDED_SIZE,neither,TIMEOUT,TIMEOUT,,,,,180.44966765299978,180.44718480600022,IN_PROGRESS,IN_PROGRESS
b2,moreDetailedTest/0068.trace,18,2,MIN_EXPANDED_SIZE,neither,TIMEOUT,TIMEOUT,,,,,180.10945765500037,180.1612011090001,IN_PROGRESS,IN_PROGRESS
b2,moreDetailedTest/0069.trace,18,2,MIN_EXPANDED_SIZE,both,SAT,SAT,0,3,0,3,2.6265669229997,3.6709693829998287,PASSED,PASSED
b2,moreDetailedTest/0070.trace,18,2,MIN_EXPANDED_SIZE,neither,TIMEOUT,TIMEOUT,,,,,180.15921600799993,180.16495919800036,IN_PROGRESS,IN_PROGRESS
b2,moreDetailedTest/0071.trace,67,2,MIN_EXPANDED_SIZE,neither,TIMEOUT,TIMEOUT,,,,,180.1588065650003,180.2040046039997,IN_PROGRESS,IN_PROGRESS
b2,moreDetailedTest/0072.trace,67,2,MIN_EXPANDED_SIZE,both,SAT,SAT,0,2,0,2,2.1381346109999413,1.425777953000079,PASSED,PASSED
b2,moreDetailedTest/0073.trace,67,2,MIN_EXPANDED_SIZE,neither,TIMEOUT,TIMEOUT,,,,,180.19864538299953,180.20900757599975,IN_PROGRESS,IN_PROGRESS
b2,moreDetailedTest/0074.trace,67,2,MIN_EXPANDED_SIZE,neither,TIMEOUT,TIMEOUT,,,,,180.27136699099992,180.25408992399935,IN_PROGRESS,IN_PROGRESS
b2,moreDetailedTest/0075.trace,67,2,MIN_EXPANDED_SIZE,neither,TIMEOUT,TIMEOUT,,,,,180.18552200199997,180.24252327499994,IN_PROGRESS,IN_PROGRESS
b2,moreDetailedTest/0076.trace,67,2,MIN_EXPANDED_SIZE,neither,TIMEOUT,TIMEOUT,,,,,180.21804515500003,180.2140470639988,IN_PROGRESS,IN_PROGRESS
b2,moreDetailedTest/0077.trace,67,2,MIN_EXPANDED_SIZE,neither,TIMEOUT,TIMEOUT,,,,,180.26913307500035,180.22492062499987,IN_PROGRESS,IN_PROGRESS
b2,moreDetailedTest/0078.trace,67,2,MIN_EXPANDED_SIZE,neither,TIMEOUT,TIMEOUT,,,,,180.27302674800012,180.27054933099998,IN_PROGRESS,IN_PROGRESS
b2,moreDetailedTest/0079.trace,67,2,MIN_EXPANDED_SIZE,neither,TIMEOUT,TIMEOUT,,,,,180.36192018200018,180.29223410300028,IN_PROGRESS,IN_PROGRESS
b2,moreDetailedTest/0080.trace,67,2,MIN_EXPANDED_SIZE,neither,TIMEOUT,TIMEOUT,,,,,180.4166019690001,180.3693410800006,IN_PROGRESS,IN_PROGRESS
b2,moreDetailedTest/0081.trace,67,2,MIN_EXPANDED_SIZE,neither,TIMEOUT,TIMEOUT,,,,,180.407286763,180.33850320800002,IN_PROGRESS,IN_PROGRESS
b2,moreDetailedTest/0082.trace,67,2,MIN_EXPANDED_SIZE,both,SAT,SAT,0,2,0,2,6.461148594999031,2.7936398299998473,PASSED,PASSED
b2,moreDetailedTest/0083.trace,67,2,MIN_EXPANDED_SIZE,both,SAT,SAT,0,2,0,2,2.203022095000051,1.8624068959998112,PASSED,PASSED
b2,moreDetailedTest/0084.trace,67,2,MIN_EXPANDED_SIZE,neither,TIMEOUT,TIMEOUT,,,,,180.14800467199984,180.1220906909998,IN_PROGRESS,IN_PROGRESS
b2,moreDetailedTest/0085.trace,6,2,MIN_EXPANDED_SIZE,neither,TIMEOUT,TIMEOUT,,,,,180.13136156899964,180.15220366500034,IN_PROGRESS,IN_PROGRESS
b2,moreDetailedTest/0086.trace,6,2,MIN_EXPANDED_SIZE,both,UNSAT,UNSAT,0,0,0,0,31.169175979999636,18.102251484999215,NOT_APPLICABLE_UNSAT,NOT_APPLICABLE_UNSAT
b2,moreDetailedTest/0087.trace,6,2,MIN_EXPANDED_SIZE,neither,TIMEOUT,TIMEOUT,,,,,180.15482657899975,180.2280166649998,IN_PROGRESS,IN_PROGRESS
b2,moreDetailedTest/0088.trace,6,2,MIN_EXPANDED_SIZE,neither,TIMEOUT,TIMEOUT,,,,,180.14748201200018,180.2412818970006,IN_PROGRESS,IN_PROGRESS
b2,moreDetailedTest/0089.trace,6,2,MIN_EXPANDED_SIZE,neither,TIMEOUT,TIMEOUT,,,,,180.18836050500067,180.244282032,IN_PROGRESS,IN_PROGRESS
b2,moreDetailedTest/0090.trace,6,2,MIN_EXPANDED_SIZE,neither,TIMEOUT,TIMEOUT,,,,,180.1767724680003,180.22906533900004,IN_PROGRESS,IN_PROGRESS
b2,moreDetailedTest/0091.trace,6,2,MIN_EXPANDED_SIZE,neither,TIMEOUT,TIMEOUT,,,,,180.230808325,180.28521741400073,IN_PROGRESS,IN_PROGRESS
b2,moreDetailedTest/0092.trace,6,2,MIN_EXPANDED_SIZE,neither,TIMEOUT,TIMEOUT,,,,,180.28853497400087,180.3056962339997,IN_PROGRESS,IN_PROGRESS
b2,moreDetailedTest/0093.trace,6,2,MIN_EXPANDED_SIZE,neither,TIMEOUT,TIMEOUT,,,,,180.34635460499885,180.30362416999924,IN_PROGRESS,IN_PROGRESS
b2,moreDetailedTest/0094.trace,6,2,MIN_EXPANDED_SIZE,neither,TIMEOUT,TIMEOUT,,,,,180.36760474200128,180.36207605600066,IN_PROGRESS,IN_PROGRESS
b2,moreDetailedTest/0095.trace,6,2,MIN_EXPANDED_SIZE,neither,TIMEOUT,TIMEOUT,,,,,180.36527339399981,180.37333528099953,IN_PROGRESS,IN_PROGRESS
b2,moreDetailedTest/0096.trace,6,2,MIN_EXPANDED_SIZE,both,UNSAT,UNSAT,0,0,0,0,166.16978698799994,93.75025951800035,NOT_APPLICABLE_UNSAT,NOT_APPLICABLE_UNSAT
b2,moreDetailedTest/0097.trace,6,2,MIN_EXPANDED_SIZE,both,SAT,SAT,0,5,0,5,3.1910954710001533,4.406787644998985,PASSED,PASSED
b2,moreDetailedTest/0098.trace,6,2,MIN_EXPANDED_SIZE,macro_only,TIMEOUT,UNSAT,,,0,0,180.07755687100007,146.2663808010002,IN_PROGRESS,NOT_APPLICABLE_UNSAT
b2,moreDetailedTest/0099.trace,3,2,MIN_EXPANDED_SIZE,both,SAT,SAT,0,2,0,2,6.929763037999692,3.1329706470005476,PASSED,PASSED
b2,moreDetailedTest/0100.trace,3,2,MIN_EXPANDED_SIZE,both,SAT,SAT,0,2,0,2,1.4104608640009246,1.4343860150002001,PASSED,PASSED
b2,moreDetailedTest/0101.trace,3,2,MIN_EXPANDED_SIZE,both,SAT,SAT,0,2,0,2,6.577734794999742,3.6452425389998098,PASSED,PASSED
b2,moreDetailedTest/0102.trace,3,2,MIN_EXPANDED_SIZE,both,SAT,SAT,0,2,0,2,7.202557722001075,4.270160213998679,PASSED,PASSED
b2,moreDetailedTest/0103.trace,3,2,MIN_EXPANDED_SIZE,both,SAT,SAT,0,2,0,2,8.162402303999897,4.50767174000066,PASSED,PASSED
b2,moreDetailedTest/0104.trace,3,2,MIN_EXPANDED_SIZE,both,SAT,SAT,0,2,0,2,8.911434549999285,4.727949147998515,PASSED,PASSED
b2,moreDetailedTest/0105.trace,3,2,MIN_EXPANDED_SIZE,both,SAT,SAT,0,2,0,2,10.578458604999469,5.625441534000856,PASSED,PASSED
b2,moreDetailedTest/0106.trace,3,2,MIN_EXPANDED_SIZE,both,SAT,SAT,0,2,0,2,13.422147918998235,6.880458786999952,PASSED,PASSED
b2,moreDetailedTest/0107.trace,3,2,MIN_EXPANDED_SIZE,both,SAT,SAT,0,2,0,2,15.323466912000185,6.873669212000095,PASSED,PASSED
b2,moreDetailedTest/0108.trace,3,2,MIN_EXPANDED_SIZE,both,SAT,SAT,0,2,0,2,18.943341460000738,7.319797037000171,PASSED,PASSED
b2,moreDetailedTest/0109.trace,3,2,MIN_EXPANDED_SIZE,both,SAT,SAT,0,2,0,2,23.651618105000125,10.46531372499885,PASSED,PASSED
b2,moreDetailedTest/0110.trace,3,2,MIN_EXPANDED_SIZE,both,SAT,SAT,0,2,0,2,4.176469800000632,2.431972821999807,PASSED,PASSED
b2,moreDetailedTest/0111.trace,3,2,MIN_EXPANDED_SIZE,both,SAT,SAT,0,2,0,2,1.0656561859996145,1.194784436000191,PASSED,PASSED
b2,moreDetailedTest/0112.trace,3,2,MIN_EXPANDED_SIZE,both,SAT,SAT,0,2,0,2,4.104308404999983,2.8974080339994543,PASSED,PASSED
b2,moreDetailedTest/0113.trace,10,2,MIN_EXPANDED_SIZE,both,SAT,SAT,0,5,0,5,17.58868791199893,76.39208212300036,PASSED,PASSED
b2,moreDetailedTest/0114.trace,10,2,MIN_EXPANDED_SIZE,both,SAT,SAT,0,5,0,5,2.941012008999678,8.96951388799971,PASSED,PASSED
b2,moreDetailedTest/0115.trace,10,2,MIN_EXPANDED_SIZE,both,SAT,SAT,0,5,0,5,22.3310127069999,92.88014847400063,PASSED,PASSED
b2,moreDetailedTest/0116.trace,10,2,MIN_EXPANDED_SIZE,both,SAT,SAT,0,5,0,5,25.906818114999624,155.77434688799985,PASSED,PASSED
b2,moreDetailedTest/0117.trace,10,2,MIN_EXPANDED_SIZE,macro_only,TIMEOUT,SAT,,,0,5,180.28678578899962,134.84089168599894,IN_PROGRESS,PASSED
b2,moreDetailedTest/0118.trace,10,2,MIN_EXPANDED_SIZE,both,SAT,SAT,0,5,0,5,41.90861274500094,146.7992238349998,PASSED,PASSED
b2,moreDetailedTest/0119.trace,10,2,MIN_EXPANDED_SIZE,both,SAT,SAT,0,5,0,5,54.299860861000525,154.29147168800046,PASSED,PASSED
b2,moreDetailedTest/0120.trace,10,2,MIN_EXPANDED_SIZE,atlas_only,SAT,TIMEOUT,0,5,,,54.05669712999952,180.31455385200024,PASSED,IN_PROGRESS
b2,moreDetailedTest/0121.trace,10,2,MIN_EXPANDED_SIZE,atlas_only,SAT,TIMEOUT,0,5,,,66.81539819200043,180.38247305299956,PASSED,IN_PROGRESS
b2,moreDetailedTest/0122.trace,10,2,MIN_EXPANDED_SIZE,neither,TIMEOUT,TIMEOUT,,,,,180.47865354500027,180.35076538800058,IN_PROGRESS,IN_PROGRESS
b2,moreDetailedTest/0123.trace,10,2,MIN_EXPANDED_SIZE,atlas_only,SAT,TIMEOUT,0,5,,,102.15460062700004,180.49457339199944,PASSED,IN_PROGRESS
b2,moreDetailedTest/0124.trace,10,2,MIN_EXPANDED_SIZE,both,SAT,SAT,0,5,0,5,10.363501521999751,25.402287514000136,PASSED,PASSED
b2,moreDetailedTest/0125.trace,10,2,MIN_EXPANDED_SIZE,both,SAT,SAT,0,3,0,3,1.6472085069999594,3.046796437000012,PASSED,PASSED
b2,moreDetailedTest/0126.trace,10,2,MIN_EXPANDED_SIZE,both,SAT,SAT,0,5,0,5,12.238651998000933,55.87783817200034,PASSED,PASSED
b2,peterson/base/liveness1.trace,18,2,MIN_EXPANDED_SIZE,both,SAT,SAT,0,5,0,5,25.709312563998537,5.985699113999999,PASSED,PASSED
b2,peterson/base/liveness2.trace,18,2,MIN_EXPANDED_SIZE,both,SAT,SAT,0,5,0,5,26.15799219499968,6.114912732000448,PASSED,PASSED
b2,peterson/base/liveness3.trace,18,2,MIN_EXPANDED_SIZE,both,SAT,SAT,0,5,0,5,26.712349184999766,6.123145049000414,PASSED,PASSED
b2,peterson/base/liveness4.trace,18,2,MIN_EXPANDED_SIZE,both,SAT,SAT,0,5,0,5,24.95080243400116,5.784782738000104,PASSED,PASSED
b2,peterson/base/liveness5.trace,18,2,MIN_EXPANDED_SIZE,both,SAT,SAT,0,5,0,5,26.223560737000298,6.570341929999813,PASSED,PASSED
b2,peterson/base/safety1.trace,18,2,MIN_EXPANDED_SIZE,both,SAT,SAT,0,5,0,5,25.75319298500108,5.820612312999856,PASSED,PASSED
b2,peterson/base/safety2.trace,18,2,MIN_EXPANDED_SIZE,both,SAT,SAT,0,5,0,5,28.0919248969999,4.976538248998622,PASSED,PASSED
b2,peterson/base/safety3.trace,18,2,MIN_EXPANDED_SIZE,both,SAT,SAT,0,5,0,5,24.709001135000108,7.630517549000615,PASSED,PASSED
b2,peterson/base/safety4.trace,18,2,MIN_EXPANDED_SIZE,both,SAT,SAT,0,5,0,5,26.607173331998638,5.321865072000037,PASSED,PASSED
b2,peterson/base/safety5.trace,18,2,MIN_EXPANDED_SIZE,both,SAT,SAT,0,5,0,5,25.717594960000497,5.541204862000086,PASSED,PASSED
b2,peterson/constrained/liveness1.trace,18,2,MIN_EXPANDED_SIZE,both,SAT,SAT,0,5,0,5,25.64450266699896,12.030979913999545,PASSED,PASSED
b2,peterson/constrained/liveness2.trace,18,2,MIN_EXPANDED_SIZE,both,SAT,SAT,0,5,0,5,26.788586227999986,11.480493129000024,PASSED,PASSED
b2,peterson/constrained/liveness3.trace,18,2,MIN_EXPANDED_SIZE,both,SAT,SAT,0,5,0,5,26.845516776000295,12.491784791999635,PASSED,PASSED
b2,peterson/constrained/liveness4.trace,18,2,MIN_EXPANDED_SIZE,both,SAT,SAT,0,5,0,5,26.45402046399977,11.2997273710007,PASSED,PASSED
b2,peterson/constrained/liveness5.trace,18,2,MIN_EXPANDED_SIZE,both,SAT,SAT,0,5,0,5,24.25184584999988,12.068283254000562,PASSED,PASSED
b2,peterson/constrained/safety1.trace,18,2,MIN_EXPANDED_SIZE,both,SAT,SAT,0,5,0,5,24.937815751000016,5.203213324000217,PASSED,PASSED
b2,peterson/constrained/safety2.trace,18,2,MIN_EXPANDED_SIZE,both,SAT,SAT,0,5,0,5,24.784963290000178,5.462294387998554,PASSED,PASSED
b2,peterson/constrained/safety3.trace,18,2,MIN_EXPANDED_SIZE,both,SAT,SAT,0,5,0,5,23.725746297000114,5.121773918999679,PASSED,PASSED
b2,peterson/constrained/safety4.trace,18,2,MIN_EXPANDED_SIZE,both,SAT,SAT,0,5,0,5,26.31148721199952,5.182268814999588,PASSED,PASSED
b2,peterson/constrained/safety5.trace,18,2,MIN_EXPANDED_SIZE,both,SAT,SAT,0,5,0,5,24.873365465999996,5.103181526999833,PASSED,PASSED
b2,peterson/extra_traces/liveness1.trace,18,2,MIN_EXPANDED_SIZE,both,SAT,SAT,0,5,0,5,36.576665675000186,7.4237762520001525,PASSED,PASSED
b2,peterson/extra_traces/liveness2.trace,18,2,MIN_EXPANDED_SIZE,both,SAT,SAT,0,5,0,5,34.885065747000226,7.238057173000016,PASSED,PASSED
b2,peterson/extra_traces/liveness3.trace,18,2,MIN_EXPANDED_SIZE,both,SAT,SAT,0,5,0,5,49.09559055200043,6.748677035000583,PASSED,PASSED
b2,peterson/extra_traces/liveness4.trace,18,2,MIN_EXPANDED_SIZE,both,SAT,SAT,0,5,0,5,33.51510990499992,7.56093718000011,PASSED,PASSED
b2,peterson/extra_traces/liveness5.trace,18,2,MIN_EXPANDED_SIZE,both,SAT,SAT,0,5,0,5,35.45602031499948,6.4075061040002765,PASSED,PASSED
b2,peterson/extra_traces/safety1.trace,18,2,MIN_EXPANDED_SIZE,both,SAT,SAT,0,5,0,5,36.881664514001386,6.1449971150004785,PASSED,PASSED
b2,peterson/extra_traces/safety2.trace,18,2,MIN_EXPANDED_SIZE,both,SAT,SAT,0,5,0,5,39.92100168199977,5.3746500669985835,PASSED,PASSED
b2,peterson/extra_traces/safety3.trace,18,2,MIN_EXPANDED_SIZE,both,SAT,SAT,0,5,0,5,39.256193062999955,6.5183341090000795,PASSED,PASSED
b2,peterson/extra_traces/safety4.trace,18,2,MIN_EXPANDED_SIZE,both,SAT,SAT,0,5,0,5,35.326273703999505,7.078585896999357,PASSED,PASSED
b2,peterson/extra_traces/safety5.trace,18,2,MIN_EXPANDED_SIZE,both,SAT,SAT,0,5,0,5,37.655127537000226,6.703059300998575,PASSED,PASSED
b2,robot/RAtrace/final21.trace,2050,2,REPAIR,both,SAT,SAT,5,9,5,9,39.878172465000716,5.541959116000044,PASSED,PASSED
b2,robot/RAtrace/final22.trace,2050,2,REPAIR,both,SAT,SAT,5,9,5,9,55.67867275699973,5.486362595000173,PASSED,PASSED
b2,robot/RAtrace/final3.trace,2050,2,REPAIR,both,SAT,SAT,5,9,5,9,25.113147836999815,4.778029994000008,PASSED,PASSED
b2,robot/RAtrace/final4.trace,2050,2,REPAIR,both,SAT,SAT,5,9,5,9,78.07115962399985,6.296080126000106,PASSED,PASSED
b2,robot/RAtrace/final42.trace,2050,2,REPAIR,both,SAT,SAT,5,9,5,9,29.82538874400052,5.843949721000172,PASSED,PASSED
b2,robot/RAtrace/final43.trace,2050,2,REPAIR,both,SAT,SAT,5,9,5,9,33.921658107999974,6.007137181999951,PASSED,PASSED
b2,robot/RAtrace/final44.trace,2050,2,REPAIR,both,SAT,SAT,5,9,5,9,38.99752154399994,6.133647850999978,PASSED,PASSED
b2,robot/RAtrace/final45.trace,2050,2,REPAIR,both,SAT,SAT,5,9,5,9,58.58734307699979,7.497137417999966,PASSED,PASSED
b2,robot/RAtrace/final46.trace,2050,2,REPAIR,both,SAT,SAT,5,9,5,9,68.68250772200008,6.910906102000354,PASSED,PASSED
b2,robot/RAtrace/final47.trace,2050,2,REPAIR,both,SAT,SAT,5,9,5,9,129.72768607499893,9.106157325999902,PASSED,PASSED
b2,robot/RRtrace/order.trace,1026,2,REPAIR,both,SAT,SAT,4,9,4,9,52.29708715800007,5.292707224999958,PASSED,PASSED
b2,robot/RRtrace/order1.trace,2050,2,REPAIR,both,SAT,SAT,4,9,4,9,28.05210994700019,6.600154475999943,PASSED,PASSED
b2,robot/RRtrace/order10.trace,2050,2,REPAIR,both,SAT,SAT,4,9,4,9,121.56465527899991,8.144301840000026,PASSED,PASSED
b2,robot/RRtrace/order2.trace,2050,2,REPAIR,both,SAT,SAT,4,9,4,9,74.3256637530003,6.293498623999994,PASSED,PASSED
b2,robot/RRtrace/order4.trace,2050,2,REPAIR,both,SAT,SAT,4,9,4,9,37.477542833999905,5.366064696999956,PASSED,PASSED
b2,robot/RRtrace/order5.trace,2050,2,REPAIR,both,SAT,SAT,4,9,4,9,65.21437024100032,6.1977139979999265,PASSED,PASSED
b2,robot/RRtrace/order6.trace,2050,2,REPAIR,both,SAT,SAT,4,9,4,9,146.02459813099995,6.9141399390000515,PASSED,PASSED
b2,robot/RRtrace/order7.trace,2050,2,REPAIR,both,SAT,SAT,4,9,4,9,71.53566681700022,7.20562554900016,PASSED,PASSED
b2,robot/RRtrace/order8.trace,2050,2,REPAIR,both,SAT,SAT,4,9,4,9,130.61425721399974,7.308927749999839,PASSED,PASSED
b2,robot/RRtrace/order9.trace,2050,2,REPAIR,both,SAT,SAT,4,9,4,9,96.42840939400003,8.28927133499974,PASSED,PASSED
b2,voting_machine/voting10.trace,13,2,MIN_EXPANDED_SIZE,both,SAT,SAT,0,4,0,4,7.392080935000195,3.7085499009999694,PASSED,PASSED
b2,voting_machine/voting13.trace,13,2,MIN_EXPANDED_SIZE,both,SAT,SAT,0,4,0,4,6.852224071000819,4.894352988000037,PASSED,PASSED
b2,voting_machine/voting14.trace,13,2,MIN_EXPANDED_SIZE,both,SAT,SAT,0,4,0,4,3.2004176059999736,3.121300023999993,PASSED,PASSED
b2,voting_machine/voting2.trace,13,2,MIN_EXPANDED_SIZE,both,SAT,SAT,0,4,0,4,3.315652612998747,2.6597095990000525,PASSED,PASSED
b2,voting_machine/voting3.trace,13,2,MIN_EXPANDED_SIZE,both,SAT,SAT,0,4,0,4,14.770442516999537,4.550019324000004,PASSED,PASSED
b2,voting_machine/voting4.trace,13,2,MIN_EXPANDED_SIZE,both,SAT,SAT,0,4,0,4,4.737305988001026,4.337683045999256,PASSED,PASSED
b2,voting_machine/voting5.trace,13,2,MIN_EXPANDED_SIZE,both,SAT,SAT,0,4,0,4,3.719966689001012,3.5335910140001943,PASSED,PASSED
b2,voting_machine/voting7.trace,13,2,MIN_EXPANDED_SIZE,both,SAT,SAT,0,4,0,4,7.174812068999927,4.267874292999977,PASSED,PASSED
b2,voting_machine/voting8.trace,13,2,MIN_EXPANDED_SIZE,both,SAT,SAT,0,4,0,4,11.363450763999936,5.092135138999993,PASSED,PASSED
b2,voting_machine/voting9.trace,13,2,MIN_EXPANDED_SIZE,both,SAT,SAT,0,4,0,4,5.561248562999026,4.245404414999939,PASSED,PASSED
b2,weakening/weaken_antecedent/weaken_antecedent_100_10_10.trace,10,2,MIN_EXPANDED_SIZE,macro_only,TIMEOUT,SAT,,,0,6,180.301469386,34.23740306699983,IN_PROGRESS,PASSED
b2,weakening/weaken_antecedent/weaken_antecedent_10_100_100.trace,10,2,MIN_EXPANDED_SIZE,both,SAT,SAT,0,6,0,6,16.371427246000167,32.556814698999915,PASSED,PASSED
b2,weakening/weaken_antecedent/weaken_antecedent_10_10_10.trace,10,2,MIN_EXPANDED_SIZE,both,SAT,SAT,0,6,0,6,2.719644610999694,15.879271882000467,PASSED,PASSED
b2,weakening/weaken_antecedent/weaken_antecedent_10_15_15.trace,10,2,MIN_EXPANDED_SIZE,both,SAT,SAT,0,6,0,6,3.3550831560005463,15.989703569000994,PASSED,PASSED
b2,weakening/weaken_antecedent/weaken_antecedent_10_20_20.trace,10,2,MIN_EXPANDED_SIZE,both,SAT,SAT,0,6,0,6,3.9807487960006256,16.50944164500106,PASSED,PASSED
b2,weakening/weaken_antecedent/weaken_antecedent_10_25_25.trace,10,2,MIN_EXPANDED_SIZE,both,SAT,SAT,0,6,0,6,4.720871747998899,17.385813893999966,PASSED,PASSED
b2,weakening/weaken_antecedent/weaken_antecedent_10_30_30.trace,10,2,MIN_EXPANDED_SIZE,both,SAT,SAT,0,6,0,6,5.076371404000383,18.051074465000056,PASSED,PASSED
b2,weakening/weaken_antecedent/weaken_antecedent_10_35_35.trace,10,2,MIN_EXPANDED_SIZE,both,SAT,SAT,0,6,0,6,5.7350830220002535,18.094830247000118,PASSED,PASSED
b2,weakening/weaken_antecedent/weaken_antecedent_10_40_40.trace,10,2,MIN_EXPANDED_SIZE,both,SAT,SAT,0,6,0,6,8.12109303699981,19.459928906000187,PASSED,PASSED
b2,weakening/weaken_antecedent/weaken_antecedent_10_45_45.trace,10,2,MIN_EXPANDED_SIZE,both,SAT,SAT,0,6,0,6,8.253483679000055,21.096158111000477,PASSED,PASSED
b2,weakening/weaken_antecedent/weaken_antecedent_10_50_50.trace,10,2,MIN_EXPANDED_SIZE,both,SAT,SAT,0,6,0,6,8.547644147000028,21.32698926700141,PASSED,PASSED
b2,weakening/weaken_antecedent/weaken_antecedent_10_55_55.trace,10,2,MIN_EXPANDED_SIZE,both,SAT,SAT,0,6,0,6,10.571955748999244,25.12661499599926,PASSED,PASSED
b2,weakening/weaken_antecedent/weaken_antecedent_10_5_5.trace,10,2,MIN_EXPANDED_SIZE,both,SAT,SAT,0,6,0,6,1.9489615920001597,14.230242771000121,PASSED,PASSED
b2,weakening/weaken_antecedent/weaken_antecedent_10_60_60.trace,10,2,MIN_EXPANDED_SIZE,both,SAT,SAT,0,6,0,6,11.263276117000714,26.429943718999766,PASSED,PASSED
b2,weakening/weaken_antecedent/weaken_antecedent_10_65_65.trace,10,2,MIN_EXPANDED_SIZE,both,SAT,SAT,0,6,0,6,10.548537343000135,23.15615208099996,PASSED,PASSED
b2,weakening/weaken_antecedent/weaken_antecedent_10_70_70.trace,10,2,MIN_EXPANDED_SIZE,both,SAT,SAT,0,6,0,6,11.200667438999517,27.55960789799974,PASSED,PASSED
b2,weakening/weaken_antecedent/weaken_antecedent_10_75_75.trace,10,2,MIN_EXPANDED_SIZE,both,SAT,SAT,0,6,0,6,13.260784353000417,28.60165939000035,PASSED,PASSED
b2,weakening/weaken_antecedent/weaken_antecedent_10_80_80.trace,10,2,MIN_EXPANDED_SIZE,both,SAT,SAT,0,6,0,6,14.699843241000053,29.61092330500105,PASSED,PASSED
b2,weakening/weaken_antecedent/weaken_antecedent_10_85_85.trace,10,2,MIN_EXPANDED_SIZE,both,SAT,SAT,0,6,0,6,13.518669988000056,29.278010043999984,PASSED,PASSED
b2,weakening/weaken_antecedent/weaken_antecedent_10_90_90.trace,10,2,MIN_EXPANDED_SIZE,both,SAT,SAT,0,6,0,6,15.364854763998665,36.45235351200017,PASSED,PASSED
b2,weakening/weaken_antecedent/weaken_antecedent_10_95_95.trace,10,2,MIN_EXPANDED_SIZE,both,SAT,SAT,0,6,0,6,16.551443792999635,34.45983073399975,PASSED,PASSED
b2,weakening/weaken_antecedent/weaken_antecedent_15_10_10.trace,10,2,MIN_EXPANDED_SIZE,both,SAT,SAT,0,6,0,6,4.514358246000484,14.168721466000079,PASSED,PASSED
b2,weakening/weaken_antecedent/weaken_antecedent_20_10_10.trace,10,2,MIN_EXPANDED_SIZE,both,SAT,SAT,0,6,0,6,11.357123625000895,15.609118058000604,PASSED,PASSED
b2,weakening/weaken_antecedent/weaken_antecedent_25_10_10.trace,10,2,MIN_EXPANDED_SIZE,both,SAT,SAT,0,6,0,6,16.364828434999936,15.947598353999638,PASSED,PASSED
b2,weakening/weaken_antecedent/weaken_antecedent_30_10_10.trace,10,2,MIN_EXPANDED_SIZE,both,SAT,SAT,0,6,0,6,23.533438530999774,17.32823120500143,PASSED,PASSED
b2,weakening/weaken_antecedent/weaken_antecedent_35_10_10.trace,10,2,MIN_EXPANDED_SIZE,both,SAT,SAT,0,6,0,6,50.007542421000835,18.47035532400014,PASSED,PASSED
b2,weakening/weaken_antecedent/weaken_antecedent_40_10_10.trace,10,2,MIN_EXPANDED_SIZE,both,SAT,SAT,0,6,0,6,106.62908054199943,18.61480177200019,PASSED,PASSED
b2,weakening/weaken_antecedent/weaken_antecedent_45_10_10.trace,10,2,MIN_EXPANDED_SIZE,macro_only,TIMEOUT,SAT,,,0,6,180.33353419500008,18.80335640400017,IN_PROGRESS,PASSED
b2,weakening/weaken_antecedent/weaken_antecedent_50_10_10.trace,10,2,MIN_EXPANDED_SIZE,macro_only,TIMEOUT,SAT,,,0,6,180.3854503040002,21.290356933999647,IN_PROGRESS,PASSED
b2,weakening/weaken_antecedent/weaken_antecedent_55_10_10.trace,10,2,MIN_EXPANDED_SIZE,macro_only,TIMEOUT,SAT,,,0,6,180.34706876299992,21.28683468500094,IN_PROGRESS,PASSED
b2,weakening/weaken_antecedent/weaken_antecedent_5_10_10.trace,10,2,MIN_EXPANDED_SIZE,both,SAT,SAT,0,6,0,6,1.726107102998867,16.207489499000076,PASSED,PASSED
b2,weakening/weaken_antecedent/weaken_antecedent_60_10_10.trace,10,2,MIN_EXPANDED_SIZE,macro_only,TIMEOUT,SAT,,,0,6,180.4194912870007,23.77881305700066,IN_PROGRESS,PASSED
b2,weakening/weaken_antecedent/weaken_antecedent_65_10_10.trace,10,2,MIN_EXPANDED_SIZE,macro_only,TIMEOUT,SAT,,,0,6,180.35894121600086,23.03985698500003,IN_PROGRESS,PASSED
b2,weakening/weaken_antecedent/weaken_antecedent_70_10_10.trace,10,2,MIN_EXPANDED_SIZE,macro_only,TIMEOUT,SAT,,,0,6,180.351310861,23.93666248799991,IN_PROGRESS,PASSED
b2,weakening/weaken_antecedent/weaken_antecedent_75_10_10.trace,10,2,MIN_EXPANDED_SIZE,macro_only,TIMEOUT,SAT,,,0,6,180.42407352499959,26.76285187499991,IN_PROGRESS,PASSED
b2,weakening/weaken_antecedent/weaken_antecedent_80_10_10.trace,10,2,MIN_EXPANDED_SIZE,macro_only,TIMEOUT,SAT,,,0,6,180.35507483100014,27.713773544000105,IN_PROGRESS,PASSED
b2,weakening/weaken_antecedent/weaken_antecedent_85_10_10.trace,10,2,MIN_EXPANDED_SIZE,macro_only,TIMEOUT,SAT,,,0,6,180.32544989299822,27.002120061000824,IN_PROGRESS,PASSED
b2,weakening/weaken_antecedent/weaken_antecedent_90_10_10.trace,10,2,MIN_EXPANDED_SIZE,macro_only,TIMEOUT,SAT,,,0,6,180.37389061300019,27.285001181999178,IN_PROGRESS,PASSED
b2,weakening/weaken_antecedent/weaken_antecedent_95_10_10.trace,10,2,MIN_EXPANDED_SIZE,macro_only,TIMEOUT,SAT,,,0,6,180.38753425899995,27.772779019000154,IN_PROGRESS,PASSED
b3,weakening/weaken_consequent/weaken_consequent_100_10_10.trace,18,3,MIN_EXPANDED_SIZE,macro_only,TIMEOUT,SAT,,,0,7,180.33178534000035,29.993868186997133,IN_PROGRESS,PASSED
b3,weakening/weaken_consequent/weaken_consequent_10_100_100.trace,18,3,MIN_EXPANDED_SIZE,both,SAT,SAT,0,7,0,7,15.552829324002232,33.85401959199953,PASSED,PASSED
b3,weakening/weaken_consequent/weaken_consequent_10_10_10.trace,18,3,MIN_EXPANDED_SIZE,both,SAT,SAT,0,7,0,7,2.411696994000522,15.340122515997791,PASSED,PASSED
b3,weakening/weaken_consequent/weaken_consequent_10_15_15.trace,18,3,MIN_EXPANDED_SIZE,both,SAT,SAT,0,7,0,7,3.1147086390010372,14.60671516399816,PASSED,PASSED
b3,weakening/weaken_consequent/weaken_consequent_10_20_20.trace,18,3,MIN_EXPANDED_SIZE,both,SAT,SAT,0,7,0,7,3.830651027001295,19.116371871998126,PASSED,PASSED
b3,weakening/weaken_consequent/weaken_consequent_10_25_25.trace,18,3,MIN_EXPANDED_SIZE,both,SAT,SAT,0,7,0,7,4.337916682998184,17.388805801998387,PASSED,PASSED
b3,weakening/weaken_consequent/weaken_consequent_10_30_30.trace,18,3,MIN_EXPANDED_SIZE,both,SAT,SAT,0,7,0,7,5.037716767001257,19.93138154800181,PASSED,PASSED
b3,weakening/weaken_consequent/weaken_consequent_10_35_35.trace,18,3,MIN_EXPANDED_SIZE,both,SAT,SAT,0,7,0,7,5.600152306997188,18.44727981399774,PASSED,PASSED
b3,weakening/weaken_consequent/weaken_consequent_10_40_40.trace,18,3,MIN_EXPANDED_SIZE,both,SAT,SAT,0,7,0,7,5.861617135997221,18.961264286997903,PASSED,PASSED
b3,weakening/weaken_consequent/weaken_consequent_10_45_45.trace,18,3,MIN_EXPANDED_SIZE,both,SAT,SAT,0,7,0,7,6.33151445600015,29.349039225002343,PASSED,PASSED
b3,weakening/weaken_consequent/weaken_consequent_10_50_50.trace,18,3,MIN_EXPANDED_SIZE,both,SAT,SAT,0,7,0,7,8.028488315998402,25.405182069000148,PASSED,PASSED
b3,weakening/weaken_consequent/weaken_consequent_10_55_55.trace,18,3,MIN_EXPANDED_SIZE,both,SAT,SAT,0,7,0,7,9.302381593999598,24.37929872099994,PASSED,PASSED
b3,weakening/weaken_consequent/weaken_consequent_10_5_5.trace,18,3,MIN_EXPANDED_SIZE,both,SAT,SAT,0,7,0,7,2.0077438359985535,12.66125294900121,PASSED,PASSED
b3,weakening/weaken_consequent/weaken_consequent_10_60_60.trace,18,3,MIN_EXPANDED_SIZE,both,SAT,SAT,0,7,0,7,9.414470356001402,32.03829590100213,PASSED,PASSED
b3,weakening/weaken_consequent/weaken_consequent_10_65_65.trace,18,3,MIN_EXPANDED_SIZE,both,SAT,SAT,0,7,0,7,9.997467459998006,36.19429108899931,PASSED,PASSED
b3,weakening/weaken_consequent/weaken_consequent_10_70_70.trace,18,3,MIN_EXPANDED_SIZE,both,SAT,SAT,0,7,0,7,11.506376061999617,37.07797508499789,PASSED,PASSED
b3,weakening/weaken_consequent/weaken_consequent_10_75_75.trace,18,3,MIN_EXPANDED_SIZE,both,SAT,SAT,0,7,0,7,11.234434382000472,31.619816922997416,PASSED,PASSED
b3,weakening/weaken_consequent/weaken_consequent_10_80_80.trace,18,3,MIN_EXPANDED_SIZE,both,SAT,SAT,0,7,0,7,11.568750859998545,34.092850206998264,PASSED,PASSED
b3,weakening/weaken_consequent/weaken_consequent_10_85_85.trace,18,3,MIN_EXPANDED_SIZE,both,SAT,SAT,0,7,0,7,12.96982724999907,33.28207044100054,PASSED,PASSED
b3,weakening/weaken_consequent/weaken_consequent_10_90_90.trace,18,3,MIN_EXPANDED_SIZE,both,SAT,SAT,0,7,0,7,13.243258322996553,40.642023761996825,PASSED,PASSED
b3,weakening/weaken_consequent/weaken_consequent_10_95_95.trace,18,3,MIN_EXPANDED_SIZE,both,SAT,SAT,0,7,0,7,15.221252987001208,42.591856613002165,PASSED,PASSED
b3,weakening/weaken_consequent/weaken_consequent_15_10_10.trace,18,3,MIN_EXPANDED_SIZE,both,SAT,SAT,0,7,0,7,3.9329081989999395,13.80560063500161,PASSED,PASSED
b3,weakening/weaken_consequent/weaken_consequent_20_10_10.trace,18,3,MIN_EXPANDED_SIZE,both,SAT,SAT,0,7,0,7,10.312198651001381,14.431103759001417,PASSED,PASSED
b3,weakening/weaken_consequent/weaken_consequent_25_10_10.trace,18,3,MIN_EXPANDED_SIZE,both,SAT,SAT,0,7,0,7,14.647690861002047,12.306705078997766,PASSED,PASSED
b3,weakening/weaken_consequent/weaken_consequent_30_10_10.trace,18,3,MIN_EXPANDED_SIZE,both,SAT,SAT,0,7,0,7,22.940960690000793,14.485693530998105,PASSED,PASSED
b3,weakening/weaken_consequent/weaken_consequent_35_10_10.trace,18,3,MIN_EXPANDED_SIZE,both,SAT,SAT,0,7,0,7,48.087307349000184,17.134542951000185,PASSED,PASSED
b3,weakening/weaken_consequent/weaken_consequent_40_10_10.trace,18,3,MIN_EXPANDED_SIZE,both,SAT,SAT,0,7,0,7,95.71458356600124,18.22464648299865,PASSED,PASSED
b3,weakening/weaken_consequent/weaken_consequent_45_10_10.trace,18,3,MIN_EXPANDED_SIZE,macro_only,TIMEOUT,SAT,,,0,7,180.3267761060015,14.875297883001622,IN_PROGRESS,PASSED
b3,weakening/weaken_consequent/weaken_consequent_50_10_10.trace,18,3,MIN_EXPANDED_SIZE,macro_only,TIMEOUT,SAT,,,0,7,180.3076199829993,20.36887817400202,IN_PROGRESS,PASSED
b3,weakening/weaken_consequent/weaken_consequent_55_10_10.trace,18,3,MIN_EXPANDED_SIZE,macro_only,TIMEOUT,SAT,,,0,7,180.3373252320016,21.96443696999995,IN_PROGRESS,PASSED
b3,weakening/weaken_consequent/weaken_consequent_5_10_10.trace,18,3,MIN_EXPANDED_SIZE,both,SAT,SAT,0,7,0,7,1.6651200119995337,12.356426943002589,PASSED,PASSED
b3,weakening/weaken_consequent/weaken_consequent_60_10_10.trace,18,3,MIN_EXPANDED_SIZE,macro_only,TIMEOUT,SAT,,,0,7,180.3355646209966,23.208218838000903,IN_PROGRESS,PASSED
b3,weakening/weaken_consequent/weaken_consequent_65_10_10.trace,18,3,MIN_EXPANDED_SIZE,macro_only,TIMEOUT,SAT,,,0,7,180.35754821199953,23.675560509000206,IN_PROGRESS,PASSED
b3,weakening/weaken_consequent/weaken_consequent_70_10_10.trace,18,3,MIN_EXPANDED_SIZE,macro_only,TIMEOUT,SAT,,,0,7,180.33184978899953,24.96581481999965,IN_PROGRESS,PASSED
b3,weakening/weaken_consequent/weaken_consequent_75_10_10.trace,18,3,MIN_EXPANDED_SIZE,macro_only,TIMEOUT,SAT,,,0,7,180.31782156699774,26.629851174999203,IN_PROGRESS,PASSED
b3,weakening/weaken_consequent/weaken_consequent_80_10_10.trace,18,3,MIN_EXPANDED_SIZE,macro_only,TIMEOUT,SAT,,,0,7,180.38913865599898,21.179419317002612,IN_PROGRESS,PASSED
b3,weakening/weaken_consequent/weaken_consequent_85_10_10.trace,18,3,MIN_EXPANDED_SIZE,macro_only,TIMEOUT,SAT,,,0,7,180.30281442399792,28.335403971999767,IN_PROGRESS,PASSED
b3,weakening/weaken_consequent/weaken_consequent_90_10_10.trace,18,3,MIN_EXPANDED_SIZE,macro_only,TIMEOUT,SAT,,,0,7,180.32280593999894,27.313279420999606,IN_PROGRESS,PASSED
b3,weakening/weaken_consequent/weaken_consequent_95_10_10.trace,18,3,MIN_EXPANDED_SIZE,macro_only,TIMEOUT,SAT,,,0,7,180.27846299000157,32.63042926200069,IN_PROGRESS,PASSED
