caseId,task,family,category,B,b,inputSha256,oldStatus,oldReason,oldWallSec,checkedSizes,lastSize,lastCheckStatus,lastCheckWallSec
425c3740a42702250ec9,5to10Traces/0024.trace,5to10Traces,plain,10,2,0d57abc1154e4fe68d03e0823d739a52f7893a122f72f3fde9028f3a8ae33c3b,TIMEOUT,SMT_timeout,350.7294434780006,7,7,unknown,303.7587488449999
7bed5c9b85e434c7744e,5to10Traces/0025.trace,5to10Traces,plain,10,2,38507a0ac6501a233719bcf5b5b67c29c1621684a3e1a855dc0d13a7e773e48f,TIMEOUT,SMT_timeout,438.0994043139999,7,7,unknown,307.54402605199994
acf0474c349a687cabdf,5to10Traces/0026.trace,5to10Traces,plain,10,2,fc3f69ae20507e848cc21ca73eda7dd7bccf867f9de674721df7526c2f6463a1,TIMEOUT,SMT_timeout,433.4576302860005,7,7,unknown,307.7080601430007
b4c12816284e431368db,5to10Traces/0027.trace,5to10Traces,plain,10,2,ebc6ebfd17f860ed1799aaa5836ba235cb0bda9d86eab7bd16a584195748e4ed,TIMEOUT,SMT_timeout,651.9596184749998,7,7,unknown,315.5949392779994
989d6ebd9cc3c2d86f98,5to10Traces/0028.trace,5to10Traces,plain,10,2,ff529adeae7753e8593aa98359266dfe653752c9f93b02843e2b714d5969b8e9,TIMEOUT,SMT_timeout,517.1801086639998,7,7,unknown,311.54980250100016
197399f6380e37827dd0,5to10Traces/0029.trace,5to10Traces,plain,10,2,07a00ad7c82e28b5155dcaa566e300eeff50745de409392212cf2b4fd2399ea7,TIMEOUT,SMT_timeout,395.5022316659997,6,6,unknown,317.7698483690001
367eb7a8fe42178b329a,5to10Traces/0030.trace,5to10Traces,plain,10,2,35f848aca47ffdc2abe20fea5611e3d02f2a02a9a64ad107ce1af81e048c4b11,TIMEOUT,SMT_timeout,365.3660787559993,6,6,unknown,311.7489802500004
aeb8390cd26b98245669,5to10Traces/0031.trace,5to10Traces,plain,10,2,0e62190a102c28fd19abe1f19ac42dcbc0d81046ffc5d271154d27288c3b7d3b,TIMEOUT,SMT_timeout,446.0456088560004,6,6,unknown,324.24670619300014
16158fd11cf2e8a92717,5to10Traces/0032.trace,5to10Traces,plain,10,2,57dd97edf5cc3c106dcad445c7ae0dbdcaa578bc4fc72302ed1652e13a51bc64,TIMEOUT,SMT_timeout,680.6328857790004,7,7,unknown,319.1238523840002
a3d82e325dbd07a12087,5to10Traces/0033.trace,5to10Traces,plain,10,2,ee7ed51fee44ba93cdbb31b9b14ad02bb32f3de11c0469756dc702c50db80225,TIMEOUT,SMT_timeout,502.927259131,6,6,unknown,330.08162233799976
a966f1229194d6e6ccb9,5to10Traces/0034.trace,5to10Traces,plain,10,2,5359af3606015c7bc80e09ecb994c0944124012d2a334ddb061df8ee7e0ee7e9,TIMEOUT,SMT_timeout,401.97608103899984,6,6,unknown,317.7934067240003
98359dad407d6e583d2c,5to10Traces/0035.trace,5to10Traces,plain,10,2,c426873f1d6100da2ac5121d8557a0015b1beb10f5c91e225ec81118451b884b,TIMEOUT,SMT_timeout,553.9439454519998,6,6,unknown,336.65202396099994
53d997f3c98be7a69aec,5to10Traces/0036.trace,5to10Traces,plain,10,2,b1e2aae2986a43365166a93f9337049f72a8d732496765ee22e195921efbf547,TIMEOUT,SMT_timeout,425.3938119050008,6,6,unknown,320.6728603649999
67941091c1c8cd3753c0,5to10Traces/0037.trace,5to10Traces,plain,10,2,706cc48d00f6e56c776cb6c6f15b2e4616903816e710c5c243f51d0099d07091,TIMEOUT,SMT_timeout,571.5888779450006,6,6,unknown,342.3470559409998
3007e67cf87893d40cab,5to10Traces/0038.trace,5to10Traces,plain,10,2,d411a5a489be3c4f9746e0d02df6458494aa8173562852ada225c09ea49dfee5,TIMEOUT,SMT_timeout,462.03599647600004,6,6,unknown,324.13948951600014
bdb305f4151580fb431d,5to10Traces/0039.trace,5to10Traces,plain,10,2,aa9847bdb52c00f1c8ddb561e4735990d45a46974fadc08b61b61d3bbf22efa1,TIMEOUT,SMT_timeout,597.6840965259998,6,6,unknown,348.96059349699954
52dee0a2e5fb905d65de,5to10Traces/0040.trace,5to10Traces,plain,10,2,44f5cbcc1bfb3c796d7ca0e658ddf54d832f3fe4be5a9cdddcbb1e5e8eddf61d,TIMEOUT,SMT_timeout,445.6685144899993,6,6,unknown,327.12127703199985
aac023994ecfdbc55dae,5to10Traces/0041.trace,5to10Traces,plain,10,2,19adba18fde82da20adba26fd41cc7576324db55d448cd26ee2f06aab0e4e69a,TIMEOUT,SMT_timeout,624.7080005990001,6,6,unknown,354.43566312999974
510f56ed4ed167a3b251,5to10Traces/0042.trace,5to10Traces,plain,10,2,5cfb6e0dfec7365f0e68ecb0ad2f4f9871e8800b3c557179eff7b723e201b857,TIMEOUT,SMT_timeout,479.2352296879999,6,6,unknown,329.7659866469994
e49bdb45a6a8febcdba1,5to10Traces/0043.trace,5to10Traces,plain,10,2,0ba767b4a1ffc90b215690664a295541a24c200c57666378d08384c8d5bc52db,TIMEOUT,SMT_timeout,723.9710650380002,6,6,unknown,361.909086443
14911b77eef8ab088a4d,5to10Traces/0078.trace,5to10Traces,plain,18,2,38647e132ee55de9993f8c59a208e35d4c2ce6487de2fac015c6509a0f9e6b3c,TIMEOUT,SMT_timeout,397.87003749700125,6,6,unknown,318.190093195999
dab3233cb2438a12d495,5to10Traces/0079.trace,5to10Traces,plain,18,2,6b1f34756a919d6f363f39c71ab2178ce9a2b7c6a15cb0d3988ef8e04e59e7d3,TIMEOUT,SMT_timeout,446.8659298189996,6,6,unknown,321.71183387199926
af0d6cb1d39b1ccbb1bd,5to10Traces/0080.trace,5to10Traces,plain,18,2,f2434042464636c57e3f95690a219a0e946ad0f386c0b30fe37d6445d6301399,TIMEOUT,SMT_timeout,428.33618169299916,6,6,unknown,321.3213877899998
01fe863d09d83f5fd862,5to10Traces/0082.trace,5to10Traces,plain,18,2,4cd2b5c3744207c1bb88b4c6530198d66a9b5f692ade912133a82a8b55436b94,TIMEOUT,SMT_timeout,434.3446302020002,6,6,unknown,324.02637813399997
4cf0451487ef633e1d35,5to10Traces/0084.trace,5to10Traces,plain,18,2,90b35332457b1de8f31e323bc011ba287b72e2f64855510dfd38861206238f9e,TIMEOUT,SMT_timeout,444.49176832600097,6,6,unknown,326.5018780599985
df298dcc2e3ef24e7249,5to10Traces/0086.trace,5to10Traces,plain,18,2,929b50c651ec3b1e85ea1b9db831d7236326feb88b6dbd8e7feaa83ad80291f1,TIMEOUT,SMT_timeout,523.6156934490009,6,6,unknown,329.67565452800045
284fa4f76815844a918e,5to10Traces/0114.trace,5to10Traces,plain,67,2,5be77e06b023af1250463756bf06f6c5db3c04a372a3f491f29ab97e931bf38a,TIMEOUT,SMT_timeout,421.21909670199966,7,7,unknown,306.8694014479988
bb8b1b2c26661b7268d8,5to10Traces/0118.trace,5to10Traces,plain,67,2,7a61766dc359d3151e0d4e1ee04e9405401715c35b35d6cf874a6f7e3a076354,TIMEOUT,SMT_timeout,603.7745338289988,7,7,unknown,313.0254052929995
e3200b3320441c50b4aa,5to10Traces/0122.trace,5to10Traces,plain,67,2,897a5ba441da1c6902f1cdc93cee4464c6082662af684976e07981c9a6b917d3,TIMEOUT,SMT_timeout,399.624963672999,6,6,unknown,316.11510147399895
84be0f222006cf0a33c1,5to10Traces/0124.trace,5to10Traces,plain,67,2,55ab5b41efbf8296ff4d2cbe513f62334719832cba180ff0c7ad5be330854371,TIMEOUT,SMT_timeout,418.52756033199876,6,6,unknown,317.3539592420002
f7049eeaae035bd1af62,5to10Traces/0126.trace,5to10Traces,plain,67,2,06b8f145441a4c53b4a1f07f068961f9d977fdc8ca1bae46737002179a95f00e,TIMEOUT,SMT_timeout,452.416042928,6,6,unknown,321.97307393700066
dc960399681cbacef18f,5to10Traces/0128.trace,5to10Traces,plain,67,2,b5d6342146db3553a3dcf5758ec58215536115c1632db0303a0b7e62d038592a,TIMEOUT,SMT_timeout,463.9629633839995,6,6,unknown,324.66113445800147
782cbd1133a506750df4,5to10Traces/0130.trace,5to10Traces,plain,67,2,7eeea4da9600647b4ca3c724512372bbb595ada3823a84b02f170fa928a4c6bf,TIMEOUT,SMT_timeout,471.558200948999,6,6,unknown,326.27704654099944
7a054e54f331c3da29bc,5to10Traces/0161.trace,5to10Traces,plain,6,2,09abb388cb5185e890e0474dda93ee7673d3d8d7117e591fb747af2c191ff37b,TIMEOUT,SMT_timeout,421.572653703,6,6,unknown,317.8302642149997
a10d7b4788a823ccc6e0,5to10Traces/0163.trace,5to10Traces,plain,6,2,698048cb05237bb76881248a194dfd4222f786aff27053424c01cd4df973fcb3,TIMEOUT,SMT_timeout,467.7043974620001,6,6,unknown,324.1406454529997
b43fefd70429cd8ee843,5to10Traces/0165.trace,5to10Traces,plain,6,2,43f2142433c9b3046e39e2cecba2ab6f12de2f060be5a409edc2d34939e9cbd4,TIMEOUT,SMT_timeout,485.1529237079999,6,6,unknown,329.71297971700005
e3c60773d1caa1476d4d,5to10Traces/0167.trace,5to10Traces,plain,6,2,de9222b66cb05b730d04d9402205c708cb7a392a3663ddec8dcc12ce7051f8b2,TIMEOUT,SMT_timeout,535.7864646050002,6,6,unknown,336.6886440610001
32ebb28acc2add3761e7,5to10Traces/0168.trace,5to10Traces,plain,6,2,a7f8d4ada64dafe6ccc1158f17b1987d24509f77c20e994e0be3de8e82d2254a,TIMEOUT,SMT_timeout,422.89434283499986,6,6,unknown,320.7473786569999
de65a0e45e536c5f9c37,5to10Traces/0169.trace,5to10Traces,plain,6,2,604c64f4fe5c15293a02c7a950a094fe7237524676db62bb33b8ebcf96274598,TIMEOUT,SMT_timeout,556.7305630440001,6,6,unknown,342.24297810100006
c2c96411b6de5053a5e7,5to10Traces/0170.trace,5to10Traces,plain,6,2,e714e7763d0985a9f60e3f51e93026b7c9a055fac5e1fee366ac90f541b78e17,TIMEOUT,SMT_timeout,437.5051620989998,6,6,unknown,325.4155204110002
73ce1c5352c9e637238f,5to10Traces/0171.trace,5to10Traces,plain,6,2,b20ab982fceffe4adbbfb37241ddd8dbd85b26501d8b13f20e9fb892232c88c6,TIMEOUT,SMT_timeout,635.6189425639996,6,6,unknown,349.1016253159996
20f801a22a35e39cf4a5,5to10Traces/0172.trace,5to10Traces,plain,6,2,688cf40d1b7d992482dc722d710b7aeabe69223403907db7c6e4b1095513cfaa,TIMEOUT,SMT_timeout,464.28153009499965,6,6,unknown,326.75984557400034
92089866b061e71f419d,5to10Traces/0173.trace,5to10Traces,plain,6,2,027b9d21049f56e1d569a406b650b8449dffbfbe65a47d8da69ec7d0a0bfaa23,TIMEOUT,SMT_timeout,660.813578277,6,6,unknown,354.985541474
411d7687e65cd4f14474,5to10Traces/0174.trace,5to10Traces,plain,6,2,fe41503b69e91d4a017b84083fcd427a964966e8836a156bb0e7c99b89d4ed30,TIMEOUT,SMT_timeout,491.36160857600044,6,6,unknown,329.9225592439998
94df50dfcf59ff04a823,5to10Traces/0175.trace,5to10Traces,plain,6,2,28732aebd9a32ac10df5fde6e83c5c5b69a775b314df1fd64c6db1ea9f1cd116,TIMEOUT,SMT_timeout,727.0536069339996,6,6,unknown,361.9264756850007
8796024d9677ae4de12a,baseTest/0001.trace,baseTest,plain,10,2,9547ffb5a3f76c5b4a41be156b2d786934fb0a67853456691c927aafbe7cc350,TIMEOUT,SMT_timeout,440.9978818009995,6,6,unknown,321.39545883200026
f1488757391174b7661b,baseTest/0003.trace,baseTest,plain,10,2,9d0781db353a283bf3632c6789a888d5ec911aebae55319d22c203997ded5dd6,TIMEOUT,SMT_timeout,485.6654673309995,6,6,unknown,327.88800319300026
b1c4dec829d43740b115,baseTest/0004.trace,baseTest,plain,10,2,7aa00584c4ad2de7006e587b72dcde92c0e7845ed79c9f95bf570bb9cbfdc063,TIMEOUT,SMT_timeout,536.5886194550003,6,6,unknown,344.3974433359999
040b9fb96e2322abf986,baseTest/0005.trace,baseTest,plain,10,2,20c6c43cc7f2f8eb85ba9b564b1e146ecb731d0d44d4a16139452fb0713522a6,TIMEOUT,SMT_timeout,583.7917956029996,5,5,unknown,374.73247716900005
dca9f4c1fedcaf690068,baseTest/0006.trace,baseTest,plain,10,2,a4875e300f2efbc8da4907b662fde75274e8e6d78dce4a030d2fecd0d5b6bb40,TIMEOUT,SMT_timeout,476.6641746079995,7,7,unknown,310.8273162099995
53ab76bf302a5796b097,baseTest/0017.trace,baseTest,plain,18,2,9318a97d8cbc2695eddcd727e99f571d64603e79a45c38d72462a798bdddc12f,TIMEOUT,SMT_timeout,532.6984065969991,5,5,unknown,368.07476174099975
b3339b3557b7c60bacd6,baseTest/0018.trace,baseTest,plain,18,2,ea1b54c7e0c5cef5e8e11b4e5819c775b2cf77f09161f77412617d706fbc9bd1,TIMEOUT,SMT_timeout,584.1424220790013,5,5,unknown,396.08618688200113
cf9ed83597e24957fa66,baseTest/0019.trace,baseTest,plain,18,2,27f4306dca1eb9c7167d1d78927b29ebea54f66d6ac703d1e64f727b7ce375c1,TIMEOUT,SMT_timeout,655.4161311530006,4,4,unknown,464.2692885719989
ab953d3396fb384b2605,baseTest/0022.trace,baseTest,plain,6,2,143633c7de1d7e7a0576364eb602323960a8ebfb03194da1c0991ab456cfd847,TIMEOUT,SMT_timeout,426.1425529889998,6,6,unknown,321.7889881449996
e15ace6861bf745c5b87,baseTest/0024.trace,baseTest,plain,6,2,d723312aa8c1976041cad7d58e58659979ac2d32409b27ffe5efaf859fb9e221,TIMEOUT,SMT_timeout,507.07645438500003,6,6,unknown,331.73804957300035
c71dbdd138294fa1f80f,baseTest/0025.trace,baseTest,plain,6,2,76c4a7293fcbc391e510c9fdec6cda107581fedf9a878e65a3a67d7e897419f0,TIMEOUT,SMT_timeout,543.777609748,6,6,unknown,339.6651545980003
a574b1eb02ee1fdb3a5f,baseTest/0026.trace,baseTest,plain,6,2,c1fae1fcd3b0bb0f99c0e135639da132714f971a145d59f958b456cfd73c08c3,TIMEOUT,SMT_timeout,567.3402448749994,5,5,unknown,378.39261753699975
0d70c12e22205f66796a,baseTest/0040.trace,baseTest,plain,10,2,2d01c4a45631c22085feb6cdf4ca13217795df8db1af8aadca86e2d48e488276,TIMEOUT,SMT_timeout,660.2009329149996,4,4,unknown,467.618469807001
7ae009d75340a5a366eb,disjunctedExistence/0003.trace,disjunctedExistence,plain,36,2,424507b2de8960903fda914ede4da873c9ed6d3925a5e02f18cb3b19d0ece32e,TIMEOUT,SMT_timeout,619.7931119509994,7,7,unknown,309.37989401699997
a9036e444f2ddbd01e4d,disjunctedExistence/0006.trace,disjunctedExistence,plain,36,2,0e0f0f8358471184615f2f0433167538d8968d843bc7bcd9a977a2151225d8a2,TIMEOUT,SMT_timeout,378.9527852200008,6,6,unknown,311.0984904429988
3817d2078205938adf62,disjunctedExistence/0009.trace,disjunctedExistence,plain,36,2,1808d3ef3a9d5d8bb99423643f556bcbc170897950dc5f771dc89b5d3ea4e21d,TIMEOUT,SMT_timeout,415.0015986790004,6,6,unknown,315.31768911400104
ebe4c498c82bb0200228,disjunctedExistence/0012.trace,disjunctedExistence,plain,36,2,ca651d108be883ce1902f3503e423288abb4ccb7c55aa057ad7ac2a8dbb3c293,TIMEOUT,SMT_timeout,429.6931480359999,6,6,unknown,318.83423370400124
a7269a90e48718f3ec74,disjunctedExistence/0015.trace,disjunctedExistence,plain,36,2,1bfdce4b3f7d8319b507423f0276b9623575e0c9bd3e72db79a089df5b0b4f6b,TIMEOUT,SMT_timeout,469.5842210840001,6,6,unknown,322.76897673700114
2581a52086dc6b8708af,disjunctedExistence/0018.trace,disjunctedExistence,plain,36,2,2786837aa8a2b43607b5445f018ad5814e357ff5849f7ef8b11bb649c131a26b,TIMEOUT,SMT_timeout,537.1822919179995,6,6,unknown,330.5033946879994
61849b96652f201daa91,disjunctedExistence/0021.trace,disjunctedExistence,plain,36,2,7c153275999711b89ac7dfe3272080e06f4dfd9607e4c22582b295b2e6a11951,TIMEOUT,SMT_timeout,642.7555999509987,6,6,unknown,341.1679158530005
a8e1e8f18a3ec6e7563b,disjunctedExistence/0048.trace,disjunctedExistence,plain,134,2,f40572e52f00c672d689de94400867426882c00278f9ad24fc73f6c37a203d3c,TIMEOUT,SMT_timeout,605.0336080299985,7,7,unknown,308.87588233599854
bd82d722f9be4d871ac8,disjunctedExistence/0051.trace,disjunctedExistence,plain,134,2,aa52387a1981bbc65e2191e92595db67c0d9ea3192605a3b1c6cb022ebccd084,TIMEOUT,SMT_timeout,392.37217890699867,6,6,unknown,313.9142303300014
6e6af6f9101502e48a78,disjunctedExistence/0054.trace,disjunctedExistence,plain,134,2,092edbe817520f3dea1c1708f793a024f854f6785c11b969e7cc80168bfe7282,TIMEOUT,SMT_timeout,464.45306667600016,6,6,unknown,321.06502372999967
b5f5bfefe25ce609af09,disjunctedExistence/0055.trace,disjunctedExistence,plain,134,2,c94e259027212905fc24057176069edd3844cda7b23707d016f228c9db37693c,TIMEOUT,SMT_timeout,510.2840715959974,6,6,unknown,321.7104654440009
564d632676a2c8d3c020,disjunctedExistence/0057.trace,disjunctedExistence,plain,134,2,6e6462f56f7be1474c46e342cd9b52c0e2b197772fd4f9243e9ad16e47672048,TIMEOUT,SMT_timeout,515.7505531869974,6,6,unknown,328.6511671419976
6ce3640a3f6bdc2a9ead,disjunctedExistence/0060.trace,disjunctedExistence,plain,134,2,ae8c721ccca0c09bb1caaa404fe38187b88082487b2dd912873a54f1110e35d3,TIMEOUT,SMT_timeout,560.4774098599992,6,6,unknown,335.7013446710007
27aa18330c6933482c04,disjunctedExistence/0061.trace,disjunctedExistence,plain,134,2,05796686e3c55d78c6963abdea7159548834606d6e6ce6ea7e70e2122c847d73,TIMEOUT,SMT_timeout,655.6141985429986,6,6,unknown,336.37236999000015
f68d03d30f8f5a3b4cf0,disjunctedExistence/0063.trace,disjunctedExistence,plain,134,2,626d67f59fe04a454da0de7737bf2ad85b99392a408360b738091701b07475ab,TIMEOUT,SMT_timeout,647.7894086190008,6,6,unknown,343.98099080700194
b3255a70593f8b89bf03,disjunctedExistence/0064.trace,disjunctedExistence,plain,134,2,fc617b191fd4d845769d17e2dd10f4af437581f59ee25a7839c6dec061cc113e,TIMEOUT,SMT_timeout,682.3983848910011,6,6,unknown,344.05928691900044
d60d35b900aad921c0b3,disjunctedExistence/0066.trace,disjunctedExistence,plain,134,2,43d4cd6a258fce14a544ddfc107ce97e4591d36af4a6b020ee012f67194b5a6f,TIMEOUT,SMT_timeout,725.0605776240009,6,6,unknown,357.83548909300225
d8c299fa4defe07f41bc,disjunctedExistence/0069.trace,disjunctedExistence,plain,134,2,622819d40ba94df8d8abeb6b955778f2a23b50fbe826af1277da478a3864b519,TIMEOUT,SMT_timeout,533.8609347019992,5,5,unknown,355.00247496299926
eb6384aca7bb71503784,disjunctedExistence/0070.trace,disjunctedExistence,plain,134,2,0cfd956822f9adddc5db2a29649255f2a901633e32f3a021d3575c9899d300fe,TIMEOUT,SMT_timeout,587.8099608730008,5,5,unknown,355.15976695599966
03458c2a64614f2f246d,equal/0001.trace,equal,plain,10,2,d49246fb746c17e1586e2867db0b38c03500efb47fb5651cf4883b43a0b95c1e,TIMEOUT,SMT_timeout,620.3632094879995,7,7,unknown,315.51193174699984
f7c7eb3495a4fd4e9ac2,equal/0002.trace,equal,plain,10,2,c4c504b73ecfe3051e9f57b0451084de14d0e5758787b689f5de361e371bbb0f,TIMEOUT,SMT_timeout,481.17535223100003,8,8,unknown,301.90938769399963
47165ee0bff2704724a0,equal/0003.trace,equal,plain,10,2,a54af567df01635ac7e9ab2c69fccc5dfbe7036e61a5ece6e8b14f34a75d81f1,TIMEOUT,SMT_timeout,402.88733168899853,6,6,unknown,317.91312529099923
e46a5f755c6ef207c866,equal/0004.trace,equal,plain,10,2,332954efe6beae93332a9411a11e213582f0e3d5fca888d0efe93f8cb778dcdd,TIMEOUT,SMT_timeout,438.1788292400006,6,6,unknown,323.7532605610004
13353d855b8144270cd9,equal/0005.trace,equal,plain,10,2,86453d0b027578128918dd8e6850374eed8381f32b6ec05b52993568e47b4517,TIMEOUT,SMT_timeout,696.3993707419995,6,6,unknown,360.9609744490008
d37ea97cd95b97aee11c,equal/0006.trace,equal,plain,10,2,32a25bd96a241f1fd10f4bf5f991f6898b65b0e7799fc6e658adc867dfe067f8,TIMEOUT,SMT_timeout,495.6078333109999,7,7,unknown,307.63214753600005
31cd1aa4b62e6afb9a73,equal/0024.trace,equal,plain,6,2,591191500853d381ffc261d6fc8335d26e1dd1db3e401462025d499293c452c7,TIMEOUT,SMT_timeout,404.20957804700083,6,6,unknown,317.8119041559994
42e8757cedd11f4eebc3,equal/0025.trace,equal,plain,6,2,edb9330d0129cc0be80bf467b4cbef6358640874afff7c1a9fe9e6c3571001bc,TIMEOUT,SMT_timeout,427.5111909590005,6,6,unknown,323.874249128
56b5ff6534122a34437f,equal/0026.trace,equal,plain,6,2,88e940e86be14702db987816ee958a630575c2bd110e6bb025fa8a60b3e90740,TIMEOUT,SMT_timeout,733.9546728149999,6,6,unknown,361.86540652799977
fe2f228675639aee1b90,increasingNumVariables/0017.trace,increasingNumVariables,plain,20,2,259f511901444c8d8fdcc15939dc7c2cbcc4ef75a52afbc2fca95b757b67dfdc,TIMEOUT,SMT_timeout,376.06732445800117,7,7,unknown,303.3275496950009
ee1dbbc04bc6f0651127,increasingNumVariables/0018.trace,increasingNumVariables,plain,20,2,95dfed9bcdbf631ea398e2743fa8ed7c48bf8428fbd0951f70a91f28a335a8de,TIMEOUT,SMT_timeout,393.6928071080001,7,7,unknown,304.14361850299974
59b31b26676c47f2fe79,increasingNumVariables/0019.trace,increasingNumVariables,plain,20,2,6f005d78edc710d2c62fa5cbbde82652ac3302eed6133dca5eed9c797e70f493,TIMEOUT,SMT_timeout,440.8803951940008,7,7,unknown,304.9565724849999
764497a2fb6d824504fa,increasingNumVariables/0020.trace,increasingNumVariables,plain,20,2,311b784809d3a10949bdcc74d37655d9d9670a6d5ac7dd710e9af302bba16b28,TIMEOUT,SMT_timeout,421.91847922299894,7,7,unknown,305.82925859399984
621a87dd84376a016abb,increasingNumVariables/0021.trace,increasingNumVariables,plain,20,2,989fc91e6a7271d67957e6d27849d4bdd0bfb1ce56ac4f7b512f6d178148f375,TIMEOUT,SMT_timeout,427.6420383040004,7,7,unknown,306.59400939700026
17e40c2e0869a1a15116,increasingNumVariables/0022.trace,increasingNumVariables,plain,20,2,00d8d266dc5992c7363d439f814f2dae3511df0998a2c8d137a715baf7fa41a9,TIMEOUT,SMT_timeout,539.180664304,7,7,unknown,307.40241283700016
1ba5d4903ec780fc280b,increasingNumVariables/0023.trace,increasingNumVariables,plain,20,2,4f6b09f5963f91fc0cf5f929f73982cbc23193e0effa97207488206d56b9e47a,TIMEOUT,SMT_timeout,478.27826051400007,7,7,unknown,308.24439334199997
9f9377e39b9d74f005d1,increasingNumVariables/0024.trace,increasingNumVariables,plain,37,2,a6cb32342ce9879b98c0c7fc6e3c5ea45ab53a2b78d83e2adbb07a8fca75e9a7,TIMEOUT,SMT_timeout,352.1196711960001,7,7,unknown,302.5592578480009
62d5bbe26f6abfb6cbfc,increasingNumVariables/0025.trace,increasingNumVariables,plain,37,2,38a441c409dc2b144fe14941b02a00a5998292fb1b1082fa897059c9cb05d284,TIMEOUT,SMT_timeout,402.3131644410005,7,7,unknown,303.4827197659997
1363b1896c3263928b3b,increasingNumVariables/0026.trace,increasingNumVariables,plain,37,2,b20ab2030cacd00b675a176bb62d9a1c86f7b093e187cce6caa442da9506b75c,TIMEOUT,SMT_timeout,416.0077438549997,7,7,unknown,304.28909378499884
ba026efecbda84894bb4,increasingNumVariables/0027.trace,increasingNumVariables,plain,37,2,eef1369c346b66bd1122b82261ff2687558f5613d70c776b649a1aacabd58a8d,TIMEOUT,SMT_timeout,465.5149795569996,7,7,unknown,305.0651592160011
8bcddab97136a801a319,increasingNumVariables/0028.trace,increasingNumVariables,plain,37,2,1b1c0b48abca612269a0a5beb3e2df127dfb1f148f79e2f87cef4d6657e029bb,TIMEOUT,SMT_timeout,459.2918924349997,7,7,unknown,306.08981207500074
0d12b271ddcde03353eb,increasingNumVariables/0029.trace,increasingNumVariables,plain,37,2,8a7057275ae0b67e48e560de6a18e860f8fc1cb61de272ff2366964b469ba2c9,TIMEOUT,SMT_timeout,543.1129071270007,7,7,unknown,306.9448521430004
7b07e289b414ec8ea285,increasingNumVariables/0030.trace,increasingNumVariables,plain,37,2,8b5c385f728795afd3076a4ed38bf4d5c720f5e5896238927136d77c436417a8,TIMEOUT,SMT_timeout,478.4420338130003,7,7,unknown,307.70262010499937
3af3d5d9697d286789a6,increasingNumVariables/0031.trace,increasingNumVariables,plain,37,2,b9d9c6a6bf77197e2bd0a86c6f3ffb489ac0728893e34ce2b3455f63bc22a619,TIMEOUT,SMT_timeout,645.0885628919987,7,7,unknown,308.8605295919988
d20c54976a01453362b9,increasingNumVariables/0032.trace,increasingNumVariables,plain,70,2,b7cf7580413326dac839559fdca50aaec97939547f69aa0a041b6d9bb0412465,TIMEOUT,SMT_timeout,386.50052391899953,7,7,unknown,302.6888190389982
a6292bb8fc17bcbcedf7,increasingNumVariables/0033.trace,increasingNumVariables,plain,70,2,80d7b99994d4daf5e9963e4a57213517ce3e29bfda521ef5a4a9bc44fcaf6fab,TIMEOUT,SMT_timeout,420.52816613400137,7,7,unknown,303.5198595290003
e630a8ac8154589e692b,increasingNumVariables/0034.trace,increasingNumVariables,plain,70,2,7a65cd0145bf776eaf9661ae0e685ed7839a92690fa84acf04626812be97bbd3,TIMEOUT,SMT_timeout,431.7201110799997,7,7,unknown,304.4501120500008
1190f115131247a7bb7c,increasingNumVariables/0035.trace,increasingNumVariables,plain,70,2,15ebecdc452d631fb7707f95523a5ecc78bd0f2bff49d35ee200f63e7c5c6b2f,TIMEOUT,SMT_timeout,510.51666525200017,7,7,unknown,305.30224843200085
930f9ca7fca84a567f96,increasingNumVariables/0036.trace,increasingNumVariables,plain,70,2,e1bd7a45a448d9c2b57fbfba8920bbc7876d3d9118b370924aae2a1290865042,TIMEOUT,SMT_timeout,488.23919847899924,7,7,unknown,306.1387805689992
3c2e0fd80cb1af60e50e,increasingNumVariables/0037.trace,increasingNumVariables,plain,70,2,f7f3d0810bad48df9101e5126be866be791a9f80c7449afd5126b996deaeda0b,TIMEOUT,SMT_timeout,549.7119913569986,7,7,unknown,307.022930092
46dd6c3c6fba7baab5e7,increasingNumVariables/0038.trace,increasingNumVariables,plain,70,2,f16cbe0b14ef8b33915104913a6a856768a9bfac70fb44cecf9831cf7984ace7,TIMEOUT,SMT_timeout,568.3010971930016,7,7,unknown,308.3677212379989
40155888108d5dd9689e,increasingNumVariables/0039.trace,increasingNumVariables,plain,70,2,6870050c02c17f3d644ae520f295e016a6d1711d908c6205f2f7b3a43dc05e8a,TIMEOUT,SMT_timeout,633.1372645129995,7,7,unknown,308.77907078499993
94e91d48897b1b371d6e,increasingNumVariables/0040.trace,increasingNumVariables,plain,135,2,921304a33cc412881d129ebc4b89f7d14cb98cbacb837b96b0d52f7480b96388,TIMEOUT,SMT_timeout,377.5661704180002,7,7,unknown,302.7360546609998
d945850f52a268bc40b5,increasingNumVariables/0041.trace,increasingNumVariables,plain,135,2,bcdfd5e3a50997933d37a3c35bdcfe4532a2a6f2c2944afca3bc396dbc775e81,TIMEOUT,SMT_timeout,439.7708313969997,7,7,unknown,303.6193877259975
ff220d694b012508e4c4,increasingNumVariables/0042.trace,increasingNumVariables,plain,135,2,6fb57c460326b18a306bcbac89f5dd24e4638385447c38cf39c934ad658135f3,TIMEOUT,SMT_timeout,463.90292804099954,7,7,unknown,304.59681987899967
ab1fa8adb1d4937d2e78,increasingNumVariables/0043.trace,increasingNumVariables,plain,135,2,e3c1b84a1d5289ce903b49dc1172b72bd22a43e0a7b8320078e4b49fa2c56a74,TIMEOUT,SMT_timeout,382.9692977650011,7,7,unknown,305.4597388780021
5691c25a7be1ee4099df,increasingNumVariables/0044.trace,increasingNumVariables,plain,135,2,c9802ea70fc2803345a2dcdd124d7ba6278f5d6c9e712933544a8ee2676a66a4,TIMEOUT,SMT_timeout,490.06798236300165,7,7,unknown,306.4090871669978
00c506d5c65df9149f8f,increasingNumVariables/0045.trace,increasingNumVariables,plain,135,2,6032579f6defb002bb46a059d3c5de3598e3390aa67e72422d157126b8156c03,TIMEOUT,SMT_timeout,545.8743440849976,7,7,unknown,307.27535691600133
b96dbb6dc3e4d021d34c,increasingNumVariables/0046.trace,increasingNumVariables,plain,135,2,8fef935035582b3dde4e6bb202410be827fe5d53228fb24cd3d34a3e55070a04,TIMEOUT,SMT_timeout,581.0867074009984,7,7,unknown,308.2160957660017
6fbac21be3130b9a0018,increasingNumVariables/0047.trace,increasingNumVariables,plain,135,2,d83e3e0d444e396bd86ddd61765b6e891130500f803ad83b5af12213228a973a,TIMEOUT,SMT_timeout,355.1137469869991,6,6,unknown,307.19454966899866
da1caf66f0b1fabdacbc,increasingNumVariables/0048.trace,increasingNumVariables,plain,264,2,d4aed58d55a4dd87c058e28a7fc96aad2ca4e792a98ea7b77176a065bc08327a,TIMEOUT,SMT_timeout,394.55822721099685,7,7,unknown,302.88158310700237
4436b1af4cf5e7366412,increasingNumVariables/0049.trace,increasingNumVariables,plain,264,2,888c878df35bb95348487ec57bff7a3354f32ccc2a9f41ac35851a4eadfe2afc,TIMEOUT,SMT_timeout,436.8277874339983,7,7,unknown,303.8457312160026
ef809c43b07d94c7df02,increasingNumVariables/0050.trace,increasingNumVariables,plain,264,2,10fc0669200495687049d1e77843d7dc13d096e88b0771a03def8e260f50dbbb,TIMEOUT,SMT_timeout,389.42362149199835,7,7,unknown,304.65364822599804
66918c75e5f3e7570e85,increasingNumVariables/0051.trace,increasingNumVariables,plain,264,2,6672bdeac2b4622012f73f35569222cb61266182f5219bbd6e46b4af8cb2da19,TIMEOUT,SMT_timeout,440.57886502199835,7,7,unknown,305.658676932002
af2fc924a79816aa4530,increasingNumVariables/0052.trace,increasingNumVariables,plain,264,2,2a19bc3133fc529e868e3edd14b0b7f45a305e34c253078a07b7b224493dbf1b,TIMEOUT,SMT_timeout,518.4707022399998,7,7,unknown,306.695393451002
81da28060b04a2a59a19,increasingNumVariables/0053.trace,increasingNumVariables,plain,264,2,d70cff45984c889f671bc720917824f84e7363cb11be2e73086593ea4d075b6c,TIMEOUT,SMT_timeout,636.5876005879982,7,7,unknown,307.5713306730031
0d98e2af129900595cc6,increasingNumVariables/0054.trace,increasingNumVariables,plain,264,2,ee356efe02576d0c3b952575033ba350d4966db4ff0addd2363e3e069310b2b5,TIMEOUT,SMT_timeout,592.262975394,7,7,unknown,308.68569637700057
02ab94ed395b3814f1d5,increasingNumVariables/0055.trace,increasingNumVariables,plain,264,2,b849ed540620164df9234045e83c5dad83662531ec99376f60641f18d283a6e5,TIMEOUT,SMT_timeout,362.32252148000043,6,6,unknown,307.56302273700203
9113779f08d78d970274,moreDetailedTest/0001.trace,moreDetailedTest,plain,10,2,4cf4d87b6dcf64d2fe396c8941ee439eef2c07ee0bb76745f986cfca6ad38387,TIMEOUT,SMT_timeout,604.2972531980013,7,7,unknown,315.94163399900026
c6152dddaafc013c98f8,moreDetailedTest/0002.trace,moreDetailedTest,plain,10,2,5084c81afcaf06b16b6902315076bf6112f989b054fa18b89b040908463c4d2a,TIMEOUT,SMT_timeout,508.70942979499887,8,8,unknown,301.9144427029987
ec0a8b536e75f06ea5c9,moreDetailedTest/0003.trace,moreDetailedTest,plain,10,2,f9f5d3d029d409c5305aa6b97040981e8b92e9d8395100b7b255f1b519919b40,TIMEOUT,SMT_timeout,678.5961929389996,7,7,unknown,319.1422801110002
2f57ce79dc18adeb9f59,moreDetailedTest/0004.trace,moreDetailedTest,plain,10,2,e136448c7c701e599a0b3efdcad78036bb9e505fbf0def50d71a99f2f147e298,TIMEOUT,SMT_timeout,404.5928187289992,6,6,unknown,318.06729204800104
bc95b96377bc16546c5d,moreDetailedTest/0005.trace,moreDetailedTest,plain,10,2,de22b10e381746d23576b1b6da56d8fb96336abaa7a8fcf3af83451d90b053dc,TIMEOUT,SMT_timeout,417.95178786200086,6,6,unknown,321.11627632400086
9bb4071d621c2001ce96,moreDetailedTest/0006.trace,moreDetailedTest,plain,10,2,43b61c5334fb0f3169a01dbea98283428ad2fd75d05a745550f085f3e521d13e,TIMEOUT,SMT_timeout,454.02974652600005,6,6,unknown,323.9749454060002
4d07cb81a9f83c38f78f,moreDetailedTest/0007.trace,moreDetailedTest,plain,10,2,7a0a09d61e11823dea8fbf76baf9035e3e954de856ccb0f15a0ad3ecfe085e64,TIMEOUT,SMT_timeout,517.4592112509999,6,6,unknown,332.57212125300066
c0e59cdbea5060266e33,moreDetailedTest/0008.trace,moreDetailedTest,plain,10,2,81fcf02a9c3188214421026ae6f166dd3b5ccadc1ba4fa7e068e9ba3f4817ce9,TIMEOUT,SMT_timeout,530.1814515509996,6,6,unknown,335.8061435849995
ad3e1859ed6e562ae92a,moreDetailedTest/0009.trace,moreDetailedTest,plain,10,2,56790fbff4317f35615723262cdac2582549afa62898ba3f81853102ff753346,TIMEOUT,SMT_timeout,567.1907915009997,6,6,unknown,344.27463610199993
bea2ffbda637f43cfd23,moreDetailedTest/0010.trace,moreDetailedTest,plain,10,2,5e3e0c2c5d3bd4c91cd27e1e8b1cfea9ac7a38750743a778544f7df88c109936,TIMEOUT,SMT_timeout,672.9141105660001,6,6,unknown,348.4379587200001
ea03148b307915270f1f,moreDetailedTest/0011.trace,moreDetailedTest,plain,10,2,e38a5917378b9df7d12d300f9eb69929ec77ddb6206f1394ba703e78f7785083,TIMEOUT,SMT_timeout,699.5701072519987,6,6,unknown,361.1914370810009
1a0175785b656aa6a1fe,moreDetailedTest/0012.trace,moreDetailedTest,plain,10,2,20038ffb35a9422faf3a508b108755482e87fe9c437e1e9a725582cd1d97d490,TIMEOUT,SMT_timeout,426.92561405800006,7,7,unknown,307.7106410329998
a68a8593243d1de1e50b,moreDetailedTest/0014.trace,moreDetailedTest,plain,10,2,ba75fbfc0ad01cc18fc4806b36dde4b7b6f65bfc9dd04659b0fc087e4c2ae893,TIMEOUT,SMT_timeout,528.0401932040004,7,7,unknown,311.31764446499983
8c7806ac0dd277c67e28,moreDetailedTest/0060.trace,moreDetailedTest,plain,18,2,099d374b4a79e557ce8625dbf70b7ef4051854a9f6f427ea06dfa804137155f0,TIMEOUT,SMT_timeout,394.4038788710004,6,6,unknown,317.89368870600083
c050aac0240d1a753a13,moreDetailedTest/0061.trace,moreDetailedTest,plain,18,2,39181bf238c368c6bf999b400b5dc580ed71990f1b8847bb509a88918425558d,TIMEOUT,SMT_timeout,437.14522150599987,6,6,unknown,321.396104468
ab480f0ce11630028cbc,moreDetailedTest/0062.trace,moreDetailedTest,plain,18,2,8c05c01f1fa86672e622c5898300ef68087cab4fc917aefd4fa0eb99e0d31ce8,TIMEOUT,SMT_timeout,439.66528232400015,6,6,unknown,323.95272914700035
41e12737886684b6110a,moreDetailedTest/0063.trace,moreDetailedTest,plain,18,2,71ee2e001d753ea974c5b2f5ad823ccc113a64daafa89dabcd113ec476fd9ca8,TIMEOUT,SMT_timeout,495.86037266399944,6,6,unknown,330.281370748
bc32d642fa8290ccdc3e,moreDetailedTest/0064.trace,moreDetailedTest,plain,18,2,9172e3fe9b33b37e7da8cdc2f455f4a54cb2a904a7da6128c606135935bdecee,TIMEOUT,SMT_timeout,520.0498154429988,6,6,unknown,336.34906696799953
0b41545393c3fe19d4e9,moreDetailedTest/0065.trace,moreDetailedTest,plain,18,2,49de086b4b2deb5277c139bb937dd02cb7da0ec67d8e0413ed0599c3758ee5e4,TIMEOUT,SMT_timeout,586.5427823560003,6,6,unknown,343.5030809809996
73a522a7830f19e9ba4e,moreDetailedTest/0066.trace,moreDetailedTest,plain,18,2,cbfc471d055d6f53923782080bf95050aaed9d3165c0bc4c90e820b6576d5892,TIMEOUT,SMT_timeout,589.7866155459997,6,6,unknown,349.0758442360002
697c60c3afa130838b37,moreDetailedTest/0067.trace,moreDetailedTest,plain,18,2,8bfdde9b0d67c345e53fdae02ca930b5a4ee38ecdf22abe9d65008bc14c87ade,TIMEOUT,SMT_timeout,749.127118684999,6,6,unknown,362.3264492929993
cca318a7985234e2c1b5,moreDetailedTest/0071.trace,moreDetailedTest,plain,67,2,57d13b17b326ec9ce16c93c3b3a3cd58a31d7fea0d319c9f63b4a363c220f75a,TIMEOUT,SMT_timeout,646.0314670690004,7,7,unknown,313.6656084210008
4f8c3e333485aafa9f1f,moreDetailedTest/0073.trace,moreDetailedTest,plain,67,2,e742f6337ec6bd9e7bda1c2065502eee6341208300398b0c703fa2b0bb35defd,TIMEOUT,SMT_timeout,685.0469300530003,7,7,unknown,316.6191332750004
fd0f205a7cabdf1542c3,moreDetailedTest/0074.trace,moreDetailedTest,plain,67,2,2e1fb6f79c6a1faa78f4871a322a26feeec4f3b6891910359cb1e871d607b1e2,TIMEOUT,SMT_timeout,387.5993612760012,6,6,unknown,316.1575316109993
27332588d6ff2e5e177e,moreDetailedTest/0075.trace,moreDetailedTest,plain,67,2,7996d9940d778813e5fbcdafe6750a3b9a0af65c0477403f060535cc6e24d64f,TIMEOUT,SMT_timeout,425.13304424499984,6,6,unknown,318.9727824780002
ad5490d0208a8af107ae,moreDetailedTest/0076.trace,moreDetailedTest,plain,67,2,831e91124dcee39271a6aedcc45c8f5fe5958dd7ae0f3ff4ae212e0c32fe0667,TIMEOUT,SMT_timeout,429.5178317769969,6,6,unknown,321.1292444819992
2cd97894418df120b043,moreDetailedTest/0077.trace,moreDetailedTest,plain,67,2,b00e1c488a1ff227de8228fb648596ebfe829fd0352e1b171b29410e87917875,TIMEOUT,SMT_timeout,462.6301028049984,6,6,unknown,327.232210098
de683b3fca448924021a,moreDetailedTest/0078.trace,moreDetailedTest,plain,67,2,7b8192397809be8eb1f97061b084ca8b89710901cf2a3fff0f17b27f7f211ffa,TIMEOUT,SMT_timeout,524.1315938260013,6,6,unknown,329.82955598399894
cc7f497f4fcf57fb22f4,moreDetailedTest/0079.trace,moreDetailedTest,plain,67,2,73361930f2abc56658d9de6f4f3cf4ee57a4b1ba1f5dd96eaab48b01b811babb,TIMEOUT,SMT_timeout,558.6532713139986,6,6,unknown,335.33034539099936
cac71131d3f3d1ccf9c0,moreDetailedTest/0080.trace,moreDetailedTest,plain,67,2,f88b209c9f44897c74fcb5ea01127241b0ff75ad97d626894bb652e787c86ffc,TIMEOUT,SMT_timeout,645.7389697029994,6,6,unknown,345.64257413199994
98eedcec895812c7375e,moreDetailedTest/0081.trace,moreDetailedTest,plain,67,2,e6daa1f5db8caa045d341a205eb90d0b19075f97e51295dda11e06a855c805fb,TIMEOUT,SMT_timeout,678.3338594500001,6,6,unknown,353.0462317550009
b6a64a178fa289e22da0,moreDetailedTest/0084.trace,moreDetailedTest,plain,67,2,26248e3a236ebf1aa7a6c5bc31aafbc13134a9a5d9990871a12935b8737fc8a3,TIMEOUT,SMT_timeout,548.1503456449973,7,7,unknown,310.682406275002
76316d7a3e764f7ecf3a,moreDetailedTest/0088.trace,moreDetailedTest,plain,6,2,f43cb075a600217404d8150609c59e79796ebce8b054f4583035ef7b4b9d6e7c,TIMEOUT,SMT_timeout,411.15188616199976,6,6,unknown,318.1136790740002
0a0da6d3ccd18b414141,moreDetailedTest/0089.trace,moreDetailedTest,plain,6,2,10eb82fc9b894566e2bdda7fbe063f53fb1f1ab040f98850aea7e910a9bcf07a,TIMEOUT,SMT_timeout,417.71562705699944,6,6,unknown,320.7520495280005
29beb468a1c38447a74d,moreDetailedTest/0090.trace,moreDetailedTest,plain,6,2,ec4fab11813386fee859e75b27a799e8016ac7481d19106d22ea040bbdf7c32b,TIMEOUT,SMT_timeout,455.45665233900036,6,6,unknown,324.023612252
6b07a04478839def6bba,moreDetailedTest/0091.trace,moreDetailedTest,plain,6,2,5fd6f2cf1a0d0eeb256b4bdcb37d8224953e2cbb7d9ca333188168ce6ccdb57d,TIMEOUT,SMT_timeout,475.64059979600006,6,6,unknown,329.9487348449993
d4f5e83ecf71878393df,moreDetailedTest/0092.trace,moreDetailedTest,plain,6,2,5c5aa51423d0defa0ed2cc7df8cd3de4afaee02c847b7d08887824bd0de72351,TIMEOUT,SMT_timeout,523.5286029000008,6,6,unknown,336.7530102109995
ae76e98082b702a3aa03,moreDetailedTest/0093.trace,moreDetailedTest,plain,6,2,806ba714d81d3e8de22d2a83623ccbe9a8b2ae65952d868b09fae1a9c6591b06,TIMEOUT,SMT_timeout,580.3483300849998,6,6,unknown,342.80253621799966
5241eb946294e4f61ea7,moreDetailedTest/0094.trace,moreDetailedTest,plain,6,2,d8a87b17ca65acd920f9826c0a9c8fdb588f555dc94081ffad59d1482b7c0427,TIMEOUT,SMT_timeout,657.3791192000008,6,6,unknown,349.1296645100001
6ab2017833d10d182c77,moreDetailedTest/0095.trace,moreDetailedTest,plain,6,2,aacc5e739f98705704ae7b20d558c66a79cef79dd0a61648486cee28a2a04d11,TIMEOUT,SMT_timeout,749.4708964170004,6,6,unknown,362.74973887800024
