algorithm,task,family,variant,repeat,status,outcome,solverMode,fallbackReason,B,b,p,K,qStates,fiberCount,activeAnchors,activeMacroEdges,expandedSize,objectiveKind,objectivePrimary,objectiveSecondary,analysisSec,registrySec,fiberSec,encodingSec,solverSec,decodeSec,verifySec,totalSec,peakRssKb,verification,modelBytes,vars,backendTotalClauses,error,searchNodeUniverse,primaryVars,semanticTypeCount,selectedFiberCount,meanRepresentativeLength,maxRepresentativeLength,optimizationPasses,fallbackUsed,backendTranslationCount,costStrategy,unquotientedFiberCount,encodedFiberCount,costScope,parseSec,translationAndSolveSec,totalInternalSec,inputTraceCount,reducedTraceCount,smallFormulaSec,smallFormulaBound,learnedDagNodes,learnedUnaryNodes,learnedBinaryNodes,learnedUnaryDepth,learnedHasSharing,axis,axisValue,regime,target,targetUnaryDepth,targetBinaryNodes,AP,positive,negative,length,profile,requiredPropositions,q,compressionPotential,recognizedFeatures,seed,traceSetHash,certifiedMinNodes,certifiedMinBinary,construction,runCommit,timeoutSec,solved
ATLAS-B,rq4c_binary/n02.trace,rq4c_binary,atlas-b,1,SAT,,ATLAS_B,,3,1,0,3,1,,,,3,MIN_EXPANDED_SIZE,0,3,0.037016358,,,0.028156755,0.189463978,0.017331067,0.011612576,0.6534961020006449,84108,PASSED,2286,1240,3259,,5,88,,,,,1,,1,,,,3,,,0.542465751,,,,,3,0,1,0,False,certified_binary_arity,2,certified_binary,"&(x0,x1)",0,1,2,1,3,1,none,,1,0.0,,20263924,abe8260b908f38f99e47646ac93e4994eb2c29d9c7a8612ddcaa3b3c90030bc8,3,1,certified_binary,1bc3be5c36f454f9448825296a9f1709d676106d,180.0,True
MacroATLAS,rq4c_binary/n02.trace,rq4c_binary,macro,1,SAT,,MACRO,,3,1,0,3,1,1,3,3,3,MIN_EXPANDED_SIZE,0,3,0.030673603,0.000399529,0.00609716,0.002414235,0.471386842,0.005454985,0.007984253,0.7143343650004681,88892,PASSED,4106,1941,4241,,3,175,1,1,0.0,0,1,,1,WEIGHTED_MAXSAT,1,1,3,0.175752123,0.295634719,0.600839926,4,4,0.009015556,0,3,0,1,0,False,certified_binary_arity,2,certified_binary,"&(x0,x1)",0,1,2,1,3,1,none,,1,0.0,,20263924,abe8260b908f38f99e47646ac93e4994eb2c29d9c7a8612ddcaa3b3c90030bc8,3,1,certified_binary,1bc3be5c36f454f9448825296a9f1709d676106d,180.0,True
ATLAS-B,rq4c_binary/n03.trace,rq4c_binary,atlas-b,1,SAT,,ATLAS_B,,5,2,0,5,1,,,,5,MIN_EXPANDED_SIZE,0,5,0.032705088,,,0.035935982,0.328980353,0.018489313,0.014347279,0.8204223129996535,96012,PASSED,2814,4093,12121,,8,222,,,,,1,,1,,,,5,,,0.709926335,,,,,5,0,2,0,False,certified_binary_arity,3,certified_binary,"&(x0,&(x1,x2))",0,2,3,1,7,1,none,,1,0.0,,20263924,71042c1ed1e02606c5f055af201bfdf81e6dbd862af2ed331b34e95a856ff1a0,5,2,certified_binary,1bc3be5c36f454f9448825296a9f1709d676106d,180.0,True
MacroATLAS,rq4c_binary/n03.trace,rq4c_binary,macro,1,SAT,,MACRO,,5,2,0,5,1,1,5,5,5,MIN_EXPANDED_SIZE,0,5,0.034383067,0.0004234,0.005569527,0.002551918,0.631474488,0.005768881,0.01787956,0.8888762110000243,109424,PASSED,5780,6463,15745,,5,476,1,1,0.0,0,1,,1,WEIGHTED_MAXSAT,1,1,5,0.185449536,0.446024952,0.761389172,8,8,0.005366003,0,5,0,2,0,False,certified_binary_arity,3,certified_binary,"&(x0,&(x1,x2))",0,2,3,1,7,1,none,,1,0.0,,20263924,71042c1ed1e02606c5f055af201bfdf81e6dbd862af2ed331b34e95a856ff1a0,5,2,certified_binary,1bc3be5c36f454f9448825296a9f1709d676106d,180.0,True
ATLAS-B,rq4c_binary/n04.trace,rq4c_binary,atlas-b,1,SAT,,ATLAS_B,,7,3,0,7,1,,,,7,MIN_EXPANDED_SIZE,0,7,0.035834611,,,0.030069248,0.451032747,0.017839258,0.014916722,0.9592477119995237,106024,PASSED,3944,11501,37830,,11,464,,,,,1,,1,,,,7,,,0.811658804,,,,,7,0,3,0,False,certified_binary_arity,4,certified_binary,"&(x0,&(x1,&(x2,x3)))",0,3,4,1,15,1,none,,1,0.0,,20263924,7f0dc63f745b670ed32537eeab2a8ad5b2c8d99446fb39be473fbe399c3bb3a6,7,3,certified_binary,1bc3be5c36f454f9448825296a9f1709d676106d,180.0,True
MacroATLAS,rq4c_binary/n04.trace,rq4c_binary,macro,1,SAT,,MACRO,,7,3,0,7,1,1,7,7,7,MIN_EXPANDED_SIZE,0,7,0.034112261,0.000397129,0.005654059,0.002887606,0.869049217,0.00523168,0.010796607,1.1298050969999167,136476,PASSED,8528,16427,42114,,7,1041,1,1,0.0,0,1,,1,WEIGHTED_MAXSAT,1,1,7,0.232267788,0.636781429,0.998143613,16,16,0.005635898,0,7,0,3,0,False,certified_binary_arity,4,certified_binary,"&(x0,&(x1,&(x2,x3)))",0,3,4,1,15,1,none,,1,0.0,,20263924,7f0dc63f745b670ed32537eeab2a8ad5b2c8d99446fb39be473fbe399c3bb3a6,7,3,certified_binary,1bc3be5c36f454f9448825296a9f1709d676106d,180.0,True
ATLAS-B,rq4c_binary/n05.trace,rq4c_binary,atlas-b,1,SAT,,ATLAS_B,,9,4,0,9,1,,,,9,MIN_EXPANDED_SIZE,0,9,0.035888281,,,0.047281413,0.92200944,0.023183221,0.053627958,1.4621063960003085,201328,PASSED,6348,26131,88797,,14,910,,,,,2,,2,,,,9,,,1.331042025,,,,,9,0,4,0,False,certified_binary_arity,5,certified_binary,"&(x0,&(x1,&(x2,&(x3,x4))))",0,4,5,1,31,1,none,,1,0.0,,20263924,b057efd0aa8a15d7d2ed826d0b431d9d028382547df2476a993d72d9d7df1223,9,4,certified_binary,1bc3be5c36f454f9448825296a9f1709d676106d,180.0,True
MacroATLAS,rq4c_binary/n05.trace,rq4c_binary,macro,1,SAT,,MACRO,,9,4,0,9,1,1,9,9,9,MIN_EXPANDED_SIZE,0,9,0.032732209,0.00045564,0.005791562,0.006418046,3.104443748,0.005561607,0.018573255,3.3927623379995566,231512,PASSED,13640,37933,100797,,9,2114,1,1,0.0,0,2,,2,WEIGHTED_MAXSAT,1,1,9,0.501262077,2.603181671,3.256899058,32,32,0.005832224,0,9,0,4,0,False,certified_binary_arity,5,certified_binary,"&(x0,&(x1,&(x2,&(x3,x4))))",0,4,5,1,31,1,none,,1,0.0,,20263924,b057efd0aa8a15d7d2ed826d0b431d9d028382547df2476a993d72d9d7df1223,9,4,certified_binary,1bc3be5c36f454f9448825296a9f1709d676106d,180.0,True
ATLAS-B,rq4c_binary/n06.trace,rq4c_binary,atlas-b,1,SAT,,ATLAS_B,,11,5,0,11,1,,,,11,MIN_EXPANDED_SIZE,0,11,0.029047545,,,0.055799687,2.001161267,0.02397434,0.017389688,2.5260940759999357,244800,PASSED,11441,62255,218007,,17,1776,,,,,2,,2,,,,11,,,2.385996488,,,,,11,0,5,0,False,certified_binary_arity,6,certified_binary,"&(x0,&(x1,&(x2,&(x3,&(x4,x5)))))",0,5,6,1,63,1,none,,1,0.0,,20263924,34beead46c702b16cf4a0044d8a575bfb07ca9bb06f308f8912e8d23b9a0f6de,11,5,certified_binary,1bc3be5c36f454f9448825296a9f1709d676106d,180.0,True
MacroATLAS,rq4c_binary/n06.trace,rq4c_binary,macro,1,SAT,,MACRO,,11,5,0,11,1,1,11,11,11,MIN_EXPANDED_SIZE,0,11,0.029960266,0.000452241,0.009048737,0.007819619,11.85037776,0.006327975,0.012163809,12.199003881999488,280348,PASSED,23956,82567,224907,,11,4247,1,1,0.0,0,2,,2,WEIGHTED_MAXSAT,1,1,11,0.598287639,11.252090121,12.033736848,64,64,0.007003531,0,11,0,5,0,False,certified_binary_arity,6,certified_binary,"&(x0,&(x1,&(x2,&(x3,&(x4,x5)))))",0,5,6,1,63,1,none,,1,0.0,,20263924,34beead46c702b16cf4a0044d8a575bfb07ca9bb06f308f8912e8d23b9a0f6de,11,5,certified_binary,1bc3be5c36f454f9448825296a9f1709d676106d,180.0,True
ATLAS-B,rq4c_binary/n07.trace,rq4c_binary,atlas-b,1,SAT,,ATLAS_B,,13,6,0,13,1,,,,13,MIN_EXPANDED_SIZE,0,13,0.033060047,,,0.073460812,16.490668231,0.033415435,0.027202533,17.12296111699925,367004,PASSED,22224,132780,471187,,20,3542,,,,,2,,2,,,,13,,,16.938564616,,,,,13,0,6,0,False,certified_binary_arity,7,certified_binary,"&(x0,&(x1,&(x2,&(x3,&(x4,&(x5,x6))))))",0,6,7,1,127,1,none,,1,0.0,,20263924,11412e7b39b1885efb6ae10faea50ac5084fa207c580f2c6a00db653fdc6d36c,13,6,certified_binary,1bc3be5c36f454f9448825296a9f1709d676106d,180.0,True
MacroATLAS,rq4c_binary/n07.trace,rq4c_binary,macro,1,TIMEOUT,,MACRO,,13,6,0,13,1,,,,,MIN_EXPANDED_SIZE,,,0.031436519,,,,,,,180.0354109279997,624476,IN_PROGRESS,,,,TIMEOUT,,,,,,,,,,,,,,,,,,,,,,,,,,certified_binary_arity,7,certified_binary,"&(x0,&(x1,&(x2,&(x3,&(x4,&(x5,x6))))))",0,6,7,1,127,1,none,,1,0.0,,20263924,11412e7b39b1885efb6ae10faea50ac5084fa207c580f2c6a00db653fdc6d36c,13,6,certified_binary,1bc3be5c36f454f9448825296a9f1709d676106d,180.0,False
ATLAS-B,rq4c_unary/d04.trace,rq4c_unary,atlas-b,1,SAT,,ATLAS_B,,5,0,0,2,1,,,,5,MIN_EXPANDED_SIZE,0,5,0.030090099,,,0.043389883,0.904616682,0.014964263,0.012800843,1.4300862629997937,214404,PASSED,6672,79076,259459,,6,2393,,,,,1,,1,,,,5,,,1.269851704,,,,,5,4,0,4,False,certified_unary_depth,4,certified_unary,X(X(X(X(x0)))),4,0,1,16,16,6,none,,1,0.6,,20263924,1f469048646be06c58cbbdc2b6274314990c10c3b6a46905b23a5570406b6cef,5,0,certified_unary,1bc3be5c36f454f9448825296a9f1709d676106d,180.0,True
MacroATLAS,rq4c_unary/d04.trace,rq4c_unary,macro,1,SAT,,MACRO,,5,0,0,2,1,6,1,1,5,MIN_EXPANDED_SIZE,0,5,0.030231832,0.000492571,0.011981535,0.004048513,0.928969179,0.005250631,0.014964392,1.2371677959999943,158656,PASSED,11926,21198,40975,,2,1573,6,1,4.0,4,1,,1,WEIGHTED_MAXSAT,6,5,5,0.254755872,0.674213307,1.111475668,32,32,0.005529867,0,5,4,0,4,False,certified_unary_depth,4,certified_unary,X(X(X(X(x0)))),4,0,1,16,16,6,none,,1,0.6,,20263924,1f469048646be06c58cbbdc2b6274314990c10c3b6a46905b23a5570406b6cef,5,0,certified_unary,1bc3be5c36f454f9448825296a9f1709d676106d,180.0,True
ATLAS-B,rq4c_unary/d06.trace,rq4c_unary,atlas-b,1,SAT,,ATLAS_B,,7,0,0,2,1,,,,7,MIN_EXPANDED_SIZE,0,7,0.030380016,,,0.034298345,1.732965517,0.035692276,0.022199019,2.2770516139999017,438012,PASSED,7274,247125,835421,,8,4247,,,,,1,,1,,,,7,,,2.123363566,,,,,7,6,0,6,False,certified_unary_depth,6,certified_unary,X(X(X(X(X(X(x0)))))),6,0,1,16,16,8,none,,1,0.7142857142857143,,20263924,dd8b4da84bc0a77225c738bdcbd137fa9f9c541ca1688324aed685d19d774a02,7,0,certified_unary,1bc3be5c36f454f9448825296a9f1709d676106d,180.0,True
MacroATLAS,rq4c_unary/d06.trace,rq4c_unary,macro,1,SAT,,MACRO,,7,0,0,2,1,8,1,1,7,MIN_EXPANDED_SIZE,0,7,0.036546927,0.000455391,0.007765048,0.004267448,1.096391862,0.004658017,0.011633216,1.4099229209996338,181032,PASSED,12750,27441,55140,,2,1897,8,1,6.0,6,1,,1,WEIGHTED_MAXSAT,8,7,7,0.310488989,0.785902873,1.262946466,32,32,0.008511865,0,7,6,0,6,False,certified_unary_depth,6,certified_unary,X(X(X(X(X(X(x0)))))),6,0,1,16,16,8,none,,1,0.7142857142857143,,20263924,dd8b4da84bc0a77225c738bdcbd137fa9f9c541ca1688324aed685d19d774a02,7,0,certified_unary,1bc3be5c36f454f9448825296a9f1709d676106d,180.0,True
ATLAS-B,rq4c_unary/d08.trace,rq4c_unary,atlas-b,1,SAT,,ATLAS_B,,9,0,0,2,1,,,,9,MIN_EXPANDED_SIZE,0,9,0.037727034,,,0.056488883,7.93913719,0.018919213,0.0253084,8.510266946000229,1036588,PASSED,7877,604909,2072636,,10,6629,,,,,2,,2,,,,9,,,8.326813406,,,,,9,8,0,8,False,certified_unary_depth,8,certified_unary,X(X(X(X(X(X(X(X(x0)))))))),8,0,1,16,16,10,none,,1,0.7777777777777778,,20263924,82b6d242dfa03003e07fd8a4f8fff8750e3854bda08a4bf1cc87334e00ec6e53,9,0,certified_unary,1bc3be5c36f454f9448825296a9f1709d676106d,180.0,True
MacroATLAS,rq4c_unary/d08.trace,rq4c_unary,macro,1,SAT,,MACRO,,9,0,0,2,1,10,1,1,9,MIN_EXPANDED_SIZE,0,9,0.031680415,0.00043057,0.00872836,0.008606118,1.627884081,0.004612926,0.014269557,1.9430031359997884,347460,PASSED,13662,34585,72105,,2,2221,10,1,8.0,8,2,,2,WEIGHTED_MAXSAT,10,9,9,0.41713374,1.210750341,1.789543643,32,32,0.004497383,0,9,8,0,8,False,certified_unary_depth,8,certified_unary,X(X(X(X(X(X(X(X(x0)))))))),8,0,1,16,16,10,none,,1,0.7777777777777778,,20263924,82b6d242dfa03003e07fd8a4f8fff8750e3854bda08a4bf1cc87334e00ec6e53,9,0,certified_unary,1bc3be5c36f454f9448825296a9f1709d676106d,180.0,True
ATLAS-B,rq4c_unary/d10.trace,rq4c_unary,atlas-b,1,SAT,,ATLAS_B,,11,0,0,2,1,,,,11,MIN_EXPANDED_SIZE,0,11,0.029542976,,,0.04974262,15.344296385,0.016652141,0.014555083,15.914063449000423,1878176,PASSED,8613,1259233,4344216,,12,9539,,,,,2,,2,,,,11,,,15.70535403,,,,,11,10,0,10,False,certified_unary_depth,10,certified_unary,X(X(X(X(X(X(X(X(X(X(x0)))))))))),10,0,1,16,16,12,none,,1,0.8181818181818181,,20263924,ff7c6796bc39e6bec3638c3cced64ce3d194718d4b3a3a7b2119cdb5a2659a85,11,0,certified_unary,1bc3be5c36f454f9448825296a9f1709d676106d,180.0,True
MacroATLAS,rq4c_unary/d10.trace,rq4c_unary,macro,1,SAT,,MACRO,,11,0,0,2,1,12,1,1,11,MIN_EXPANDED_SIZE,0,11,0.030226842,0.0004711,0.018107225,0.009014266,1.69288538,0.005133827,0.017630904,2.051456848000271,212892,PASSED,14803,42639,91773,,2,2545,12,1,10.0,10,2,,2,WEIGHTED_MAXSAT,12,11,11,0.456637036,1.236248344,1.865837909,32,32,0.004873241,0,11,10,0,10,False,certified_unary_depth,10,certified_unary,X(X(X(X(X(X(X(X(X(X(x0)))))))))),10,0,1,16,16,12,none,,1,0.8181818181818181,,20263924,ff7c6796bc39e6bec3638c3cced64ce3d194718d4b3a3a7b2119cdb5a2659a85,11,0,certified_unary,1bc3be5c36f454f9448825296a9f1709d676106d,180.0,True
ATLAS-B,rq4c_unary/d12.trace,rq4c_unary,atlas-b,1,SAT,,ATLAS_B,,13,0,0,2,1,,,,13,MIN_EXPANDED_SIZE,0,13,0.030953258,,,0.92330217,90.281077924,0.020551471,0.017446089,91.80896678600038,3259692,PASSED,9285,2342659,8114624,,14,12977,,,,,2,,2,,,,13,,,91.541084093,,,,,13,12,0,12,False,certified_unary_depth,12,certified_unary,X(X(X(X(X(X(X(X(X(X(X(X(x0)))))))))))),12,0,1,16,16,14,none,,1,0.8461538461538461,,20263924,11afb9412d79f4fd0ea381913c73c282a5268a388550096375dfe9768b6af3c6,13,0,certified_unary,1bc3be5c36f454f9448825296a9f1709d676106d,180.0,True
MacroATLAS,rq4c_unary/d12.trace,rq4c_unary,macro,1,SAT,,MACRO,,13,0,0,2,1,14,1,1,13,MIN_EXPANDED_SIZE,0,13,0.034993891,0.000487611,0.009137309,0.007984543,1.908062965,0.004968644,0.015421473,2.230417826000121,252336,PASSED,16013,51561,114024,,2,2869,14,1,12.0,12,2,,2,WEIGHTED_MAXSAT,14,13,13,0.443672127,1.464390838,2.070939105,32,32,0.00524062,0,13,12,0,12,False,certified_unary_depth,12,certified_unary,X(X(X(X(X(X(X(X(X(X(X(X(x0)))))))))))),12,0,1,16,16,14,none,,1,0.8461538461538461,,20263924,11afb9412d79f4fd0ea381913c73c282a5268a388550096375dfe9768b6af3c6,13,0,certified_unary,1bc3be5c36f454f9448825296a9f1709d676106d,180.0,True
ATLAS-B,rq4c_unary/d14.trace,rq4c_unary,atlas-b,1,TIMEOUT,,ATLAS_B,,15,0,0,2,1,,,,,MIN_EXPANDED_SIZE,,,0.030496338,,,,,,,180.270490461,5234672,IN_PROGRESS,,,,TIMEOUT,,,,,,,,,,,,,,,,,,,,,,,,,,certified_unary_depth,14,certified_unary,X(X(X(X(X(X(X(X(X(X(X(X(X(X(x0)))))))))))))),14,0,1,16,16,16,none,,1,0.8666666666666667,,20263924,701d2e37c824d0e88b70b0710badd07faa875fc8eda62248aaaa3cadd27b1463,15,0,certified_unary,1bc3be5c36f454f9448825296a9f1709d676106d,180.0,False
MacroATLAS,rq4c_unary/d14.trace,rq4c_unary,macro,1,SAT,,MACRO,,15,0,0,2,1,16,1,1,15,MIN_EXPANDED_SIZE,0,15,0.032735409,0.000570413,0.010773267,0.007997953,2.096862239,0.005814043,0.018108834,2.4129154450001806,250012,PASSED,17327,61365,138900,,2,3193,16,1,14.0,14,2,,2,WEIGHTED_MAXSAT,16,15,15,0.507687075,1.589175164,2.262981792,32,32,0.005758822,0,15,14,0,14,False,certified_unary_depth,14,certified_unary,X(X(X(X(X(X(X(X(X(X(X(X(X(X(x0)))))))))))))),14,0,1,16,16,16,none,,1,0.8666666666666667,,20263924,701d2e37c824d0e88b70b0710badd07faa875fc8eda62248aaaa3cadd27b1463,15,0,certified_unary,1bc3be5c36f454f9448825296a9f1709d676106d,180.0,True
ATLAS-B,rq4c_unary/d16.trace,rq4c_unary,atlas-b,1,TIMEOUT,,ATLAS_B,,17,0,0,2,1,,,,,MIN_EXPANDED_SIZE,,,0.030003207,,,,,,,180.33068507900043,6639828,IN_PROGRESS,,,,TIMEOUT,,,,,,,,,,,,,,,,,,,,,,,,,,certified_unary_depth,16,certified_unary,X(X(X(X(X(X(X(X(X(X(X(X(X(X(X(X(x0)))))))))))))))),16,0,1,16,16,18,none,,1,0.8823529411764706,,20263924,7f2b19c33a376f4ef148362afb47779a65f1f8e81bb24d1f2a449fe0cb3d3592,17,0,certified_unary,1bc3be5c36f454f9448825296a9f1709d676106d,180.0,False
MacroATLAS,rq4c_unary/d16.trace,rq4c_unary,macro,1,SAT,,MACRO,,17,0,0,2,1,18,1,1,17,MIN_EXPANDED_SIZE,0,17,0.0309873,0.000566433,0.011306759,0.009384835,2.983822376,0.005006785,0.018883522,3.286636219000684,414308,PASSED,18745,72100,166772,,2,3517,18,1,16.0,16,3,,3,WEIGHTED_MAXSAT,18,17,17,0.634755683,2.349066693,3.148054936,32,32,0.005472546,0,17,16,0,16,False,certified_unary_depth,16,certified_unary,X(X(X(X(X(X(X(X(X(X(X(X(X(X(X(X(x0)))))))))))))))),16,0,1,16,16,18,none,,1,0.8823529411764706,,20263924,7f2b19c33a376f4ef148362afb47779a65f1f8e81bb24d1f2a449fe0cb3d3592,17,0,certified_unary,1bc3be5c36f454f9448825296a9f1709d676106d,180.0,True
ATLAS-B,rq4c_unary/d20.trace,rq4c_unary,atlas-b,1,TIMEOUT,,ATLAS_B,,21,0,0,2,1,,,,,MIN_EXPANDED_SIZE,,,0.031826038,,,,,,,180.439301806,8842536,IN_PROGRESS,,,,TIMEOUT,,,,,,,,,,,,,,,,,,,,,,,,,,certified_unary_depth,20,certified_unary,X(X(X(X(X(X(X(X(X(X(X(X(X(X(X(X(X(X(X(X(x0)))))))))))))))))))),20,0,1,16,16,22,none,,1,0.9047619047619048,,20263924,2992b73e47d620d18c78cb8f78e475ef576f786af269ff31f4bef55511b22d4c,21,0,certified_unary,1bc3be5c36f454f9448825296a9f1709d676106d,180.0,False
MacroATLAS,rq4c_unary/d20.trace,rq4c_unary,macro,1,SAT,,MACRO,,21,0,0,2,1,22,1,1,21,MIN_EXPANDED_SIZE,0,21,0.029802102,0.000513242,0.01134492,0.014671296,3.4753527,0.004918333,0.017434989,3.8053064340001583,418528,PASSED,21893,96300,230475,,2,4165,22,1,20.0,20,3,,3,WEIGHTED_MAXSAT,22,21,21,0.767395538,2.707957162,3.662577756,32,32,0.0052331,0,21,20,0,20,False,certified_unary_depth,20,certified_unary,X(X(X(X(X(X(X(X(X(X(X(X(X(X(X(X(X(X(X(X(x0)))))))))))))))))))),20,0,1,16,16,22,none,,1,0.9047619047619048,,20263924,2992b73e47d620d18c78cb8f78e475ef576f786af269ff31f4bef55511b22d4c,21,0,certified_unary,1bc3be5c36f454f9448825296a9f1709d676106d,180.0,True
ATLAS-B,rq4c_unary/d24.trace,rq4c_unary,atlas-b,1,TIMEOUT,,ATLAS_B,,25,0,0,2,1,,,,,MIN_EXPANDED_SIZE,,,0.030899108,,,,,,,180.28422542499993,4424084,IN_PROGRESS,,,,TIMEOUT,,,,,,,,,,,,,,,,,,,,,,,,,,certified_unary_depth,24,certified_unary,X(X(X(X(X(X(X(X(X(X(X(X(X(X(X(X(X(X(X(X(X(X(X(X(x0)))))))))))))))))))))))),24,0,1,16,16,26,none,,1,0.92,,20263924,80e9d04e3f05ceb7c7a6e35fd192a1b7671e3f965415bdf664f40f9064ccb5be,25,0,certified_unary,1bc3be5c36f454f9448825296a9f1709d676106d,180.0,False
MacroATLAS,rq4c_unary/d24.trace,rq4c_unary,macro,1,SAT,,MACRO,,25,0,0,2,1,26,1,1,25,MIN_EXPANDED_SIZE,0,25,0.032468524,0.000476571,0.0104978,0.010121892,4.030104861,0.005414813,0.021236407,4.396977679999509,430648,PASSED,25457,124014,304636,,2,4813,26,1,24.0,24,3,,3,WEIGHTED_MAXSAT,26,25,25,0.685502214,3.344602647,4.223154381,32,32,0.005391263,0,25,24,0,24,False,certified_unary_depth,24,certified_unary,X(X(X(X(X(X(X(X(X(X(X(X(X(X(X(X(X(X(X(X(X(X(X(X(x0)))))))))))))))))))))))),24,0,1,16,16,26,none,,1,0.92,,20263924,80e9d04e3f05ceb7c7a6e35fd192a1b7671e3f965415bdf664f40f9064ccb5be,25,0,certified_unary,1bc3be5c36f454f9448825296a9f1709d676106d,180.0,True
ATLAS-B,rq4c_unary/d28.trace,rq4c_unary,atlas-b,1,TIMEOUT,,ATLAS_B,,29,0,0,2,1,,,,,MIN_EXPANDED_SIZE,,,0.03273667,,,,,,,180.3168341520004,5170344,IN_PROGRESS,,,,TIMEOUT,,,,,,,,,,,,,,,,,,,,,,,,,,certified_unary_depth,28,certified_unary,X(X(X(X(X(X(X(X(X(X(X(X(X(X(X(X(X(X(X(X(X(X(X(X(X(X(X(X(x0)))))))))))))))))))))))))))),28,0,1,16,16,30,none,,1,0.9310344827586207,,20263924,80e64b029cedb123de3471977d14bcc2d2b1118a2d4722079abce24eacf8bd90,29,0,certified_unary,1bc3be5c36f454f9448825296a9f1709d676106d,180.0,False
MacroATLAS,rq4c_unary/d28.trace,rq4c_unary,macro,1,SAT,,MACRO,,29,0,0,2,1,30,1,1,29,MIN_EXPANDED_SIZE,0,29,0.030515978,0.000560263,0.015436173,0.010735376,4.117591715,0.006272354,0.020804316,4.461281572999724,478868,PASSED,29437,155270,389360,,2,5461,30,1,28.0,28,3,,3,WEIGHTED_MAXSAT,30,29,29,0.875615927,3.241975788,4.302498057,32,32,0.005886525,0,29,28,0,28,False,certified_unary_depth,28,certified_unary,X(X(X(X(X(X(X(X(X(X(X(X(X(X(X(X(X(X(X(X(X(X(X(X(X(X(X(X(x0)))))))))))))))))))))))))))),28,0,1,16,16,30,none,,1,0.9310344827586207,,20263924,80e64b029cedb123de3471977d14bcc2d2b1118a2d4722079abce24eacf8bd90,29,0,certified_unary,1bc3be5c36f454f9448825296a9f1709d676106d,180.0,True
ATLAS-B,rq4c_unary/d32.trace,rq4c_unary,atlas-b,1,TIMEOUT,,ATLAS_B,,33,0,0,2,1,,,,,MIN_EXPANDED_SIZE,,,0.030216282,,,,,,,180.30468083400046,6293328,IN_PROGRESS,,,,TIMEOUT,,,,,,,,,,,,,,,,,,,,,,,,,,certified_unary_depth,32,certified_unary,X(X(X(X(X(X(X(X(X(X(X(X(X(X(X(X(X(X(X(X(X(X(X(X(X(X(X(X(X(X(X(X(x0)))))))))))))))))))))))))))))))),32,0,1,16,16,34,none,,1,0.9393939393939394,,20263924,ed518db7e1c38d239147d3696bf183da34712998279d0af96e8b6e5d5a7d6bd6,33,0,certified_unary,1bc3be5c36f454f9448825296a9f1709d676106d,180.0,False
MacroATLAS,rq4c_unary/d32.trace,rq4c_unary,macro,1,SAT,,MACRO,,33,0,0,2,1,34,1,1,33,MIN_EXPANDED_SIZE,0,33,0.03143297,0.000574453,0.014910462,0.014582724,6.332087065,0.006921989,0.024259135,6.7210419310004,808040,PASSED,33833,190159,485319,,2,6109,34,1,32.0,32,4,,4,WEIGHTED_MAXSAT,34,33,33,1.156831577,5.175255488,6.539700839,32,32,0.005637389,0,33,32,0,32,False,certified_unary_depth,32,certified_unary,X(X(X(X(X(X(X(X(X(X(X(X(X(X(X(X(X(X(X(X(X(X(X(X(X(X(X(X(X(X(X(X(x0)))))))))))))))))))))))))))))))),32,0,1,16,16,34,none,,1,0.9393939393939394,,20263924,ed518db7e1c38d239147d3696bf183da34712998279d0af96e8b6e5d5a7d6bd6,33,0,certified_unary,1bc3be5c36f454f9448825296a9f1709d676106d,180.0,True
ATLAS-B,rq4c_unary/d40.trace,rq4c_unary,atlas-b,1,TIMEOUT,,ATLAS_B,,41,0,0,2,1,,,,,MIN_EXPANDED_SIZE,,,0.027818907,,,,,,,180.28247914500025,8385368,IN_PROGRESS,,,,TIMEOUT,,,,,,,,,,,,,,,,,,,,,,,,,,certified_unary_depth,40,certified_unary,X(X(X(X(X(X(X(X(X(X(X(X(X(X(X(X(X(X(X(X(X(X(X(X(X(X(X(X(X(X(X(X(X(X(X(X(X(X(X(X(x0)))))))))))))))))))))))))))))))))))))))),40,0,1,16,16,42,none,,1,0.9512195121951219,,20263924,9bfe73a61178c13ac4ffd2dfac4582ed2f40073f468fa12134354632d54bea47,41,0,certified_unary,1bc3be5c36f454f9448825296a9f1709d676106d,180.0,False
MacroATLAS,rq4c_unary/d40.trace,rq4c_unary,macro,1,SAT,,MACRO,,41,0,0,2,1,42,1,1,41,MIN_EXPANDED_SIZE,0,41,0.032645517,0.000551242,0.017302456,0.016503858,7.838047146,0.007756147,0.032033614,8.28488522599946,944640,PASSED,43873,270857,709759,,2,7405,42,1,40.0,40,4,,4,WEIGHTED_MAXSAT,42,41,41,1.282235288,6.555811858,8.075446551,32,32,0.005478785,0,41,40,0,40,False,certified_unary_depth,40,certified_unary,X(X(X(X(X(X(X(X(X(X(X(X(X(X(X(X(X(X(X(X(X(X(X(X(X(X(X(X(X(X(X(X(X(X(X(X(X(X(X(X(x0)))))))))))))))))))))))))))))))))))))))),40,0,1,16,16,42,none,,1,0.9512195121951219,,20263924,9bfe73a61178c13ac4ffd2dfac4582ed2f40073f468fa12134354632d54bea47,41,0,certified_unary,1bc3be5c36f454f9448825296a9f1709d676106d,180.0,True
