batch,task,family,category,B,b,p,K,qStates,objectiveKind,constraintFeatures,scope,inputSha256,numAP,positiveTraces,negativeTraces,e4AtlasStatus,e4MacroStatus,activeAnchors,e4MacroExpandedSize,B_over_K,activeAnchors_over_expandedSize,atlasStatus,macroStatus,pairedTranslated,atlasVars,macroVars,atlasClauses,macroClauses,C_V,C_C,atlasWallSec,macroWallSec,atlasModelSha256,macroModelSha256
b2,5to10Traces/0128.trace,5to10Traces,plain,67,2,0,8,1,MIN_EXPANDED_SIZE,,5,b5d6342146db3553a3dcf5758ec58215536115c1632db0303a0b7e62d038592a,4,163,225,TIMEOUT,TIMEOUT,,,8.375,,TRANSLATED_ONLY,TRANSLATED_ONLY,True,1643639,2130066,5304470,4337789,0.771637592450187,1.2228510884231576,9.101402872999643,15.101374575000591,a2ed53e98618246c8270e07a4e92a4cb8ba2ae57211a238238d8efb2894f180c,0039e2fbadaf7f8f0cd060ff9044f4abc595996cfac79bf833aa5224c54c61ac
b2,baseTest/0007.trace,baseTest,plain,10,2,0,8,1,MIN_EXPANDED_SIZE,,7,1afe526db22540339194bce20eb8c5a402e11a7dfd0852830fd6e17afd7e22cf,3,10,6,SAT,SAT,4,6,1.25,0.6666666666666666,TRANSLATED_ONLY,TRANSLATED_ONLY,True,104271,143073,339480,303324,0.7287957895619719,1.1191992720655142,1.4324687229991468,2.63268085800064,91dc3a8a5805549d66783eddf779c8a0c37122afa3578296e16d292704a07fef,8046cd4ff0c6a649c1840c4d51826c177412eee78d7f1904adc402836e460012
b2,disjunctedExistence/0036.trace,disjunctedExistence,plain,11,2,0,8,1,MIN_EXPANDED_SIZE,,5,42bd2fd48168a346de5a4a580a801bd6fa28548f4a7dfc831b33916167f8b112,4,250,1,SAT,SAT,3,4,1.375,0.75,TRANSLATED_ONLY,TRANSLATED_ONLY,True,1064950,1387168,3436661,2826147,0.7677152298784286,1.2160234411019668,8.046235314999649,11.44682083600037,927c5513897af1f9b6f0bb4840f8037cf509417d7ce7544fd1e45b6f2d471ecb,2c16a30861ddd788075772bfe8f49262859a37706a8a3d353c0cf39ed91226fa
b2,equal/0039.trace,equal,plain,10,2,0,8,1,MIN_EXPANDED_SIZE,,9,0d5ade36218701a3ad9bb7a45cdc9fd97f1e71a2ac121ffdaec5ac6268e17437,3,200,200,SAT,SAT,3,5,1.25,0.6,TRANSLATED_ONLY,TRANSLATED_ONLY,True,3524531,3613552,11641935,7640888,0.9753646827276873,1.5236363888595148,19.86573704300008,27.320346397999856,7aa3758190cefc30de008c5c96e35ae364fc10879ca8a4052cab7e92e0d8e4da,e29cc32aabd029d222de5aa6d8fa94416e851b25fd3f946c1250c82b4bd121a3
b2,increasingNumVariables/0006.trace,increasingNumVariables,plain,10,2,0,8,1,MIN_EXPANDED_SIZE,,5,a032eec421c1e7a369a80d20704c289cca03b525420d89c4af8c374bd834215f,3,45,45,SAT,SAT,3,5,1.25,0.6,TRANSLATED_ONLY,TRANSLATED_ONLY,True,355536,497327,1138395,1020146,0.7148938223744136,1.1159138005736433,2.785595340999862,5.537054209999951,c87738aec5e7c336fe71420a389333f98400c38e79fcda1c18075fdbccd00f4e,08b399f863343ecfcf9c7ad918fadd81e89eb96cd04d421a89448c2a9bb2c6aa
b2,disjunctedExistence/0057.trace,disjunctedExistence,plain,134,2,0,8,1,MIN_EXPANDED_SIZE,,11,6e6462f56f7be1474c46e342cd9b52c0e2b197772fd4f9243e9ad16e47672048,7,200,200,TIMEOUT,TIMEOUT,,,16.75,,TRANSLATED_ONLY,TRANSLATED_ONLY,True,5879267,3840257,19858693,8165965,1.5309566521198972,2.431885637521101,30.131810077999944,24.622057741999924,29879b44b4c73a8ef92bb10ad9ffa4be5ca7aa35b7e46d529cb2579d9930ba3b,f30396ecf4941edc1665258b09bcedc52aa4157791bec886c82f393e3c071454
b2,moreDetailedTest/0113.trace,moreDetailedTest,plain,10,2,0,8,1,MIN_EXPANDED_SIZE,,5,6f6da48902bae6b3a98db814ddd95c545a8a3739feb97c0e73014d970977752b,3,100,100,SAT,SAT,3,5,1.25,0.6,TRANSLATED_ONLY,TRANSLATED_ONLY,True,786405,1080913,2518950,2208111,0.7275377389299601,1.1407714557827935,5.44042708500001,9.843503146999865,e1b8c0c36efcbbda425ce652efd087843f2dece7d316932374fecce275bb6990,ad161e97c14f9502276325f92153fd29df047ab34cee37c138b7cd6e480cb722
b2,equal/0021.trace,equal,plain,18,2,0,8,1,MIN_EXPANDED_SIZE,,15,b1e3c019e26ccc9ae26b50e4aa559c39fb6fdca6d7807a00026c13cd4d3c4c3b,3,5,5,SAT,SAT,3,5,2.25,0.6,TRANSLATED_ONLY,TRANSLATED_ONLY,True,234621,122848,799237,272995,1.9098479421724408,2.927661678785326,1.7307870320000802,2.582494102000055,dc0e3007fd487cef6c9d349b29a111e1e398486e27ef3e498354fbd646c3f8c6,ad1c09d3a65658f4e6bf7041becc4b34627131a4ea5015926e62401bca5bba05
b2,5to10Traces/0034.trace,5to10Traces,plain,10,2,0,8,1,MIN_EXPANDED_SIZE,,5,5359af3606015c7bc80e09ecb994c0944124012d2a334ddb061df8ee7e0ee7e9,3,150,150,TIMEOUT,TIMEOUT,,,1.25,,TRANSLATED_ONLY,TRANSLATED_ONLY,True,1178106,1637224,3774000,3334109,0.7195753299487425,1.1319365983535632,7.839998834999278,11.046614390999821,25d5f080b6de96e5b2ad14b83a7c39b0e1e159b386d19cb2f1f20c8da31c1a62,4c2bf0e35a91a4d179317f4df5204231c0fd3e1e9fa195d0bbfa6c8018eb8844
b2,baseTest/0042.trace,baseTest,plain,10,2,0,8,1,MIN_EXPANDED_SIZE,,7,2244b83a855d75871bb864ca4fbfbc316c76e290d7554bd7a76747980d449e08,3,4,46,TIMEOUT,SAT,3,5,1.25,0.6,TRANSLATED_ONLY,TRANSLATED_ONLY,True,312045,410415,1016936,859710,0.7603157779320932,1.1828825999464936,2.181453632000739,4.585223277000296,ba27ae7a9bb711694abef27e5870ea4033ebb3c292917ae93a69d680955e9225,460e34dc592fd51066b971d4759a28d189112e6578eabc44901f209477ec7cd1
b2,increasingNumVariables/0052.trace,increasingNumVariables,plain,264,2,0,8,1,MIN_EXPANDED_SIZE,,5,2a19bc3133fc529e868e3edd14b0b7f45a305e34c253078a07b7b224493dbf1b,9,35,35,TIMEOUT,TIMEOUT,,,33.0,,TRANSLATED_ONLY,TRANSLATED_ONLY,True,417435,403665,1383112,830648,1.0341124447252052,1.6651000182989666,3.032883349000258,4.687111373000334,9c0f60e8c964ca4fa12fe256eef46f9246030f9d8ea0c1cdf40e08fbf3b88b23,22f0a39ba3f3f753cf53cc98233941eff8ab96fbb78d85017ab9f28ffba4f225
b2,moreDetailedTest/0077.trace,moreDetailedTest,plain,67,2,0,8,1,MIN_EXPANDED_SIZE,,9,b00e1c488a1ff227de8228fb648596ebfe829fd0352e1b171b29410e87917875,4,155,250,TIMEOUT,TIMEOUT,,,8.375,,TRANSLATED_ONLY,TRANSLATED_ONLY,True,3792246,3788154,12581813,8041966,1.0010802095162974,1.5645195465884834,19.204957119999563,28.770212712000102,8b0f3434babeca0db07cb389768bef53039a57a0b26eade7308102be49c93b73,7064efee45f83603c6cd45a60911ce31bfd68e8e95c5356de4e2e1af35e08062
b2,5to10Traces/0158.trace,5to10Traces,plain,6,2,0,6,1,MIN_EXPANDED_SIZE,,5,5366c4744106435515ba36ff3a0abe3eab73b21822dacf475bab1e42886251a5,3,50,50,TIMEOUT,UNSAT,,,1.0,,TRANSLATED_ONLY,TRANSLATED_ONLY,True,394706,539073,1263900,1091346,0.7321939700189029,1.1581111764738223,2.882753753000543,5.436492584000007,47080f5a648f64eb9b7265ac73d64ea331e989bac7136a09f25c8e41e6f4dfe8,bde26414cc6f698fb8ec80e72ea699e844c81aad2b002483fe284273b46f58cc
b2,disjunctedExistence/0015.trace,disjunctedExistence,plain,36,2,0,8,1,MIN_EXPANDED_SIZE,,11,1bfdce4b3f7d8319b507423f0276b9623575e0c9bd3e72db79a089df5b0b4f6b,5,300,50,TIMEOUT,TIMEOUT,,,4.5,,TRANSLATED_ONLY,TRANSLATED_ONLY,True,4667777,3343841,15678371,7134841,1.3959327013455485,2.197438036811192,25.314571387000797,25.864173257999937,36a9d033ca597c70ab234444c54af278b092f9be75af349ce289fc10c3d07c09,115ebd935ffe05edab2eb8155b0fb2fd820d78017d04ff4ec79ea2fa142b5489
b2,baseTest/0024.trace,baseTest,plain,6,2,0,6,1,MIN_EXPANDED_SIZE,,5,d723312aa8c1976041cad7d58e58659979ac2d32409b27ffe5efaf859fb9e221,3,381,151,TIMEOUT,TIMEOUT,,,1.0,,TRANSLATED_ONLY,TRANSLATED_ONLY,True,2086849,2868399,6685601,5852861,0.7275309327607491,1.1422791349393058,11.903815638999731,19.308027605999996,f51b078e9682a1dc4ce5a23038f0e3c26877d3a2c9e49f044331e331d6900cdf,42107e0b5ac5c51275bdb8cd549005b30fa04695fb2c4814dba9d2d81e7245dd
b2,increasingNumVariables/0038.trace,increasingNumVariables,plain,70,2,0,8,1,MIN_EXPANDED_SIZE,,15,f16cbe0b14ef8b33915104913a6a856768a9bfac70fb44cecf9831cf7984ace7,7,45,45,TIMEOUT,TIMEOUT,,,8.75,,TRANSLATED_ONLY,TRANSLATED_ONLY,True,2162875,899060,7393845,1934027,2.4057070718305784,3.823030909082448,11.8459362829999,8.389180312999997,824751fa360874f015440646e7f0a15e6b2f5421cf2b471f65e6ef518f66fd37,d145739a87d347f3e6d817f72ad0cc419f6c7bcbc6cc106fcd9379ef1aa629d0
b2,equal/0027.trace,equal,plain,6,2,0,6,1,MIN_EXPANDED_SIZE,,5,2060b406c622d13080c08aafed54ff741a77a75ea2c0424b337ed9562ffcd122,3,50,50,TIMEOUT,UNSAT,,,1.0,,TRANSLATED_ONLY,TRANSLATED_ONLY,True,394706,544223,1263900,1106574,0.7252651945985378,1.142173953120171,2.8324217050003426,5.536253992999264,0feb2ac69bd75ad5c728ca5b7aad31981dfe8e9049f17997503dcbdc9ba5e10d,d66ca0caf0b47eb5e27f7369fc1c59c5e53e8206d1e809043f00e46e82797d43
b2,moreDetailedTest/0079.trace,moreDetailedTest,plain,67,2,0,8,1,MIN_EXPANDED_SIZE,,7,73361930f2abc56658d9de6f4f3cf4ee57a4b1ba1f5dd96eaab48b01b811babb,4,213,350,TIMEOUT,TIMEOUT,,,8.375,,TRANSLATED_ONLY,TRANSLATED_ONLY,True,3689025,4539849,12095404,9483506,0.8125875992791831,1.2754148096706008,21.559464134000336,31.97573403899969,46d62f97c807aed21789f9d19538a4fb94694ee8f1518d2d2fcda14bf29760b0,c67cbb903617b304fff8396df634603992340cb8991417bb0e5a33a8d196859d
b2,5to10Traces/0197.trace,5to10Traces,plain,10,2,0,8,1,MIN_EXPANDED_SIZE,,5,9562ac3a2879a4b49b5609d75f0a5e8bd0127f9043ce178798c78d75444be3c3,3,51,250,SAT,TIMEOUT,,,1.25,,TRANSLATED_ONLY,TRANSLATED_ONLY,True,4806063,3150636,16457245,7418284,1.5254262948814143,2.218470605870576,26.71815248799976,18.606829724999443,bb1dee7c6ac8e5bc08249eefe34c488e87d3ea03a774975d7c520ac2fcb022ad,38a4f31ce1c89f6acda7f76043e9710e2013b11b0bb935794026772dd3ef616b
b2,disjunctedExistence/0021.trace,disjunctedExistence,plain,36,2,0,8,1,MIN_EXPANDED_SIZE,,9,7c153275999711b89ac7dfe3272080e06f4dfd9607e4c22582b295b2e6a11951,5,500,107,TIMEOUT,TIMEOUT,,,4.5,,TRANSLATED_ONLY,TRANSLATED_ONLY,True,6011925,5788130,20023895,12344938,1.0386644736728443,1.622032852655882,34.086072351999974,42.29254797300018,203a314c3904906f21ed78d1f34427244f97d7113159fce54b5d57af248f1b6b,2951e97a00c715d616c5530acb24f8962f6d0929d5858e3178e36990d5ca61d6
b2,baseTest/0028.trace,baseTest,plain,6,2,0,6,1,MIN_EXPANDED_SIZE,,5,b8f882bacbebe284185916f6223600b429c1d4be629d4815681951c6ffd7a893,3,15,6,SAT,SAT,5,5,1.0,1.0,TRANSLATED_ONLY,TRANSLATED_ONLY,True,85263,124063,272406,255102,0.6872556684910086,1.0678316908530705,1.5309600110003885,2.1816220789996805,55680e8a1cf1b709f5a516443eb8f4b8a149834e9ab389561148dcb7c688f4c3,0d85d9e94228ff53ed0a442c153194d1a31738ab4027dcb68c4d991a7f2b32b1
b2,increasingNumVariables/0027.trace,increasingNumVariables,plain,37,2,0,8,1,MIN_EXPANDED_SIZE,,11,eef1369c346b66bd1122b82261ff2687558f5613d70c776b649a1aacabd58a8d,6,30,30,TIMEOUT,TIMEOUT,,,4.625,,TRANSLATED_ONLY,TRANSLATED_ONLY,True,867709,600095,2927953,1296275,1.4459527241520094,2.2587437079323447,4.584515178999936,5.685931761000575,f2f5b123703e067556072838a3bb8f5d864ef972d17c343b2eaefe639d108d2e,fa66a550a5b2c32f3877f42e4ab8b3d98909f0fa1caef80d585db918a05008ae
b2,equal/0037.trace,equal,plain,10,2,0,8,1,MIN_EXPANDED_SIZE,,5,8e23125d1a97f16b9aa603e0f88af1d097eac1636d15d041a3b233ac7df17b50,3,10,10,SAT,SAT,3,5,1.25,0.6,TRANSLATED_ONLY,TRANSLATED_ONLY,True,81346,113665,259860,231644,0.7156644525579554,1.1218076013192657,1.3802385569997568,1.981078036999861,5c14e0d31b8d749627cbfcd45ecb2ec8f13462909a2a56debf5375ae8fa97f26,ffd620e0be1c6ea9aff08dd85fc71c14ada7c02b699e9a331b2d25fed9bc09a6
b2,5to10Traces/0084.trace,5to10Traces,plain,18,2,0,8,1,MIN_EXPANDED_SIZE,,15,90b35332457b1de8f31e323bc011ba287b72e2f64855510dfd38861206238f9e,3,225,225,TIMEOUT,TIMEOUT,,,2.25,,TRANSLATED_ONLY,TRANSLATED_ONLY,True,8896899,4052871,30112255,8588823,2.1952090258979373,3.5059815530020817,48.40320690199951,28.820210793000115,c69742ce4e458f5f1fb2e9b6107b9ffcddb0af093a274098c1cdbea97f679a54,4d1a5d11959fcc39fb25c2f5c205493e837c712212dd532b3c04ab941091fa2b
b2,moreDetailedTest/0004.trace,moreDetailedTest,plain,10,2,0,8,1,MIN_EXPANDED_SIZE,,5,e136448c7c701e599a0b3efdcad78036bb9e505fbf0def50d71a99f2f147e298,3,150,150,TIMEOUT,TIMEOUT,,,1.25,,TRANSLATED_ONLY,TRANSLATED_ONLY,True,1178106,1630836,3774000,3317379,0.7223939133058137,1.1376451107937924,7.6891523220001545,12.044483335000223,d353a05c83a14afc4bc133bc0ef1410c5dd838bfd1d9ec4b7a758336ee2850c0,439039417d20a49443d58dc7f39d9369dee4d4b5541ca945aade61c11677e663
b2,baseTest/0041.trace,baseTest,plain,10,2,0,8,1,MIN_EXPANDED_SIZE,,7,c3386b7fed1390e9dbbdadbbe614bf374aa59ce6cfa6e0242f58554e530e34e2,3,49,451,SAT,TIMEOUT,,,1.25,,TRANSLATED_ONLY,TRANSLATED_ONLY,True,3061994,3990454,9983140,8364214,0.7673297324063878,1.1935538712902372,18.454198606999853,26.069089676999283,fb7d23a9b60743a410454e5049dc73f56564c473b93b6e23fb7d54207fe6bbcc,3d25994c1e627ce7c31df877b7c199bc0dd04cdba73f4c525accdaf5473a3b15
b2,disjunctedExistence/0067.trace,disjunctedExistence,plain,134,2,0,8,1,MIN_EXPANDED_SIZE,,5,91d865176d70910e5658d0568f6799c7fd07c31c47b1eea93804f38bf3e5376c,7,8,400,TIMEOUT,TIMEOUT,,,16.75,,TRANSLATED_ONLY,TRANSLATED_ONLY,True,8334817,4278327,28712583,10088519,1.9481486571737037,2.8460652153205044,49.65176523199989,27.217591265999545,2f649cfb05b9ea25ce1eecf0053d24dd9d0241b5731ae8c4d4a241ed5d339a4e,9ba08ce0e0f9a9e0fbabb4fda48a8ec4ad9bc26d0bc0b17789834de842238d6d
b2,equal/0015.trace,equal,plain,18,2,0,8,1,MIN_EXPANDED_SIZE,,9,6a33b18c2367b297b6d09d9e44c594eb9d376ae81f2c1def6e1e3f6b14dd33eb,3,100,100,TIMEOUT,SAT,3,6,2.25,0.5,TRANSLATED_ONLY,TRANSLATED_ONLY,True,1767531,1808046,5838235,3827707,0.9775918311812863,1.5252565047429179,8.34048815999995,13.649610724000013,3dd8a091a549dfa1d9e6fb1ca5905d747d88c9e0e52799e90a636a5983b07faa,8ad04bd045ed2aed9df1c7f33de391c7871e9dd3341d2b3bccd9e38969bcf69d
b2,increasingNumVariables/0017.trace,increasingNumVariables,plain,20,2,0,8,1,MIN_EXPANDED_SIZE,,5,259f511901444c8d8fdcc15939dc7c2cbcc4ef75a52afbc2fca95b757b67dfdc,5,20,20,TIMEOUT,TIMEOUT,,,2.5,,TRANSLATED_ONLY,TRANSLATED_ONLY,True,187317,231413,608455,474591,0.8094489073647548,1.2820618174385945,1.9310691360005876,3.0323132339999574,4d19026cf905b619edd826882606dc9b8dde876bacbc25a84fd16d30e1b12bb1,78f2ba96adba8644148d8ddd22e824dcfe08ac4d083e04fc61e7bee34c801160
b2,disjunctedExistence/0054.trace,disjunctedExistence,plain,134,2,0,8,1,MIN_EXPANDED_SIZE,,11,092edbe817520f3dea1c1708f793a024f854f6785c11b969e7cc80168bfe7282,7,150,150,TIMEOUT,TIMEOUT,,,16.75,,TRANSLATED_ONLY,TRANSLATED_ONLY,True,4418567,2877970,14926643,6117338,1.5353068308564717,2.440055298562872,24.664412326000274,22.061135505000493,1f4bf0ab5a83fc71dcbc70504dbb9f542c12a709b601fce7303ad40fa224c7d3,787ae18c0a0bf7a0af48b6771d8e403e3d1e7d4de8cef62e83ef1847a9683d47
b2,moreDetailedTest/0010.trace,moreDetailedTest,plain,10,2,0,8,1,MIN_EXPANDED_SIZE,,5,5e3e0c2c5d3bd4c91cd27e1e8b1cfea9ac7a38750743a778544f7df88c109936,3,400,400,TIMEOUT,TIMEOUT,,,1.25,,TRANSLATED_ONLY,TRANSLATED_ONLY,True,3136606,4357700,10049250,8875293,0.7197847488353948,1.1322724782156488,17.604358498000693,31.074367029000314,ab6610ace62f404fdcb41a88d5db8e6e3b978ebd394ee889832905778c93d9b6,fe9a54d5151095a1d823e76a3943cf126555516d63c42cb7ea1e18a2e9230ee3
b2,increasingNumVariables/0035.trace,increasingNumVariables,plain,70,2,0,8,1,MIN_EXPANDED_SIZE,,15,15ebecdc452d631fb7707f95523a5ecc78bd0f2bff49d35ee200f63e7c5c6b2f,7,30,30,TIMEOUT,TIMEOUT,,,8.75,,TRANSLATED_ONLY,TRANSLATED_ONLY,True,1463425,602617,5007390,1296420,2.428449579085887,3.8624751238024713,6.487757361000149,6.888696638000511,da8efc4cc6d13fefab01eadb6c9db8b2cb78a65c777064f8685269a08a245dd9,a43d4e9b8bbc54699ff4e17040f4eb3d9181d6403810f11a493ad12c6c34cf82
b2,5to10Traces/0016.trace,5to10Traces,plain,5,2,0,5,1,MIN_EXPANDED_SIZE,,5,fbf3dac0c3575546823f9684f2862c2e7dd41a4bf51dc7a1cc1208b93e939e0d,2,200,200,SAT,SAT,1,3,1.0,0.3333333333333333,TRANSLATED_ONLY,TRANSLATED_ONLY,True,1446255,1518562,4593799,3058437,0.9523845585494698,1.5020087057539522,9.49300849500014,11.896659132000423,6bf7744089831fad289587bb3fdd42f952c186280b6d0aa504634e61f6005e70,26729a3c961dd9e3cdab63b9fa234600f64a52710eda90e88dc0e8a5a011e442
b2,moreDetailedTest/0059.trace,moreDetailedTest,plain,18,2,0,8,1,MIN_EXPANDED_SIZE,,7,ac97087e8a8cb6861346d5692115d09083d18031456aedc00407096699c3993a,3,125,125,TIMEOUT,TIMEOUT,,,2.25,,TRANSLATED_ONLY,TRANSLATED_ONLY,True,1534245,1978786,5001815,4154532,0.775346601401061,1.203941863969275,8.339450147000207,15.604107154999838,8f1f2bdd27e8dfd73d2b1d5c028af47cbeb19ae96bc43e43905ec69727d7a9c2,38a6ecc7f29eed27ed23d400db79e28d670e8eaa7c296c7688571b8d77af08c9
b2,baseTest/0009.trace,baseTest,plain,5,2,0,5,1,MIN_EXPANDED_SIZE,,5,654e6c0caf520ddc287bc85bc4ecc4a8a114c520ebe18f105adb3e3161790123,2,4,96,SAT,SAT,1,3,1.0,0.3333333333333333,TRANSLATED_ONLY,TRANSLATED_ONLY,True,363293,514588,1153326,1038081,0.705988091444029,1.1110173483572092,2.782618899999761,5.585563495000315,bf85b7af81d354d6a8993479597ada6ace43b0641376c0203124b36f00d7b029,29a2925cb46cdbfcca51f823b1de66fa1192b9e94c1f7be2f9e7f24dedbbc26e
b2,disjunctedExistence/0066.trace,disjunctedExistence,plain,134,2,0,8,1,MIN_EXPANDED_SIZE,,9,43d4cd6a258fce14a544ddfc107ce97e4591d36af4a6b020ee012f67194b5a6f,7,400,400,TIMEOUT,TIMEOUT,,,16.75,,TRANSLATED_ONLY,TRANSLATED_ONLY,True,8800036,7610683,29504739,16153695,1.1562741477998755,1.8265009336873081,57.46316083900001,54.91180353400068,a15ac58128ab6a813c2a6ebb5114a89dc7ca08480b8cf5b47b997b0d84b7abc1,10a84baa9e665ce8c7e48b1ec970121e9b259dc4e0e5955a28736f3b19451046
b2,equal/0026.trace,equal,plain,6,2,0,6,1,MIN_EXPANDED_SIZE,,5,88e940e86be14702db987816ee958a630575c2bd110e6bb025fa8a60b3e90740,3,500,500,TIMEOUT,TIMEOUT,,,1.0,,TRANSLATED_ONLY,TRANSLATED_ONLY,True,3920005,5418917,12559349,11011440,0.7233927000542728,1.140572804283545,26.21684795500005,37.1834546200007,75104d94020248df3fb77656ac8d82c0a81521815d537ccc0d54e3efc7f55df2,cbc7979adcc13900491b72205a1b8d6a36e8a3686e05ec5fff30154ffbb14221
b2,increasingNumVariables/0010.trace,increasingNumVariables,plain,11,2,0,8,1,MIN_EXPANDED_SIZE,,11,be9d539eb333b64bd4386b76053c5ef1fbd95a8b36c9b3403944f38f5b4241ff,4,25,25,TIMEOUT,SAT,5,7,1.375,0.7142857142857143,TRANSLATED_ONLY,TRANSLATED_ONLY,True,649176,499453,2174508,1076457,1.2997739527042584,2.0200602532195897,3.3335297229996286,5.3886472300000605,0a18fed95525f1711e446d41fdd46c7181c67195dd8afa33c0f97881edd6c373,47b91862137ae069f75f50ef70eb9a199b01c9792f01461d0c2ea805dabb9733
b2,5to10Traces/0011.trace,5to10Traces,plain,5,2,0,5,1,MIN_EXPANDED_SIZE,,5,e38bf3e3c82d45a788e109824513c902af600af42cf5fa633e528c6fba782796,2,8,125,SAT,SAT,1,3,1.0,0.3333333333333333,TRANSLATED_ONLY,TRANSLATED_ONLY,True,1976682,1342425,6754048,3138488,1.4724710877702665,2.152006953666861,8.741685527999834,10.143088398000145,21fc8e29f24a7cc196f31af12347a5ce081a2f7781bc58273aee70dafdde5bca,770b4d4d130ee103eefcd98a375374b8b8d4279eaed8c6bb7ed7594613a3923f
b2,baseTest/0020.trace,baseTest,plain,18,2,0,8,1,MIN_EXPANDED_SIZE,,15,a4c43f7b49a0903c436b07c0e10b397b87316fe078f8f3929ede0fb8f4a60e01,3,42,458,TIMEOUT,TIMEOUT,,,2.25,,TRANSLATION_TIMEOUT,TRANSLATED_ONLY,False,,4594886,,9717201,,,180.79336265500024,34.38108473800003,13265605f810c2233a66ea1d2181b51e0baac45a142abb180ddd37dfaf5bdc31,49394dd9515732e76e9a780ad8361a05136845edebaf5a13113f32df982e39f7
b2,baseTest/0012.trace,baseTest,plain,5,2,0,5,1,MIN_EXPANDED_SIZE,,5,735b7b931a99b69cedbbcd331855f5c86d90516529a3d67640aa10f8daf3e688,2,149,4851,ERROR,TIMEOUT,,,1.0,,TRANSLATION_ERROR,TRANSLATION_TIMEOUT,False,,,,,,,21.007643777999874,180.8014910819993,fc1e9f5b1714ff33a517c9b83bf01977cbac2d2e5107675bdf0d0dcf544c357b,0bd6107027c306d22f7c38dbd26adbae56a6eafacb13f5fd7483e71f4252adbb
b2,equal/0007.trace,equal,plain,10,2,0,8,1,MIN_EXPANDED_SIZE,,7,4cf75674988206dfe295cc17eb52615507e429ed7c80ed604edc779cb7eb2ca0,3,5,5,SAT,SAT,4,5,1.25,0.8,TRANSLATED_ONLY,TRANSLATED_ONLY,True,67605,97015,219935,210349,0.6968510024223058,1.045571882918388,1.3303541069999483,2.1320042380002633,34402e1836d26fea439fe6f81f77a7515460a12b8796d9445c97eb8c55d6aca7,d862c55fd12f4e992d1ebb46067515f248194f66339b32778d9fb6eefdd37f9e
b2,moreDetailedTest/0001.trace,moreDetailedTest,plain,10,2,0,8,1,MIN_EXPANDED_SIZE,,5,4cf4d87b6dcf64d2fe396c8941ee439eef2c07ee0bb76745f986cfca6ad38387,3,100,100,TIMEOUT,TIMEOUT,,,1.25,,TRANSLATED_ONLY,TRANSLATED_ONLY,True,786406,1089440,2518950,2212984,0.7218442502570128,1.1382594722781547,4.4349823929997,9.894876545999978,c82f5a704a61ed674e76ef7b09e05d1fbf2982da3e329198e3083809cebfb952,8703e95d15bb7316d1829dfc4744e6dff3363292082d10d4423e7c2fb40ca5ae
b2,5to10Traces/0178.trace,5to10Traces,plain,10,2,0,8,1,MIN_EXPANDED_SIZE,,9,4430fdb2aab411bdcb015e7f6c8b460ba74aa0805e1ed6617219a2c9b842e93b,3,25,25,SAT,SAT,3,5,1.25,0.6,TRANSLATED_ONLY,TRANSLATED_ONLY,True,449782,470632,1485461,1002216,0.9556978700980808,1.4821764968829074,2.5826610469994193,4.985759270000017,595951954571edc7f5d8f15879ca63f4b58967963a695c1168212bc2b489508f,d187d7bdb7845bb7b041c303de43339dc71ed1ff0fbf33fe84efbdd5f283b6b0
b2,disjunctedExistence/0003.trace,disjunctedExistence,plain,36,2,0,8,1,MIN_EXPANDED_SIZE,,5,424507b2de8960903fda914ede4da873c9ed6d3925a5e02f18cb3b19d0ece32e,5,100,14,TIMEOUT,TIMEOUT,,,4.5,,TRANSLATED_ONLY,TRANSLATED_ONLY,True,522611,646838,1697285,1329973,0.8079472758248588,1.2761800427527477,4.084270886000013,6.1363982149996446,e55d23ebc6106b7643db4daeac794359f6c42c10c80e60ff68dff452ee13aaa3,0ad0b96fdb7708537e08250ad79be77cbac060971ee76876d9818bfc3251fff2
b2,increasingNumVariables/0054.trace,increasingNumVariables,plain,264,2,0,8,1,MIN_EXPANDED_SIZE,,11,ee356efe02576d0c3b952575033ba350d4966db4ff0addd2363e3e069310b2b5,9,45,45,TIMEOUT,TIMEOUT,,,33.0,,TRANSLATED_ONLY,TRANSLATED_ONLY,True,1483188,895619,5041909,1923803,1.6560479400280699,2.6208031695553027,8.54025637399991,7.691013370000292,51b27a164cff3dfac8fc00634964a7bd88a804dd2cef2d867d1a384667c037f5,10d324ce9ca914dc15ba72647bc6a304158b2ce700c1f9d20a824f8df05012c5
b2,equal/0041.trace,equal,plain,10,2,0,8,1,MIN_EXPANDED_SIZE,,5,039db8452a2b4e828889363c84368109bf7adcced910749d0a98c7dfb219a90a,3,50,50,SAT,SAT,3,5,1.25,0.6,TRANSLATED_ONLY,TRANSLATED_ONLY,True,394706,536608,1263900,1094279,0.7355574273957899,1.1550070868581048,2.88239640699976,5.185410921000766,ed38ce51163a6863b7b35706deb62b3513c6ecbef7bbd8ddbaaa969ab05bd7e9,105a31a31a34ed420366427af494fa889f43372fe84f1477e48649b873370e32
b2,moreDetailedTest/0031.trace,moreDetailedTest,plain,18,2,0,8,1,MIN_EXPANDED_SIZE,,15,d38e3d1b6f467074f9b04773d3163291ae8d89b2043a51471e2a17768386b632,3,125,125,TIMEOUT,TIMEOUT,,,2.25,,TRANSLATED_ONLY,TRANSLATED_ONLY,True,4959501,2272905,16788157,4811012,2.1820098068331055,3.4895271514600257,25.115301091999754,18.856067802000325,65cec649a11089bceec6725a4f664bd53405d1438f6cd9fdb26608ff13837728,cb22e98c0df04a7611a4318394b1d82e76fea2a97d45f411f8019b6db3f8d5e2
b2,5to10Traces/0117.trace,5to10Traces,plain,67,2,0,8,1,MIN_EXPANDED_SIZE,,5,d3c2fe8052ecf8528a9b8d2977e9aa4d2c511d320c9111e21202eb2dbf3a9567,4,1,75,TIMEOUT,SAT,3,4,8.375,0.75,TRANSLATED_ONLY,TRANSLATED_ONLY,True,1301970,784956,4465435,1830463,1.65865347866632,2.4395112056348585,5.836707018999732,6.236932284999966,c1c1ac04dfb62093eed57a2c932c9b611eded8d69f53086abc1b160bce4fe35a,27b2db7e75f242115c1ef1e71f9b6eea17ef1f65438a1e129cc042b1f93e8ab9
b2,baseTest/0021.trace,baseTest,plain,18,2,0,8,1,MIN_EXPANDED_SIZE,,7,5589e1cf5fde72aa059271e32c8257148d45c86f9ba4cc0e82335409f974ac19,3,6,42,SAT,SAT,3,6,2.25,0.5,TRANSLATED_ONLY,TRANSLATED_ONLY,True,299823,396279,977084,822726,0.7565957317950232,1.1876177488009374,2.281660009999541,4.084592823000094,8ff38af4a51beb45c0227d2ab59951b345006d805cf7be7a4978d9aa8b43397e,e0eff2c5a02de392377e674d19a26583ac7dcba0e8f4b3cbc3e9006b09d815ea
b2,disjunctedExistence/0000.trace,disjunctedExistence,plain,36,2,0,8,1,MIN_EXPANDED_SIZE,,5,9aa52b88a4b6321d15ceac2fa1866a38bfa4b34e19bb5f98e058b22455bf54c1,5,50,6,TIMEOUT,TIMEOUT,,,4.5,,TRANSLATED_ONLY,TRANSLATED_ONLY,True,259813,323236,843865,665871,0.8037873256691705,1.267310034526207,2.181276872000126,3.5337151879994053,c2fa19e779de78af0b786c820c598837069eb1f95d8bc476b1a95e73ad4a67be,b96d9599ad100864a7b4ee3eeb1a806929d5634048a2d0692a4a0fbf6f1266de
b2,increasingNumVariables/0003.trace,increasingNumVariables,plain,10,2,0,8,1,MIN_EXPANDED_SIZE,,9,554d1db6d50e510609a8c1e3ffd7d556385f38ffb0b5bdc160657ceb008146ba,3,30,30,SAT,SAT,3,5,1.25,0.6,TRANSLATED_ONLY,TRANSLATED_ONLY,True,537632,571643,1775646,1221391,0.9405030762206482,1.4537899820778113,3.1328734250000707,5.235295358999792,acea323467ac46100982a17282e8bf45d0eacd53c844633a6baa62c95023b320,e7395f2b1a845127dd2215d3aaf3c80773297c6efd15d4a8ec61a0f2d53b7e45
b2,equal/0023.trace,equal,plain,6,2,0,6,1,MIN_EXPANDED_SIZE,,5,f963d51b04b474bbc92efce90577bf4747d5beb8e0bf538f00ddc3b7d4fbaf98,3,10,10,SAT,SAT,4,5,1.0,0.8,TRANSLATED_ONLY,TRANSLATED_ONLY,True,81346,116252,259860,238622,0.6997384991225958,1.0890026904476535,1.3803479979997064,2.1313044480002645,26186934a326a02defb8df20f4865dff3cb6d9ff207fc4ea5e79f4c261e3004a,bd846f27c70a26ec802528ff1ba5cf7b89d3d9bde5f31429d4c0c79915ffc2f9
b2,5to10Traces/0078.trace,5to10Traces,plain,18,2,0,8,1,MIN_EXPANDED_SIZE,,11,38647e132ee55de9993f8c59a208e35d4c2ce6487de2fac015c6509a0f9e6b3c,3,150,150,TIMEOUT,TIMEOUT,,,2.25,,TRANSLATED_ONLY,TRANSLATED_ONLY,True,3597605,2717603,12003081,5770520,1.3238155094765498,2.0800692138663415,19.305268271000386,18.403772104999916,1a5a3b73085a246ada5631cef14924a1d8e803f9dd8f316920a8912c77d9f9d3,f074962811bcaaa2126dd3ac868ef12aeaa200b2a19e201902c155acaa81aad6
b2,moreDetailedTest/0011.trace,moreDetailedTest,plain,10,2,0,8,1,MIN_EXPANDED_SIZE,,5,e38a5917378b9df7d12d300f9eb69929ec77ddb6206f1394ba703e78f7785083,3,500,500,TIMEOUT,TIMEOUT,,,1.25,,TRANSLATED_ONLY,TRANSLATED_ONLY,True,3920006,5418838,12559350,11008035,0.7234034307724276,1.1409256965480215,26.224476590999984,37.58424677499988,0eb552e1b99bb2cfa056acb39bfeab2390cd161db052cd65c80eaf74502b2010,4fa75bcd121961d685c0eb5ce56284b5d67e2a5506299cd40393d01fa15b38df
b2,baseTest/0016.trace,baseTest,plain,18,2,0,8,1,MIN_EXPANDED_SIZE,,15,fa50e2911675719d95d055e6cd91cf981e06cbaef02d9e0626d2c09b3cd0707f,3,11,76,SAT,SAT,3,6,2.25,0.5,TRANSLATED_ONLY,TRANSLATED_ONLY,True,1750520,833426,5929048,1773129,2.100390436583452,3.3438334153916607,8.741200708999713,7.99065781399986,0310845adf8fe9d125b680031e549bb51532e91280df9a0240067b7099a52da6,b7e178e9ba26ee77f213e418b3f9ed4cf37ab9e3496dec1cdcceb3064e51a923
b2,disjunctedExistence/0063.trace,disjunctedExistence,plain,134,2,0,8,1,MIN_EXPANDED_SIZE,,5,626d67f59fe04a454da0de7737bf2ad85b99392a408360b738091701b07475ab,7,300,300,TIMEOUT,TIMEOUT,,,16.75,,TRANSLATED_ONLY,TRANSLATED_ONLY,True,3096577,3378042,10159739,6906884,0.9166780638014566,1.4709583945524494,19.958588276999762,24.565265368999462,c639619f09356879f7f34b6a95690067a0e1e2cbd859c0fbd30a5c9dffdd12b9,0700b16dfdccda96abd7eecce545d3ffdcc0374d9c1d1c8d06c6b8624aba561c
b2,equal/0006.trace,equal,plain,10,2,0,8,1,MIN_EXPANDED_SIZE,,7,32a25bd96a241f1fd10f4bf5f991f6898b65b0e7799fc6e658adc867dfe067f8,3,50,50,TIMEOUT,TIMEOUT,,,1.25,,TRANSLATED_ONLY,TRANSLATED_ONLY,True,617595,799714,2013140,1668495,0.7722698364665368,1.2065604032376482,4.334323417000633,7.3388576050001575,40f36258aed5629f6685340017bf224af421c41f183f69362f8f9922c5d4e287,b60ab2524bbea57d79e84a87b65f6e29cfec28a38e9c819303de9d660250c89c
b2,increasingNumVariables/0043.trace,increasingNumVariables,plain,135,2,0,8,1,MIN_EXPANDED_SIZE,,5,e3c1b84a1d5289ce903b49dc1172b72bd22a43e0a7b8320078e4b49fa2c56a74,8,30,30,TIMEOUT,TIMEOUT,,,16.875,,TRANSLATED_ONLY,TRANSLATED_ONLY,True,338895,346800,1118376,712160,0.9772058823529411,1.5703999101325545,2.882594760999382,4.133977956000308,3845f0961c65563c3c05e7186fc51e25eb69f81846b51a58c8da3911432b3e92,1166700ee36dab04be6394797c61d0d940ba7d604a1a2e157eb4531a00cf868c
b2,moreDetailedTest/0121.trace,moreDetailedTest,plain,10,2,0,8,1,MIN_EXPANDED_SIZE,,9,0ea86f7bef51632ee46c979683db72c8f7c79fa406e09261e169821e11106e65,3,350,350,SAT,TIMEOUT,,,1.25,,TRANSLATED_ONLY,TRANSLATED_ONLY,True,6160031,6376286,20347485,13513382,0.9660844886819694,1.5057285437501877,32.73122295200028,42.196885093000674,258e6c8c0041015ebef0a38a70d82052040f641f2b2a00c8a312fa41a9f2015e,be8c9b039d2f81591eb3bec06e9b23bee198bd3890ae62fce38d3094bc96d3dd
b2,5to10Traces/0002.trace,5to10Traces,plain,5,2,0,5,1,MIN_EXPANDED_SIZE,,5,eb40501cc06da1eccd73b8b511a5d40674abeffa8794fa8e717e0fabc662a9eb,2,25,25,SAT,SAT,1,3,1.0,0.3333333333333333,TRANSLATED_ONLY,TRANSLATED_ONLY,True,182794,236718,579857,474168,0.772201522486672,1.2228935735857334,1.830765276999955,3.3830502410000918,a21f2d4aab87f78b97abf7541249bef1a4d9c013175bf54fdc0ef49a7fc4e175,752aafa4cb004e846b907020d1500dcbaa6c9e46ae4af768aeb39d3ff27ad06a
b2,disjunctedExistence/0061.trace,disjunctedExistence,plain,134,2,0,8,1,MIN_EXPANDED_SIZE,,11,05796686e3c55d78c6963abdea7159548834606d6e6ce6ea7e70e2122c847d73,7,4,250,TIMEOUT,TIMEOUT,,,16.75,,TRANSLATION_TIMEOUT,TRANSLATED_ONLY,False,,6046985,,14609861,,,180.82628846899934,48.70682481699987,a7641599b51923e146461dada6ba0f063edcd0bfa7831dcb563023bfa22343db,79f561c16d69c4eab953399c69038c335a934497b6ae255fb7156a1f18fc3ad0
b2,baseTest/0040.trace,baseTest,plain,10,2,0,8,1,MIN_EXPANDED_SIZE,,5,2d01c4a45631c22085feb6cdf4ca13217795df8db1af8aadca86e2d48e488276,3,431,4569,ERROR,TIMEOUT,,,1.25,,TRANSLATION_ERROR,TRANSLATION_TIMEOUT,False,,,,,,,29.628055963000406,180.86707455899978,58ac670dc69c2c5de502090b3eef47b6cf023c5e2c62d0ebbf415f7f9fc269a7,d0fcb1e380d14e60ebc718dd7d25eba35786a686336b81bdd9faaa13b5411802
b2,increasingNumVariables/0041.trace,increasingNumVariables,plain,135,2,0,8,1,MIN_EXPANDED_SIZE,,15,bcdfd5e3a50997933d37a3c35bdcfe4532a2a6f2c2944afca3bc396dbc775e81,8,20,20,TIMEOUT,TIMEOUT,,,16.875,,TRANSLATED_ONLY,TRANSLATED_ONLY,True,1041730,409665,3577460,881060,2.5428825991969046,4.06040451274601,5.987864188999993,5.135517374999836,b2e743f4abd073acc08dd030d8d4010bc1ecbcd9f976b67049610bcbfc9aae3a,2e3549d2dbb6d5f48bb5f4bfa218a9169d61a6f63f51dcad99800418acae1858
b2,equal/0024.trace,equal,plain,6,2,0,6,1,MIN_EXPANDED_SIZE,,5,591191500853d381ffc261d6fc8335d26e1dd1db3e401462025d499293c452c7,3,150,150,TIMEOUT,TIMEOUT,,,1.0,,TRANSLATED_ONLY,TRANSLATED_ONLY,True,1178106,1636425,3774000,3333890,0.7199266694165636,1.1320109541706536,7.740729418000228,12.295156234999922,134cb542e82c8eeb05bbbef22b8d93b55e54d5fa42190424b1facdee89b01e23,dd72c8732496d6d02cdb076ba7cf6dbe6fb212f14160529bfe9eb355047252b4
b2,baseTest/0001.trace,baseTest,plain,10,2,0,8,1,MIN_EXPANDED_SIZE,,7,9547ffb5a3f76c5b4a41be156b2d786934fb0a67853456691c927aafbe7cc350,3,250,101,TIMEOUT,TIMEOUT,,,1.25,,TRANSLATED_ONLY,TRANSLATED_ONLY,True,2151456,2795597,7014115,5841291,0.7695873189161385,1.2007816422773665,10.543203501999415,19.2609078079995,6a595a910977c0000bf0fc072e4a852cf0901532c82812f8430819dd9aef43ce,453ac7da375d1763a743531088ed01670af574b110ea610c86f5847a490e3151
b2,moreDetailedTest/0016.trace,moreDetailedTest,plain,5,2,0,5,1,MIN_EXPANDED_SIZE,,5,2ff055971e33f6ba7e13d9758ec3b09a2a992c3c429bbedff5e0d8aec8cf4ac9,2,10,10,SAT,SAT,1,3,1.0,0.3333333333333333,TRANSLATED_ONLY,TRANSLATED_ONLY,True,74491,98113,235799,195082,0.759236798385535,1.2087173598794354,1.3303071779992024,2.031057201999829,d8ce7af8a3551a6a1b52421a3ba1769cbb1017a9b540374a9bf1ed8b3cd8d33d,647190491fefb457a72a14b26394365d00551af9040092e93265cf05b71aad0c
b2,disjunctedExistence/0048.trace,disjunctedExistence,plain,134,2,0,8,1,MIN_EXPANDED_SIZE,,9,f40572e52f00c672d689de94400867426882c00278f9ad24fc73f6c37a203d3c,7,50,50,TIMEOUT,TIMEOUT,,,16.75,,TRANSLATED_ONLY,TRANSLATED_ONLY,True,1118936,971963,3754189,2073187,1.1512125461565923,1.8108298961936382,4.935176658000273,9.491386628999862,ccbeeb776bf6dcb035446ab9559a5eec5300acd095efe42e53c26aba24563f05,2b74f4063103b3a7121c53835e4cc3bd37a5e1615c64017875cb87a92f79afc2
b2,5to10Traces/0154.trace,5to10Traces,plain,6,2,0,6,1,MIN_EXPANDED_SIZE,,5,86ea5d1e67f32593afcf9ca718f0f15de0bdeb895fea6b059c15320ab4bf0ee9,3,5,5,SAT,SAT,4,5,1.0,0.8,TRANSLATED_ONLY,TRANSLATED_ONLY,True,42176,60445,134355,124230,0.6977582926627512,1.081502052644289,1.1804063079998741,1.6306126139998014,e873dfb9fe383e4c4f7b6cfd89a0c0746d4383487aee44f81b939b7f0211ea68,9a7bdbc5a19b328eb714c9e346680f9bf6d9aabfec1f7ea4c2e7b03f481c1eee
b2,equal/0020.trace,equal,plain,18,2,0,8,1,MIN_EXPANDED_SIZE,,11,e5b5f71aaa4f83bfb89a82fcc9a1d9b77f761080bbe91790b43f8c80250f807d,3,50,50,TIMEOUT,SAT,3,6,2.25,0.5,TRANSLATED_ONLY,TRANSLATED_ONLY,True,1209806,923670,4036582,1952774,1.3097816319681272,2.0671014669388263,6.086554597999566,8.390065139000399,1e12810198b381d96d2bff46c4b5459eb8427d81aba6c4a26b9972972fab548e,67a06d0f3fbb723fbc950899093395f6cd779f0aa0813baa0e08efea20004b93
b2,increasingNumVariables/0055.trace,increasingNumVariables,plain,264,2,0,8,1,MIN_EXPANDED_SIZE,,5,b849ed540620164df9234045e83c5dad83662531ec99376f60641f18d283a6e5,9,50,50,TIMEOUT,TIMEOUT,,,33.0,,TRANSLATED_ONLY,TRANSLATED_ONLY,True,590205,577589,1954387,1187406,1.021842521239151,1.6459298672905476,3.7836737199995696,6.386956362000092,954831c3a809c5cec0cfca2ed860fff57c767780859b728feb7cf402fd698c0f,d661d202a2f9cd05384be69a764c1483541f6a05777848f44ea6bb8675df428c
b2,5to10Traces/0074.trace,5to10Traces,plain,18,2,0,8,1,MIN_EXPANDED_SIZE,,15,17a8172a264c432b22b6195f94909869d4a7b32b69d4fe159beebda0c06d060c,3,100,100,TIMEOUT,TIMEOUT,,,2.25,,TRANSLATED_ONLY,TRANSLATED_ONLY,True,3975151,1830103,13457132,3880586,2.172091406877099,3.4678092432431598,21.809249173999888,14.447886642000412,9244102aefb3a8195c884dc4d5640b0d98ffaabc70f2630b0051e5e0bf8e760c,10b06afec24fd74bea005f9f31f9b42be04902dbfce11de24e181af4d1a8d8ab
b2,moreDetailedTest/0122.trace,moreDetailedTest,plain,10,2,0,8,1,MIN_EXPANDED_SIZE,,5,33d0a3dd7e74e03f4b4a7aba4bb741234c3826128d8e470c39f807161b418e40,3,400,400,TIMEOUT,TIMEOUT,,,1.25,,TRANSLATED_ONLY,TRANSLATED_ONLY,True,3136604,4270409,10049248,8691931,0.734497328007692,1.156158280593806,18.95608790500046,31.47192306299985,4cfdc4254613466e884489e96dd99dd875669f8bb1ab240279b1f68e3ea2a5a5,c484e28617475f8b63a596fa793fa194a05001cf05197b526635e0a8f2fa142a
b2,disjunctedExistence/0030.trace,disjunctedExistence,plain,11,2,0,8,1,MIN_EXPANDED_SIZE,,7,7a1d604605f878c29bb0e1f081fe5a726c71f72c25561513fbfd9911cf196c55,4,150,1,SAT,SAT,3,4,1.375,0.75,TRANSLATED_ONLY,TRANSLATED_ONLY,True,995368,1232568,3263422,2572733,0.8075562565310799,1.2684650914028,4.685640585000328,9.99427151799955,75be03d825f66ef0e367190cff0d36b95b2183769dab066fe8807befe9c22cb0,7722e95a46719ce937ec5a87053a278b069ea9186f9e71a2412f00b04f87173d
b2,baseTest/0010.trace,baseTest,plain,5,2,0,5,1,MIN_EXPANDED_SIZE,,5,287f09d1ad3dd55a010036216c1436e98f7e5a60101f60da5d0708936b208576,2,51,1449,ERROR,SAT,1,3,1.0,0.3333333333333333,TRANSLATION_ERROR,TRANSLATED_ONLY,False,,6573028,,13234927,,,5.336000195000452,48.19756266700006,ea6c4ec7581b7af1070711ca0821c35ef93d13406b52181238d32684984f6ffc,89f9b3777047f622cdd4718adb15750f0a70f87c4b3e721223f246158a48bb9f
b2,equal/0042.trace,equal,plain,10,2,0,8,1,MIN_EXPANDED_SIZE,,9,428b7280c06cd1c4a3dfee817f27bd54186bddd87680459d4e5d202f6b9ee9bd,3,5,5,SAT,SAT,3,4,1.25,0.75,TRANSLATED_ONLY,TRANSLATED_ONLY,True,98382,116264,324721,258648,0.8461948668547443,1.2554552905879806,1.3803473159996429,2.3819297670006563,a731c5a81e2375335c9c9610285278a28db7ea847c97ab4e38e3e52c399c5d4e,bcff6ca30893b1d2498141796bcbbb46e2498100412372c446be0e392f77b664
b2,increasingNumVariables/0044.trace,increasingNumVariables,plain,135,2,0,8,1,MIN_EXPANDED_SIZE,,5,c9802ea70fc2803345a2dcdd124d7ba6278f5d6c9e712933544a8ee2676a66a4,8,35,35,TIMEOUT,TIMEOUT,,,16.875,,TRANSLATED_ONLY,TRANSLATED_ONLY,True,393415,402611,1297981,824125,0.9771590940138247,1.5749807371454574,2.832276535999881,5.485871720000432,7ce18f3cf5c2ea97e829aa21e8b03269a21e01ee8aef92260b91ece6765c7a9b,5de0aeb451bb1db170144cb98e70e22ac19da2381a74ae457e2ecc008a6460d7
b2,moreDetailedTest/0036.trace,moreDetailedTest,plain,18,2,0,8,1,MIN_EXPANDED_SIZE,,11,c9ed4c4614dbfe90901388443af500c7e1a16c5b8fe35541ca5c2db254207741,3,300,300,TIMEOUT,TIMEOUT,,,2.25,,TRANSLATED_ONLY,TRANSLATED_ONLY,True,7179304,5392822,23952831,11418875,1.331270344172309,2.097652439491631,36.08602558199982,42.0974716110004,60d31175e0e1fd0d2bf6f381bfc40859cb79e7a1fd30b544dbd01b447d4a406a,82e17988383a05f7e05c4a53f8c1561143d4cf1762115575f40d0953493d118d
b2,5to10Traces/0073.trace,5to10Traces,plain,18,2,0,8,1,MIN_EXPANDED_SIZE,,5,796cc73a47026adb51fe9c60fc5a6bf2fab504caa9bf10868738968b723c7858,3,75,13,SAT,SAT,3,5,2.25,0.6,TRANSLATED_ONLY,TRANSLATED_ONLY,True,1407222,912127,4817623,2134247,1.5427917384311614,2.257294024543551,5.587169987999914,6.939276199999767,4811445171d267b6e2e4de3f36103ac54492e2fee9a616d06c07815d012bf863,7494252e74d511691b2686792194d97f9c3416b56397f9340b8635b5883b10b7
b2,increasingNumVariables/0036.trace,increasingNumVariables,plain,70,2,0,8,1,MIN_EXPANDED_SIZE,,15,e1bd7a45a448d9c2b57fbfba8920bbc7876d3d9118b370924aae2a1290865042,7,35,35,TIMEOUT,TIMEOUT,,,8.75,,TRANSLATED_ONLY,TRANSLATED_ONLY,True,1696575,698648,5802875,1502159,2.4283687922959776,3.8630231553384164,9.191489766000814,7.289053069999682,586df282ebbca493a789410dfda0d7b1874b941d5d68dd1729bf21133045e00a,f7d93cc384ba24501c90f8fecae2f3bc3c1118c28526a359c676a42957d29c72
b2,voting_machine/voting8.trace,voting_machine,nnf_template,13,2,0,8,4,MIN_EXPANDED_SIZE,OfficialVoting;NNF,5,0f40eb0be74a98d28e428327dd6a20b96b94e0173b39f5bd4707dcc871294515,10,11,5,SAT,SAT,4,4,1.625,1.0,TRANSLATED_ONLY,TRANSLATED_ONLY,True,419480,106068,1508139,270480,3.9548214353056528,5.575787488908607,3.4338151310003013,2.386102196000138,98af5a42b13925199b7e03e164723c6a703206ab35d81eb41e621e522b56e2f1,60c9892a8341030111ee623cce6e5ec5f1c465000b43b5a795fb7ddf07f8faab
b2,voting_machine/voting13.trace,voting_machine,nnf_template,13,2,0,8,4,MIN_EXPANDED_SIZE,OfficialVoting;NNF,7,8d375b1aaaf8aad8347aa3febb6c753115efed45cd7b48c1d223ee2baf1d6e68,10,11,8,SAT,SAT,4,4,1.625,1.0,TRANSLATED_ONLY,TRANSLATED_ONLY,True,569278,171568,2038471,444553,3.3180896204420405,4.585439756339514,4.135235421000289,3.232530364000013,420c643aade54151953ff14a1ea89fab88513abd6eeab7d874a840ef031b122a,0339020140624e619976a47ce82048d4d49c6bb03f6ecd404f5387d6c3d5cba8
b2,voting_machine/voting4.trace,voting_machine,nnf_template,13,2,0,8,4,MIN_EXPANDED_SIZE,OfficialVoting;NNF,5,556d787d7e05cb7675b4926bc6b9b5f6a3ac18cc80154776e3a9763a0044ab1b,10,10,3,SAT,SAT,4,4,1.625,1.0,TRANSLATED_ONLY,TRANSLATED_ONLY,True,344015,87964,1234920,227358,3.9108612614251284,5.431610059905523,2.932723717999579,2.2314687789994423,d739d185ea0c02a9858a8296cbe63eb01c4762da4896d1cc147865a68895969a,61b63cbddc26d812c5c0db5bbfa4d07b4a728c03a1ff694b15103f95771f5f1c
b2,voting_machine/voting9.trace,voting_machine,nnf_template,13,2,0,8,4,MIN_EXPANDED_SIZE,OfficialVoting;NNF,9,761eea46d30389b096d8a253e3b8e75dc91b12368c64d27bf30bcba8785f4f11,10,8,5,SAT,SAT,4,4,1.625,1.0,TRANSLATED_ONLY,TRANSLATED_ONLY,True,455739,164982,1623140,444941,2.7623558933701857,3.647989283972482,3.8837873630000104,2.5318062989999817,cf07ab6a1f685e4616f66ef3e8971285d2b48c3ca46acc83c1d55f45948a1010,a228b3b596b0b5d57dafaa35d485ae0776d6c8afed04b9425038e44d3f3d84c9
b2,voting_machine/voting3.trace,voting_machine,nnf_template,13,2,0,8,4,MIN_EXPANDED_SIZE,OfficialVoting;NNF,5,f2fc24d8ecd656cd2276a9409f2feb061f97049411552f1e9f4e73e455ef246b,10,10,2,SAT,SAT,4,4,1.625,1.0,TRANSLATED_ONLY,TRANSLATED_ONLY,True,142760,78812,486440,199621,1.8113992792975688,2.436817769673531,2.131397785000445,2.03102018699974,07e3bbf4b686a6ed2bcafeab5f18f2874bfdf0301097476e36d5dd50e1db4818,fd89ab06de8541850b0c60555456643167ac5d776a7ddf2dac58e487b68f8881
b2,voting_machine/voting7.trace,voting_machine,nnf_template,13,2,0,8,4,MIN_EXPANDED_SIZE,OfficialVoting;NNF,11,7888b9164013ee9e3bda61ed3f68d1215476addfb60c72275f26f45b5a9fd9de,10,11,3,SAT,SAT,4,4,1.625,1.0,TRANSLATED_ONLY,TRANSLATED_ONLY,True,553984,165462,1970961,443689,3.3481040964088433,4.442212901379119,5.336962512000355,2.93383277599969,64d76a1993201a330dc5c1241476c0969da5a0326d13b31fff1c2a75ff13113c,90dc66f2840d758255c33dfb3a2c76b3bfd2650b4dbbea21046b7490646c47b3
b2,voting_machine/voting5.trace,voting_machine,nnf_template,13,2,0,8,4,MIN_EXPANDED_SIZE,OfficialVoting;NNF,5,aaa7c5f9eb05af40920404aac394187c62a6c0f9a833f1d632b7161d62146a5a,10,11,2,SAT,SAT,4,4,1.625,1.0,TRANSLATED_ONLY,TRANSLATED_ONLY,True,153240,85089,522719,215359,1.8009378415541375,2.4271983060842595,2.2317036849999567,2.081236285999694,123480f80bb87d7ba10988f53d7a22a0aa32598bce757e9432f5647d180a5be7,ec1f9b91fab375529035cb7795f3c0b8aaf52b2e288eb26a761b205e83bf3ed3
b2,voting_machine/voting14.trace,voting_machine,nnf_template,13,2,0,8,4,MIN_EXPANDED_SIZE,OfficialVoting;NNF,11,e75441430d5355f3357451f1532cd997d897a3e1ca480ce1eff14da891d99d35,10,6,2,SAT,SAT,4,4,1.625,1.0,TRANSLATED_ONLY,TRANSLATED_ONLY,True,191358,105505,654258,282772,1.8137339462584712,2.313729789370942,2.2814453380005943,2.1812305439998454,fa41f5a88a6e08d79af46bf5a0f38cbf4812944f7104f4e9fa4f8cb817086a5a,474820e98432d9f6b9cc6c2d05f566a7abeebfd3a3fa81c9c424773aad647a97
b2,voting_machine/voting2.trace,voting_machine,nnf_template,13,2,0,8,2,MIN_EXPANDED_SIZE,OfficialVoting,5,9c56c57ce88a43702403585d2561076b6ec82d857cb441112ff537fd2a49149c,10,8,2,SAT,SAT,4,4,1.625,1.0,TRANSLATED_ONLY,TRANSLATED_ONLY,True,121789,55718,413826,133899,2.185810689543774,3.0905832007707303,1.8312706189999517,1.7307971989994257,00f263706b35ed477f424c622b8ef3039a241cc60044f5e95397ce378a930acd,2304edd7af36ecf4a61fbd5ed7c6d16406934482957dd8182c902d24b2b84117
b2,voting_machine/voting10.trace,voting_machine,nnf_template,13,2,0,8,4,MIN_EXPANDED_SIZE,OfficialVoting;NNF,7,079adb71eea70013881ed60e6b31f588513a832d18cf5e8e758c3eaef1d1e6b2,10,3,7,SAT,SAT,4,4,1.625,1.0,TRANSLATED_ONLY,TRANSLATED_ONLY,True,313759,108892,1118561,289462,2.8813778789993756,3.8642757944047923,3.0827134379997005,2.1314890630001173,a6b7cdb2b92b48772410784d6c766d7e71465f0c236be3fec806f86a4bc4fbd5,a6392c6d1238d47e0f082f270ecd1810b6d0514f8e5ffb8779d1afaab4b741e8
b2,robot/RRtrace/order1.trace,robot,repair,2050,2,5,13,4,REPAIR,OfficialRobotRR;Repair;NoDAGReuse;LeftNotEqualRight,5,a3abe8fbb73a4ecb60647b73556a968ea82771067cb68363c346c66c539cb423,3,1,3,SAT,SAT,7,9,157.69230769230768,0.7777777777777778,TRANSLATED_ONLY,TRANSLATED_ONLY,True,996109,130063,3837312,352361,7.658665415990712,10.890285814831948,6.438047912000002,2.1811702659997536,541730a0c102f852da565c3e9b15bee8527ea51d2e95d5cf4a1275c70e654a4f,7f36bc656744cf648683b613f5b2fbe4a7c2c078109b8664a2fa9237df35df34
b2,robot/RRtrace/order5.trace,robot,repair,2050,2,5,13,4,REPAIR,OfficialRobotRR;Repair;NoDAGReuse;LeftNotEqualRight,7,6910c58345fa6ec2a989eacc9a6333c5f4ec9b1198d2398d9d4550b1196f6534,3,4,6,SAT,SAT,7,9,157.69230769230768,0.7777777777777778,TRANSLATED_ONLY,TRANSLATED_ONLY,True,2564316,270061,9870517,737251,9.49532142738122,13.388272108142274,15.85543574500025,2.7824924630003807,43c9ff282cc2f7436f8df9d40151ded5bfa010b480b66176494cf0a9f880fbad,55623e7518264b9c307d0bbc5edf423259a8fdef5ef8c160b3c42ea6438c5f2f
b2,robot/RRtrace/order.trace,robot,repair,1026,2,5,13,4,REPAIR,OfficialRobotRR;Repair;NoDAGReuse;LeftNotEqualRight,5,8d2432b2486743e83d897ec36aea2cc3fd34384dcb4fa6fba9fe4106670853a1,3,3,3,SAT,SAT,7,9,78.92307692307692,0.7777777777777778,TRANSLATED_ONLY,TRANSLATED_ONLY,True,1490210,159453,5744073,428971,9.345763328378895,13.390352727806775,8.090000539000357,2.332049088000531,a86ea8f57f7afa6e02b4178227c3ce948db7f5f5dbe1722fb2dc9262aba53383,8c58d947f672af07d16e5db83fc782f2756838ff027dde25debce1c34e1fb8c5
b2,robot/RRtrace/order8.trace,robot,repair,2050,2,5,13,4,REPAIR,OfficialRobotRR;Repair;NoDAGReuse;LeftNotEqualRight,9,f6af61f7ecc7792d6b397b019339d1e1ae21db5834d7641fbdfa69f2553aee1e,3,4,6,SAT,SAT,7,9,157.69230769230768,0.7777777777777778,TRANSLATED_ONLY,TRANSLATED_ONLY,True,4524157,408291,17526453,1143357,11.080716939633742,15.328941879045653,27.073025217999202,3.734263820999331,eb2071d0e96690ff6bd5903705aaa0ba19864cc329841c6456a366551aa76204,b5924254c627ad514ace020a21fdece4aa5fe6bb91976dec28981d874b0578c8
b2,robot/RAtrace/final42.trace,robot,repair,2050,2,6,14,2,REPAIR,OfficialRobotRA;Repair;NoDAGReuse;LeftNotEqualRight,5,c410198587a4c3beccbc1659edff2c0ce31d5894807f59174864ec099f479918,3,3,3,SAT,SAT,8,9,146.42857142857142,0.8888888888888888,TRANSLATED_ONLY,TRANSLATED_ONLY,True,1498111,199163,5771897,537776,7.5220347152834615,10.732901802981166,8.64005030899989,2.3315003480001906,238fbe263a552efdc32b1e7bb64d21aeeb02ed2ee6b2eab1452a142b2da366bd,7f12b1180b62dba24d8551b2508b400a828880607f3c544e11abf1924b259cac
b2,robot/RRtrace/order10.trace,robot,repair,2050,2,5,13,4,REPAIR,OfficialRobotRR;Repair;NoDAGReuse;LeftNotEqualRight,11,d3a64270a7ff1cee5aede758295552e7ce71372dfa5e44d2b2d059e5d381baef,3,5,7,SAT,SAT,7,9,157.69230769230768,0.7777777777777778,TRANSLATED_ONLY,TRANSLATED_ONLY,True,5585302,455571,21614938,1274735,12.260003380373202,16.956416823888887,34.831040870000834,3.783459307999692,8c724f4349ff765b8670fabcb81f4538a21e7882c6031bce40719842939711da,3f3ddc753f239458902028e802c6fcbd89a13ce70e08165521698ca8fde8cf0d
b2,robot/RAtrace/final3.trace,robot,repair,2050,2,6,14,2,REPAIR,OfficialRobotRA;Repair;NoDAGReuse;LeftNotEqualRight,5,d52f92767d36f3d527df04121ba2a665867ed41657526819f79a5e614af31b52,3,2,3,SAT,SAT,8,9,146.42857142857142,0.8888888888888888,TRANSLATED_ONLY,TRANSLATED_ONLY,True,1250070,167456,4814842,451172,7.465065450028664,10.671854636369279,7.1884964150003725,2.1816720619999614,b1cc5f80c8de26d23fe4755c8ef3a3dedafe4cee854b8afd0a2336c85a873d48,f3e0aa50766daa0bf736c4246d9ee26c961843f692caa8fd4430692056bd7038
b2,robot/RAtrace/final47.trace,robot,repair,2050,2,6,14,2,REPAIR,OfficialRobotRA;Repair;NoDAGReuse;LeftNotEqualRight,15,4ff6be8138b02f068b8dfdc6d6d6c11acc948cd5db92be07ca3bac992328485e,3,4,12,SAT,SAT,8,9,146.42857142857142,0.8888888888888888,TRANSLATED_ONLY,TRANSLATED_ONLY,True,7413085,545314,28603926,1521387,13.59415859486461,18.801216258585093,48.4015936299993,4.234504605999973,47c5b064763329e1ee1794317260609f6dd416ec1f292b2247fab6ac96eb1778,010b52bfdeec556bddfc68153ec3a635e45a9f4a4e04fbdfbc30ac3e2d7aaa4e
b2,robot/RRtrace/order2.trace,robot,repair,2050,2,5,13,4,REPAIR,OfficialRobotRR;Repair;NoDAGReuse;LeftNotEqualRight,5,e15fb553ba3dbcd97ba8b963a288ed089576ea6dbe9e43da2e5211fbbdc3cb7b,3,3,3,SAT,SAT,7,9,157.69230769230768,0.7777777777777778,TRANSLATED_ONLY,TRANSLATED_ONLY,True,3386918,216093,13191837,586475,15.673427644578954,22.493434502749476,19.807694871999956,2.6819086499999685,4590673feeb3b06e8beec31ef0d420597202f5539e2bec282ad768facf0ef3ce,c2940f828af59176aeaeaeafbede4e375f82c9c1c48928c3a0e4397e07aa19b4
b2,robot/RAtrace/final46.trace,robot,repair,2050,2,6,14,2,REPAIR,OfficialRobotRA;Repair;NoDAGReuse;LeftNotEqualRight,7,207fa315da07ed9a18322159e205289fa4a931233fb2b6ad76b6094e97d812c9,3,4,9,SAT,SAT,8,9,146.42857142857142,0.8888888888888888,TRANSLATED_ONLY,TRANSLATED_ONLY,True,3347920,375302,12885794,1035324,8.920602608032997,12.446146327140102,17.509331444000054,3.3335952600000383,5c0d0fabcb7cd734d6da4f967dddbde33e39ca68d9fe33589769a774b2434413,9c480cd3e1380cd7e99325760e01d52ca3e62976fbcab1330fdb23cd7a954316
b2,robot/RAtrace/final45.trace,robot,repair,2050,2,6,14,2,REPAIR,OfficialRobotRA;Repair;NoDAGReuse;LeftNotEqualRight,5,1d2034a84262dfb83192aee474f05d2c625c98a90d17797a383715a63f78c1fe,3,4,6,SAT,SAT,8,9,146.42857142857142,0.8888888888888888,TRANSLATED_ONLY,TRANSLATED_ONLY,True,2490275,261053,9599967,703659,9.539346416244976,13.642925053186273,15.299798705000285,2.782427645000098,2f7266c5847b0bc0490bd03ea0054b38248d97bd5e9ae644c3aee2211d6ad0f5,c0be8a55f4dbf04b2d4f4838b35379b7cfaecdee284ab55a67d9bfcb027bd628
b2,robot/RRtrace/order9.trace,robot,repair,2050,2,5,13,4,REPAIR,OfficialRobotRR;Repair;NoDAGReuse;LeftNotEqualRight,9,16897599aa8b78ff3b95727250a7e104d28173d2048cb2096a96454eb1994c31,3,5,6,SAT,SAT,7,9,157.69230769230768,0.7777777777777778,TRANSLATED_ONLY,TRANSLATED_ONLY,True,4974697,451801,19273165,1265863,11.010814495762515,15.225316641690293,27.773593312999765,4.134456681000302,b4cd46e550919be521bb1e4c77dfc3dde7b31301fdc3dba0ffe429222752a34a,6d46bb34e882c80636f08ceecb89238274e0c4bee5e522061a12482c31d0b1b7
b2,robot/RAtrace/final44.trace,robot,repair,2050,2,6,14,2,REPAIR,OfficialRobotRA;Repair;NoDAGReuse;LeftNotEqualRight,5,1b07920e1c3da943d037e93424f5264ce49246d6f0dedbd0e16add04b1619b2e,3,4,3,SAT,SAT,8,9,146.42857142857142,0.8888888888888888,TRANSLATED_ONLY,TRANSLATED_ONLY,True,1746152,230870,6728952,624380,7.563356001212804,10.777013997885902,8.590769517000808,2.482351061999907,1b2ffd98ebf2a3411d9e81efa333b42220e97b58052a28ff0e194b4e2f08a256,368a867cadde87355ec17b26eb5b12922fdd8aa2ac4dfc5c1eacf4f86c7a532d
b2,robot/RAtrace/final21.trace,robot,repair,2050,2,6,14,2,REPAIR,OfficialRobotRA;Repair;NoDAGReuse;LeftNotEqualRight,11,af03be7fbc2397df523c58e05c2defaa7a4b05c8c6eb92cfb3f3ad1f82887619,3,4,3,SAT,SAT,8,9,146.42857142857142,0.8888888888888888,TRANSLATED_ONLY,TRANSLATED_ONLY,True,1959240,288715,7509240,798583,6.786069307102159,9.40320542761366,9.843979320000471,2.882405285000459,0b6a729465dd80819046adce19093b43dbb48e82a7ec445d9b02a0187e550cc6,ca2a3a7ca0636e157d1f7fd939084d858662cf7d0c0e552107195fdf173de758
b2,robot/RAtrace/final22.trace,robot,repair,2050,2,6,14,2,REPAIR,OfficialRobotRA;Repair;NoDAGReuse;LeftNotEqualRight,5,0b9b256621c7879fdcbdecc7088b07bef8c4a9fac018b90a85c5dd4297609f1e,3,4,6,SAT,SAT,8,9,146.42857142857142,0.8888888888888888,TRANSLATED_ONLY,TRANSLATED_ONLY,True,2490275,221361,9599808,588885,11.249836240349474,16.3016684072442,14.900603485999454,2.483560206999755,97fe807cf54ac9d8113c0717b4c74062996e659e87593de1794d5da419f13826,87c836448d2dc02b54a783ce60e2c54056941af72fc345763846da4e9e29ad5e
b2,robot/RAtrace/final43.trace,robot,repair,2050,2,6,14,2,REPAIR,OfficialRobotRA;Repair;NoDAGReuse;LeftNotEqualRight,15,f3abfe251eefe4d2d051eac82b6f9c20ccec52b03eca225b50d950cfc41f3c42,3,3,4,SAT,SAT,8,9,146.42857142857142,0.8888888888888888,TRANSLATED_ONLY,TRANSLATED_ONLY,True,2130028,308891,8141539,856022,6.895726971650194,9.510899252589303,13.146431608000057,2.9822302200000195,808ea72d6489c9e2a033a55161bb75927867c7cc3e9cbd3822a8333d21788b49,db2ce2e172f86f8ad2dd72e65bbdb21df085894bfb5c9781816573a4e0b92eb0
b2,robot/RRtrace/order4.trace,robot,repair,2050,2,5,13,4,REPAIR,OfficialRobotRR;Repair;NoDAGReuse;LeftNotEqualRight,5,ecdb87e848eb2d2b28ac368ff2d59d2674f234bc6bac47938879c4083870627c,3,4,3,SAT,SAT,7,9,157.69230769230768,0.7777777777777778,TRANSLATED_ONLY,TRANSLATED_ONLY,True,1737260,178573,6697468,479581,9.72857038858058,13.965248831792753,9.542629324999325,2.2816769329992894,6d8e55f96fc477a3794fe1d22dbeb87939634b7c1c8263225f5f2520cd6f00a4,08268b1f6b3612c42103c2c8b054cccc99116fd5c5b00bd4bb4017b53134f69c
b2,robot/RRtrace/order7.trace,robot,repair,2050,2,5,13,4,REPAIR,OfficialRobotRR;Repair;NoDAGReuse;LeftNotEqualRight,7,302c3bc981a3d214adaaa21af2874eea620879b1c4318b2fd230347c8f2c02bf,3,4,4,SAT,SAT,7,9,157.69230769230768,0.7777777777777778,TRANSLATED_ONLY,TRANSLATED_ONLY,True,3524084,344796,13667584,957342,10.220779823431826,14.276594989042579,18.804879407000044,4.084375293999983,74e36ae9931e8203bcf5791fd08818f7eee0aed40b697f84e77c87ee2fc72c3c,0f9caf778b6b67adb933a5509d6807cf102c0500b29145ae08c9a3f8ef2d2def
b2,robot/RAtrace/final4.trace,robot,repair,2050,2,6,14,2,REPAIR,OfficialRobotRA;Repair;NoDAGReuse;LeftNotEqualRight,5,a5ae4a200430e6b45dd22294c45e034aa637a3c5381915842e16f9e197ebf3d1,3,3,3,SAT,SAT,8,9,146.42857142857142,0.8888888888888888,TRANSLATED_ONLY,TRANSLATED_ONLY,True,3396799,233333,13226831,634200,14.557730796758282,20.855930305897193,20.059549175999564,2.8324516699995,cf49c770be4920ecf59d97158a7ee2e1ce0d5982f10016ccec176d1aa33e186d,438da23aeca9ef7feabe7aa95c9138ba67b43b90a1f2f8b2469efedebf1ad940
b2,robot/RRtrace/order6.trace,robot,repair,2050,2,5,13,4,REPAIR,OfficialRobotRR;Repair;NoDAGReuse;LeftNotEqualRight,9,6fa60cb707ea5016a8f17a93532f56a28194e5957c1b9ac3d6518ad16aea2bb5,3,4,3,SAT,SAT,7,9,157.69230769230768,0.7777777777777778,TRANSLATED_ONLY,TRANSLATED_ONLY,True,3172537,370606,12286494,1041410,8.560403771120813,11.797941252724671,20.456559535999986,3.784064933999616,651ed81481af402acff8f736c4ae0c157ed0319a01baeb820171421617fa0cd6,2109f40b91afa587c09bb5cf0a7e15a3cfe2ad81c9d70c32be60642de1d02453
b2,peterson/extra_traces/liveness4.trace,peterson,required,18,2,0,8,6,MIN_EXPANDED_SIZE,OfficialPeterson;NoSharedLiteralBranches;RequiredProposition(x6),5,f8f138045b1f9a38d77dff03f46afe71da8fd69753a76d702b83fbc3d4ca9d1e,15,12,4,SAT,SAT,4,5,2.25,0.8,TRANSLATED_ONLY,TRANSLATED_ONLY,True,3148151,209265,12011041,683051,15.043848708575252,17.58439852953879,19.65849683000033,3.58324513900061,0439198d70a07e540c27e87bf07e60ea86a7a56cfd895bebb17d7da8e144daba,fb839044552aa6732d7ed070a22f4ad061b6e9f6d37a166007bf3a8e48abda83
b2,peterson/extra_traces/liveness3.trace,peterson,required,18,2,0,8,6,MIN_EXPANDED_SIZE,OfficialPeterson;NoSharedLiteralBranches;RequiredProposition(x6),7,92c08cb6b10d0d9c517c8acfcba4193a92fd802382d721f79ade0f27a73d17d4,15,12,4,SAT,SAT,4,5,2.25,0.8,TRANSLATED_ONLY,TRANSLATED_ONLY,True,3315347,301063,12598075,991281,11.01213699458253,12.70888375748148,19.5067680559996,4.083887426999354,953b1ae7b718794e0cdd2c8e6c63609cc4316963676e2e3331ff6e8061e1487d,292ff0178a3f04635cba8a5ef35b055bd6d993ac62915daf2f5738e4a92d3a1e
b2,peterson/base/liveness1.trace,peterson,required,18,2,0,8,6,MIN_EXPANDED_SIZE,OfficialPeterson;NoSharedLiteralBranches;RequiredProposition(x6),5,9f74b90d31d8148ebcac789e298f8c583860eb7a588bc1597f72b024cf5d4964,15,8,4,SAT,SAT,4,5,2.25,0.8,TRANSLATED_ONLY,TRANSLATED_ONLY,True,2376919,173375,9053500,575905,13.709698630136986,15.720474731075438,14.748285775000113,3.1828592219999337,c07b1200eb51f43dbc0d7e60cbf87221467656464fb72482ba86dbb66d438860,875a16c1b4253e9325f59c9a61b8c52da6d527465b2b6a38fe561091a4b8b6fc
b2,peterson/constrained/liveness4.trace,peterson,required,18,2,0,8,10,MIN_EXPANDED_SIZE,OfficialPeterson;NoSharedLiteralBranches;RequiredProposition(x6);RequiredProposition(x2),9,c90df4f57b91d92c7f4464050cd924aed3ab91b443d047f740db133d922f5830,15,8,4,SAT,SAT,4,5,2.25,0.8,TRANSLATED_ONLY,TRANSLATED_ONLY,True,2648152,362547,9998267,1220642,7.304299856294494,8.190990478780838,14.454189948000021,7.740327924000667,ea6f277ac0be6d68a9d5877602e4cd776c956140a65c284931b30ade911a5a83,8feecdcd1f111b7655e346389433a938064dfcd9787fa8bbdda0db0b0c6c4c06
b2,peterson/constrained/liveness5.trace,peterson,required,18,2,0,8,10,MIN_EXPANDED_SIZE,OfficialPeterson;NoSharedLiteralBranches;RequiredProposition(x6);RequiredProposition(x2),5,da3f05a0aa341b1d6a4c7b55e08647703fb1ebb4bf5bdb903f43f5b09960fb7d,15,8,4,SAT,SAT,4,5,2.25,0.8,TRANSLATED_ONLY,TRANSLATED_ONLY,True,2376919,213496,9053381,703192,11.133318657024018,12.874692829269957,14.506877087999783,5.7368846119998125,18720a751abfb63c39603019ed01d576549ec9523bfdd790d524a69bf0025f73,e7fa6a77b2e9bd104e51574e84887bec51d09b78604b0d07eafc0967560f5fcb
b2,peterson/extra_traces/safety5.trace,peterson,required,18,2,0,8,5,MIN_EXPANDED_SIZE,OfficialPeterson;NoSharedLiteralBranches;RequiredProposition(x2);RequiredProposition(x8),11,46ba74a4558a1e88f34b6db010bd7ef7d90143c2746a2ba88f6cf604915d9590,15,12,4,SAT,SAT,4,5,2.25,0.8,TRANSLATED_ONLY,TRANSLATED_ONLY,True,3685438,338709,13902276,1117956,10.880838714058381,12.435441108594613,23.010554002999925,3.7837570659994526,30c7d70cfd0402a5263d8d0fdacfddcb9e98b69cc662d42789b98028539e1f17,8ee3b8c5260265e3c93b6a85ceeaf8ae90cba100a51c12380c0b53a059ba0674
b2,peterson/constrained/liveness1.trace,peterson,required,18,2,0,8,10,MIN_EXPANDED_SIZE,OfficialPeterson;NoSharedLiteralBranches;RequiredProposition(x6);RequiredProposition(x2),5,436612e2a9da4c1e24b3c3861fe2635e817a733e1dada8a9af60e3ec8df0b39c,15,8,4,SAT,SAT,4,5,2.25,0.8,TRANSLATED_ONLY,TRANSLATED_ONLY,True,2376919,222802,9053501,741473,10.668301900342009,12.210156000285917,15.053226082000037,4.986317732000316,8bd854fe8e3bfd3411f760a5bb12c556e6c29fb7ca8f4a83e696b7beb2869b7f,10401de83bd01986818f981b12a8079fb46fb5ca1695b4e6a5ed76979d6edd1e
b2,peterson/constrained/safety4.trace,peterson,required,18,2,0,8,5,MIN_EXPANDED_SIZE,OfficialPeterson;NoSharedLiteralBranches;RequiredProposition(x2);RequiredProposition(x8),15,4fefc8d74d8cf3e860693287ea83f2d494c62f417fdc2b40d64b00910affcad5,15,8,4,SAT,SAT,4,5,2.25,0.8,TRANSLATED_ONLY,TRANSLATED_ONLY,True,3132532,273824,11688985,909430,11.439946827159051,12.85308929769196,18.65799049599991,3.58409945800031,196b363ba22c109c5569ac72191d3efdc925af535e13ff041379a1ab094ccfe5,f6ab83393976b0b79622fb5d70a2841607fbef3796bcf802ec1371ba79055a17
b2,peterson/base/liveness4.trace,peterson,required,18,2,0,8,6,MIN_EXPANDED_SIZE,OfficialPeterson;NoSharedLiteralBranches;RequiredProposition(x6),5,29ea766bb803188ab64ad1d8626561a8c07f17f53304bbfc91ab193a033eee82,15,8,4,SAT,SAT,4,5,2.25,0.8,TRANSLATED_ONLY,TRANSLATED_ONLY,True,2376919,169192,9053425,558603,14.048648872287107,16.207261686743536,14.949222574000487,3.483728684000198,1ababd6edb53f8879c8ccfffe28e38f12d62720a3b54ca9668c4934b67f1c7ff,a8b85aad10627444bea1c111974edf830e2ca9c0f50c4c5f6e788c6113776acd
b2,peterson/base/safety1.trace,peterson,required,18,2,0,8,5,MIN_EXPANDED_SIZE,OfficialPeterson;NoSharedLiteralBranches;RequiredProposition(x2);RequiredProposition(x8),7,1709e7620f34798171d9c4be273f0b651842d258231413892bb38ff4073fcffe,15,8,4,SAT,SAT,4,5,2.25,0.8,TRANSLATED_ONLY,TRANSLATED_ONLY,True,2506793,234325,9506786,784597,10.697932358903232,12.116775873473898,14.501379677999466,3.2830926189999445,5ce83e202db28f79a4c3f377dabb5448141abbe7917b1281588099a2b0279c82,8dcccb4ebaaf6adef27d24ae3ae055b751879dc629ff8b6ab17a6ece78737af7
b2,peterson/constrained/safety5.trace,peterson,required,18,2,0,8,5,MIN_EXPANDED_SIZE,OfficialPeterson;NoSharedLiteralBranches;RequiredProposition(x2);RequiredProposition(x8),5,07ab14efea161edf075647b43b10ed3094c1200b01e9afd2baa374ac8d13c72a,15,8,4,SAT,SAT,4,5,2.25,0.8,TRANSLATED_ONLY,TRANSLATED_ONLY,True,2376367,150709,9052329,492912,15.767916979078887,18.365000243451163,15.10013606100074,2.7320860909994735,285341f82df2969bd1e1038f470a6e472e335adbea31539ae752babb877f6721,c4a47e8fb86cc9ed9031fa0e656e82d0cf3113880a209cc42749a36bc0c90b0a
b2,peterson/base/safety3.trace,peterson,required,18,2,0,8,5,MIN_EXPANDED_SIZE,OfficialPeterson;NoSharedLiteralBranches;RequiredProposition(x2);RequiredProposition(x8),9,0db0441662ed7a1303e119dff62fef04069ef455d9900c5d7e04f9e707fee1d1,15,8,4,SAT,SAT,4,5,2.25,0.8,TRANSLATED_ONLY,TRANSLATED_ONLY,True,2647292,272874,9996690,913879,9.701517916694153,10.938745720166455,14.198674117000337,3.533086569000261,94c29cfc9bede2a10cbd0fb9536a53cd0db305b863d4fef108dd03983c9fb977,2ddab9a5e44785e0edcfd4224189c2afc66da2f2d02961dfacb859dfdb3e237f
b2,peterson/base/liveness3.trace,peterson,required,18,2,0,8,6,MIN_EXPANDED_SIZE,OfficialPeterson;NoSharedLiteralBranches;RequiredProposition(x6),5,935a5ccb740869d35968bd1a207b5b32ee3a0c8ca58febd7c49e0c8d8ae331fb,15,8,4,SAT,SAT,4,5,2.25,0.8,TRANSLATED_ONLY,TRANSLATED_ONLY,True,2376919,171568,9053500,568497,13.854092837825235,15.925325903214969,14.449978614000429,3.533777554000153,a16f1bbbea745e86ea8111b2d1d7add381e895eb902dce0846ebbff8a346a0f7,39892eef23266456aa1286d43b746a7b8cb3512d03ad8f23d41a937d8c2238fe
b2,peterson/constrained/liveness2.trace,peterson,required,18,2,0,8,10,MIN_EXPANDED_SIZE,OfficialPeterson;NoSharedLiteralBranches;RequiredProposition(x6);RequiredProposition(x2),11,bc6618ef2a01f1246eb8470a660798f236d837c2fb5ff3330399689744559cc4,15,8,4,SAT,SAT,4,5,2.25,0.8,TRANSLATED_ONLY,TRANSLATED_ONLY,True,2799228,361495,10525010,1212232,7.743476396630659,8.682339684152868,19.554843350000738,7.939524928000537,1872b32a5a901773c19d779c8739dade2135d66f8029ba387f8301f36b94fbbb,f65481c6d9e7f36850b1f7e4060cad214de00a13162d9cc3c7629666c18049a1
b2,peterson/extra_traces/liveness5.trace,peterson,required,18,2,0,8,6,MIN_EXPANDED_SIZE,OfficialPeterson;NoSharedLiteralBranches;RequiredProposition(x6),5,f8f138045b1f9a38d77dff03f46afe71da8fd69753a76d702b83fbc3d4ca9d1e,15,12,4,SAT,SAT,4,5,2.25,0.8,TRANSLATED_ONLY,TRANSLATED_ONLY,True,3148151,209265,12011041,683051,15.043848708575252,17.58439852953879,20.008692076999978,3.834238920999269,0439198d70a07e540c27e87bf07e60ea86a7a56cfd895bebb17d7da8e144daba,fb839044552aa6732d7ed070a22f4ad061b6e9f6d37a166007bf3a8e48abda83
b2,peterson/base/safety5.trace,peterson,required,18,2,0,8,5,MIN_EXPANDED_SIZE,OfficialPeterson;NoSharedLiteralBranches;RequiredProposition(x2);RequiredProposition(x8),15,f0fd62ae634b43e64719507714c320f5e55b27b6718123ac0ee00880ffe0e576,15,8,4,SAT,SAT,4,5,2.25,0.8,TRANSLATED_ONLY,TRANSLATED_ONLY,True,3132532,265188,11688940,874126,11.812495286362882,13.372145434411058,18.10330969899951,3.734213779000129,5c7e7adf777fab6e738fa8ae11af18df99db67eb74f1d4b8a4ae12b4522874f8,fcaabc817476450f7ccae6026cfd185a8be0aa63140be48301ba51f39728525b
b2,peterson/extra_traces/safety2.trace,peterson,required,18,2,0,8,5,MIN_EXPANDED_SIZE,OfficialPeterson;NoSharedLiteralBranches;RequiredProposition(x2);RequiredProposition(x8),5,4f391b540bb696c3ae5e5ee890a1981f1ff2bb1e40d069f920a0204c55b962a7,15,12,4,SAT,SAT,4,5,2.25,0.8,TRANSLATED_ONLY,TRANSLATED_ONLY,True,3147599,195842,12009975,638246,16.07213467999714,18.81715670760177,19.459980790000373,3.2835762889999387,a6198fcf11fe51cd140b373cf66a5cf670dedbf2cff6773081c25db41bef516a,143f7b54ab271e26d7f26a9109f92d575a09c4f10156aa1c1410dc15274237c9
b2,peterson/extra_traces/liveness1.trace,peterson,required,18,2,0,8,6,MIN_EXPANDED_SIZE,OfficialPeterson;NoSharedLiteralBranches;RequiredProposition(x6),7,7eed97d678e572df7daa99fbc1517f81e508f56beed6884b75714a9e28105de0,15,12,4,SAT,SAT,4,5,2.25,0.8,TRANSLATED_ONLY,TRANSLATED_ONLY,True,3315347,299430,12598000,983834,11.072193834953078,12.805005722510097,19.305013002000123,4.034248206000484,44f4fcbb7b79210199e4ccb2c9c5e81dee57fb7f560cf3275de1acb1d7d51f73,942dc65b15056d8d52447e53f9969372cef2e628d9863b6c2596d95c45eeef4a
b2,peterson/extra_traces/safety4.trace,peterson,required,18,2,0,8,5,MIN_EXPANDED_SIZE,OfficialPeterson;NoSharedLiteralBranches;RequiredProposition(x2);RequiredProposition(x8),5,46ba74a4558a1e88f34b6db010bd7ef7d90143c2746a2ba88f6cf604915d9590,15,12,4,SAT,SAT,4,5,2.25,0.8,TRANSLATED_ONLY,TRANSLATED_ONLY,True,3147599,195905,12009990,638339,16.06696613154335,18.814438722998283,20.55750503099989,3.032500970000001,f21dcec5663d8f0e68c1ed5d36adc8be1429bd87003058e5aa2ca5504cbb4098,266a47202393612f7f4aba433d57c21ed9d6a3c2255fee95427746af24272788
b2,peterson/base/liveness2.trace,peterson,required,18,2,0,8,6,MIN_EXPANDED_SIZE,OfficialPeterson;NoSharedLiteralBranches;RequiredProposition(x6),9,b9921457015aeeaa65008dbf2e68f3d42fc57f078bdbf3369e1e9961cf5a0f12,15,8,4,SAT,SAT,4,5,2.25,0.8,TRANSLATED_ONLY,TRANSLATED_ONLY,True,2648152,286219,9998296,953892,9.252188009880546,10.481580724023265,13.798791961999996,4.284897051999906,7015425575ed7258f0794b2b48756e0177fca3ccd2d45c3cede5f2a52a365700,6b67b13d45a2a362644e7bb79a6ec88333ddd0d0593096997790ac19b3f7980f
b2,peterson/base/liveness5.trace,peterson,required,18,2,0,8,6,MIN_EXPANDED_SIZE,OfficialPeterson;NoSharedLiteralBranches;RequiredProposition(x6),5,54276540f9728e2aa48738953ca9c762b12501349f13a14bee8f1f24746128f2,15,8,4,SAT,SAT,4,5,2.25,0.8,TRANSLATED_ONLY,TRANSLATED_ONLY,True,2376919,164069,9053380,537624,14.487313264541138,16.839612814904097,14.648764900999595,3.2840916140003173,360b750a64d9021ebd6eb9ef6d4314d14192c6367e8d1b00891a0618371866d6,57b9b2da04184ae0f8ed26dd6849e1fdbc59ae9885e15fb1f114c8e4b8f6238c
b2,peterson/extra_traces/liveness2.trace,peterson,required,18,2,0,8,6,MIN_EXPANDED_SIZE,OfficialPeterson;NoSharedLiteralBranches;RequiredProposition(x6),11,e98338bab14ea5dea040b72c58025b914786076f578dbd0079e0cae84d36cfa1,15,12,4,SAT,SAT,4,5,2.25,0.8,TRANSLATED_ONLY,TRANSLATED_ONLY,True,3686476,358720,13904260,1187163,10.276750669045494,11.712174318101221,24.216021643000204,4.534979768000085,76e2fdcb5b6da5ba92bc9fdcf3f34b9a4092308a43b231b71286fb6884aa3b7f,11c042eed780a9ffe3e37aa6e4da353b8e8b850b0f98b0161aedfdd0dd56a37f
b2,peterson/extra_traces/safety3.trace,peterson,required,18,2,0,8,5,MIN_EXPANDED_SIZE,OfficialPeterson;NoSharedLiteralBranches;RequiredProposition(x2);RequiredProposition(x8),5,822bbdfec285344d5833e1b0df76f8bed0ca87ac6161f1a8b473902a809aa208,15,12,4,SAT,SAT,4,5,2.25,0.8,TRANSLATED_ONLY,TRANSLATED_ONLY,True,3147599,193429,12010035,628567,16.272632335378873,19.107008481196118,19.907482925000295,3.233618880999529,a5945251dafc80591f22d86aedf23dab3bad08fdaa2cf7a43bd29c3aff1c3201,0548df203d5c9713df72b70c978553e825eda440131e34b1ef5f59867a09eff0
b2,peterson/constrained/safety1.trace,peterson,required,18,2,0,8,5,MIN_EXPANDED_SIZE,OfficialPeterson;NoSharedLiteralBranches;RequiredProposition(x2);RequiredProposition(x8),15,a7514721bec1a23c88ece9f6ccc4b2d10a6d40c27cd2e4e1539495b430dd5cac,15,8,4,SAT,SAT,4,5,2.25,0.8,TRANSLATED_ONLY,TRANSLATED_ONLY,True,3132532,280443,11689060,936833,11.169941842014241,12.477207784098127,17.259188587000608,3.9849732980001136,ce3a590a01623b1cde63ec0c3813836845d69129457c82a801cc51239371747b,96af6c79aec325fa83eb2cef0324d30602e303ee4ddb22df8a906973ab0b6f3c
b2,peterson/constrained/safety2.trace,peterson,required,18,2,0,8,5,MIN_EXPANDED_SIZE,OfficialPeterson;NoSharedLiteralBranches;RequiredProposition(x2);RequiredProposition(x8),5,3f5bd67ef68b5ef5b325bb31ab60b8ac75627512bbf57c013f975c6e6fc98a67,15,8,4,SAT,SAT,4,5,2.25,0.8,TRANSLATED_ONLY,TRANSLATED_ONLY,True,2376367,154179,9052404,506216,15.41303938928129,17.882492848902444,14.498931463999725,2.6823752520003836,03e2801edc8abd46395afca1af3de2d8418a7ef0288afb934bc579df34e477aa,bb63002fee5fcbd29536393d5cf32de4703da29cc06089ac32019c22852ac1e3
b2,peterson/base/safety4.trace,peterson,required,18,2,0,8,5,MIN_EXPANDED_SIZE,OfficialPeterson;NoSharedLiteralBranches;RequiredProposition(x2);RequiredProposition(x8),7,76decb7b72704df66647a0ae76f100af83031927339299e129b9fa6fad9c4936,15,8,4,SAT,SAT,4,5,2.25,0.8,TRANSLATED_ONLY,TRANSLATED_ONLY,True,2506793,228524,9506711,760585,10.969495545325655,12.49920916136921,14.300985975999538,3.1328256730002977,331bae68a51f4a6141392a952bab472158bba3f09d13189e55f3c4bb3b5e4e70,722403d61cd55cb7169cee9b386f92e49f0a907dec0ef635f5df0c1977296273
b2,peterson/constrained/safety3.trace,peterson,required,18,2,0,8,5,MIN_EXPANDED_SIZE,OfficialPeterson;NoSharedLiteralBranches;RequiredProposition(x2);RequiredProposition(x8),5,6a75feff237f05f0ca5439f9326de8aa1d0571145ffe0ce5d7ffe5379959d7d2,15,8,4,SAT,SAT,4,5,2.25,0.8,TRANSLATED_ONLY,TRANSLATED_ONLY,True,2376367,158208,9052449,523785,15.020523614482201,17.282757238179787,15.002725389999796,2.782357134000449,c9c0ee182a9a4fa18cc4c35a4aa35cbe657ab45b8e883a20655155fba4cddd8e,a364f3f00d9ca86f0a268315f0c8f2d00189d8f63123f76b31603f72966615a1
b2,peterson/base/safety2.trace,peterson,required,18,2,0,8,5,MIN_EXPANDED_SIZE,OfficialPeterson;NoSharedLiteralBranches;RequiredProposition(x2);RequiredProposition(x8),9,b21ce94b36972a5f84267a7d9097d947b602d808c00f3edd770cae2760b68477,15,8,4,SAT,SAT,4,5,2.25,0.8,TRANSLATED_ONLY,TRANSLATED_ONLY,True,2647292,266262,9996645,885147,9.942432641533527,11.29376815376429,13.898598138000125,3.3838994160005313,1c2d4ae5e92461c92745c0f5737875aea5bf3105aa0cf5da25f86587864fcc49,c5b22f76619454d63724fef1a32d82d8fa75a87fa5dd569e03ad9f839bd24d9b
b2,peterson/extra_traces/safety1.trace,peterson,required,18,2,0,8,5,MIN_EXPANDED_SIZE,OfficialPeterson;NoSharedLiteralBranches;RequiredProposition(x2);RequiredProposition(x8),5,44374167637fffc7780883ea2ffadc6aa5a9d52993858c67804c85bd46dde8b0,15,12,4,SAT,SAT,4,5,2.25,0.8,TRANSLATED_ONLY,TRANSLATED_ONLY,True,3147599,192242,12009960,623162,16.373107853642804,19.27261290001637,19.805563518999406,3.332841946999906,a08d4a9145ba6f7ec9344f696d5af9bb33d5fd65b62246f4798344d3fb077874,5c8e4d3136bb975e78e1be3f065a782ee6945754d82042fcb894335709d2ec80
b2,peterson/constrained/liveness3.trace,peterson,required,18,2,0,8,10,MIN_EXPANDED_SIZE,OfficialPeterson;NoSharedLiteralBranches;RequiredProposition(x6);RequiredProposition(x2),11,75f8132730e01d323fc521584e06a256d30e4aa81f5e601ca5443b3acabaf149,15,8,4,SAT,SAT,4,5,2.25,0.8,TRANSLATED_ONLY,TRANSLATED_ONLY,True,2799228,368107,10525055,1240964,7.604386767977789,8.481354011881086,19.05874983100057,7.845954229000199,6cd74e5366e940e137db77c32aceadc5f2baab2a696b5fa92d2dbde28679a235,53b769a5df1fb3498341411bfc2a577da70b9ff017a58ba97b0ae8201c9140e8
b2,weakening/weaken_antecedent/weaken_antecedent_10_25_25.trace,weakening,weakening_b2,10,2,0,8,15,MIN_EXPANDED_SIZE,OfficialWeakeningAntecedent,5,ee34379ba72ceb1e1371b30d42f4abfc6d8ad7d350bdba4591240b363a3c9e41,3,25,25,SAT,SAT,6,6,1.25,1.0,TRANSLATED_ONLY,TRANSLATED_ONLY,True,332089,323165,1141077,806867,1.0276143765568673,1.4142070502325663,3.2832900789999258,5.887344770000709,58d68e5373e818175c897777c95a2fb1597d305c61cea6e2c77d4938f4d3a442,9730aec8934377fe8adfd46477211f2040be4f2e0a146bd6891c3d229d86b708
b2,weakening/weaken_antecedent/weaken_antecedent_10_80_80.trace,weakening,weakening_b2,10,2,0,8,15,MIN_EXPANDED_SIZE,OfficialWeakeningAntecedent,7,d56277d5d9f58443700f575e34a405a2d742f8795534a5f02eca45b37e187ea5,3,80,80,SAT,SAT,6,6,1.25,1.0,TRANSLATED_ONLY,TRANSLATED_ONLY,True,1255083,1170198,4277257,2870914,1.0725390062194602,1.4898589787085228,8.339869637999982,12.347494728999663,339bbb14b913083959362db91d53670db3572f10cb0d9a6bc4f6ac8658a3d7c8,5ccd67a200f3e638691f586ede20607e6eed623b1b22757926c88f5cb729da62
b2,weakening/weaken_antecedent/weaken_antecedent_10_85_85.trace,weakening,weakening_b2,10,2,0,8,15,MIN_EXPANDED_SIZE,OfficialWeakeningAntecedent,5,785299481b8d629428e191daddf5b4a8d0ceb09d65f0fabcecf4d8d8a833d44f,3,85,85,SAT,SAT,6,6,1.25,1.0,TRANSLATED_ONLY,TRANSLATED_ONLY,True,1120958,838136,3862077,1969762,1.3374416562467188,1.9606820519433312,5.8877544630004195,9.742962082000304,7f35bc600291d59bf2ec2f7b7f0aff18ccd2c09942a97c1f798377c1323249ee,e5d56c7770469f0d4a82e14f11e0f2c131506abf3807e75376f48a0fee710b64
b2,weakening/weaken_antecedent/weaken_antecedent_75_10_10.trace,weakening,weakening_b2,10,2,0,8,15,MIN_EXPANDED_SIZE,OfficialWeakeningAntecedent,9,b06dd39bf194c16c54163d3f69bc559bc8a5f357c1cdd5a09b68198359807848,3,10,10,TIMEOUT,SAT,6,6,1.25,1.0,TRANSLATION_TIMEOUT,TRANSLATED_ONLY,False,,1206016,,3251877,,,180.80795140200007,14.950762464000036,8837a5699aa6d6e26085e20580a94dde45e56254df62750db0fd5d9dc84f8fb2,e0956c792cdbccb1ba08f8018427aed2b3365d66bd57a09327c83bab9a587fb7
b2,weakening/weaken_antecedent/weaken_antecedent_10_40_40.trace,weakening,weakening_b2,10,2,0,8,15,MIN_EXPANDED_SIZE,OfficialWeakeningAntecedent,5,da7403f27aa1f158185699577aa2ae3c4d8afc04a47d8b75c6cb34f76848b83a,3,40,40,SAT,SAT,6,6,1.25,1.0,TRANSLATED_ONLY,TRANSLATED_ONLY,True,529305,446513,1821327,1085209,1.1854190135561562,1.6783191071950196,3.4841252389996953,8.091816061999452,7604cf9269cc3d3599d28c697d9857acb1527188154f6bf25c2a1857ec64b02d,4eb2eae4114e2897d5f97e4d160cddb2322c538e4b6ec2dc992661a69b858914
b2,weakening/weaken_antecedent/weaken_antecedent_55_10_10.trace,weakening,weakening_b2,10,2,0,8,15,MIN_EXPANDED_SIZE,OfficialWeakeningAntecedent,9,698cb69169559bb00acd7151f73e2cf5e9889d328389deb34a8f0d3b114dcb4f,3,10,10,TIMEOUT,SAT,6,6,1.25,1.0,TRANSLATION_TIMEOUT,TRANSLATED_ONLY,False,,889585,,2408631,,,180.76985341399995,11.996378496000034,3abd72f8b2bb5a25672665351a6f0706ef6c6806e3edc5e7f9e35ec19cd0d355,80a1d9efa43a0d0d35c052421fa4b7ea5ac4f502f59b1aedfd2520997fb0efd1
b2,weakening/weaken_antecedent/weaken_antecedent_10_90_90.trace,weakening,weakening_b2,10,2,0,8,15,MIN_EXPANDED_SIZE,OfficialWeakeningAntecedent,5,86a2b8a6d338775562ea51da4530d7d0b0b3c3758cc76176b626b30c568c33ba,3,90,90,SAT,SAT,6,6,1.25,1.0,TRANSLATED_ONLY,TRANSLATED_ONLY,True,1186694,866332,4088827,2033373,1.3697912578549563,2.010859296351432,9.093304847000582,11.500514559000294,a7b475bd679d631ac6e7611acda49b8a4536d360424021d6cd3f271496c46cb3,4d734618b799375675a83d1f30b6920233ef7a1c68e533ae8a64112e726b03fa
b2,weakening/weaken_antecedent/weaken_antecedent_50_10_10.trace,weakening,weakening_b2,10,2,0,8,15,MIN_EXPANDED_SIZE,OfficialWeakeningAntecedent,9,bdaad8f3733fc4b86751a8e7088e2cc93759052530ea4c33c1600a38a8ea8926,3,10,10,TIMEOUT,SAT,6,6,1.25,1.0,TRANSLATION_TIMEOUT,TRANSLATED_ONLY,False,,823576,,2232422,,,180.77793913700043,12.746064695999848,51d7c062a762da89d1c91ffa006acb994044a4441ea8ca6096d330708ab55698,1fb06315c866ab7fdf43cde37b415dc137157947eef5cfb05705021552e9f5b9
b2,weakening/weaken_antecedent/weaken_antecedent_10_55_55.trace,weakening,weakening_b2,10,2,0,8,15,MIN_EXPANDED_SIZE,OfficialWeakeningAntecedent,5,a2e61bb3c3c23c964aa5ad90640457a10f48e02bba0d14da706c9be6d3055589,3,55,55,SAT,SAT,6,6,1.25,1.0,TRANSLATED_ONLY,TRANSLATED_ONLY,True,726523,573840,2501577,1372736,1.2660724243691621,1.8223292752575877,4.584833348999382,9.140772363999531,ee21970b8117f7d5a6cdcb253fa3b1f00e394bf638dd92ca32ae8581d260cf0a,366abdb2008d5a18460a54a7882c145e981c871a222bd5502100181f1d7a6972
b2,weakening/weaken_antecedent/weaken_antecedent_10_60_60.trace,weakening,weakening_b2,10,2,0,8,15,MIN_EXPANDED_SIZE,OfficialWeakeningAntecedent,7,d5a68f897fbabe48af83bd0d5d9238e3b40984e471b5de303dac8061f0ffca2b,3,60,60,SAT,SAT,6,6,1.25,1.0,TRANSLATED_ONLY,TRANSLATED_ONLY,True,943246,927018,3212657,2294814,1.0175055932031525,1.3999640057974196,5.746010087999821,11.24587641800008,82c0346733ce64dd492445dddbbbcd78b9c4b5c6e4938bf1c696fa6058ef924f,a4126ddceb1c1b3595f10df0380ff5829179723b7e33969d1dfcf3d4dc763620
b2,weakening/weaken_antecedent/weaken_antecedent_10_70_70.trace,weakening,weakening_b2,10,2,0,8,15,MIN_EXPANDED_SIZE,OfficialWeakeningAntecedent,5,1cb611222a93edfea7ba8779c12bc0944cf9f903952ddcce5c8337a029260877,3,70,70,SAT,SAT,6,6,1.25,1.0,TRANSLATED_ONLY,TRANSLATED_ONLY,True,923744,715390,3181827,1692396,1.2912453347125343,1.8800723944041466,5.286172267999973,8.84084743099993,147f3484a0256e6123846a44a93bbcb977ed8cc3603833b2ff41ddf1f3a20f73,0e2e97e1d518c8b3d088067c1b6656b3573edd9a6e6d8794c169813fa8ce2d03
b2,weakening/weaken_antecedent/weaken_antecedent_85_10_10.trace,weakening,weakening_b2,10,2,0,8,15,MIN_EXPANDED_SIZE,OfficialWeakeningAntecedent,9,36dcd944113412c8b40b0394575b117523e15fefa84a5b3b13ef98d273995fdd,3,10,10,TIMEOUT,SAT,6,6,1.25,1.0,TRANSLATION_TIMEOUT,TRANSLATED_ONLY,False,,1345000,,3622861,,,180.84426188399993,16.510176389000662,b9541a5754fe1d8f9d4651a6c0c6c4a8eb2c5ad0f279a139cf02bc6c4639a2af,99bc5ff422d0084d6f1eadedbbad47e3910a7123837e2acbe468f4d99e4ec7ee
b2,weakening/weaken_antecedent/weaken_antecedent_25_10_10.trace,weakening,weakening_b2,10,2,0,8,15,MIN_EXPANDED_SIZE,OfficialWeakeningAntecedent,5,dea8c60fd8d77602478a81c28f2bbc92c5c8ffade2e71b15fbf77c4a420dc29e,3,10,10,SAT,SAT,6,6,1.25,1.0,TRANSLATED_ONLY,TRANSLATED_ONLY,True,1787469,300235,6793927,784672,5.953566373007811,8.658301812731944,10.292116347000047,6.888411545000054,88e9cc5442b67f34ad88d8c3dab449ece619971cd70d860fc6c0c6f75e4db2ff,f80490cf28bc7832bfcdad377bebd54e61193d09c35703fb84ea9177711e60c0
b2,weakening/weaken_antecedent/weaken_antecedent_20_10_10.trace,weakening,weakening_b2,10,2,0,8,15,MIN_EXPANDED_SIZE,OfficialWeakeningAntecedent,9,8580a32f9224ec43808eaaefa9c05153e70adb7bed141bc7092a7e186f5f989c,3,10,10,SAT,SAT,6,6,1.25,1.0,TRANSLATED_ONLY,TRANSLATED_ONLY,True,1087492,441468,4015583,1211329,2.46335408228909,3.315022590889841,6.890401093000037,10.694195313999444,b91afbdf36b43f0397bb97d27b2e5bc8b1db482b25579d197ab3a2fd53de483b,1abec62c87d7a4f30666d8bc693c479b6ed0592dd5b9a813e488e9b6f6748953
b2,weakening/weaken_antecedent/weaken_antecedent_10_95_95.trace,weakening,weakening_b2,10,2,0,8,15,MIN_EXPANDED_SIZE,OfficialWeakeningAntecedent,5,59b952a79b8654e67cca91f7d517d1a44d5b1865ae3f918a1d8c1d7b84b5d6cd,3,95,95,SAT,SAT,6,6,1.25,1.0,TRANSLATED_ONLY,TRANSLATED_ONLY,True,1252437,922984,4315577,2161215,1.3569433489637956,1.9968290984469383,8.340658412999801,9.893532340999627,1f462076008b3fd54a2975ea2716ca52466fe7d3ac63f691d8bbbd33f11558ad,a283ad1512f3b7a701f6b29adad123fa84624084570574bc42562390fc8bf452
b2,weakening/weaken_antecedent/weaken_antecedent_95_10_10.trace,weakening,weakening_b2,10,2,0,8,15,MIN_EXPANDED_SIZE,OfficialWeakeningAntecedent,9,f69a804f67257ab9f6de373cf77f923202aa836f8bc219703211a8ef7567682d,3,10,10,TIMEOUT,SAT,6,6,1.25,1.0,TRANSLATION_TIMEOUT,TRANSLATED_ONLY,False,,1417801,,3818447,,,180.79695672700018,16.956304808999448,8542c6f3df0ecebff48e9653c45a1147810d49d5ff1c3f27472fd00d829f27cd,74cbc8da12acecadfd7bc5f89f9eac447755c09fb5ff328c4eaa0f239cf8c16d
b2,weakening/weaken_antecedent/weaken_antecedent_90_10_10.trace,weakening,weakening_b2,10,2,0,8,15,MIN_EXPANDED_SIZE,OfficialWeakeningAntecedent,5,40fcfa5e7ff9b5b83efe744c483ebad50c3395f5c39c10c5b3eb9d016a9b9a04,3,10,10,TIMEOUT,SAT,6,6,1.25,1.0,TRANSLATION_TIMEOUT,TRANSLATED_ONLY,False,,813735,,2072972,,,180.79517139400014,12.697240860999955,d84ab6475bd6fdb4472f68405ce2ef645d13b1799a702735af67046d5f8ae338,e4ff4ba407551eb6011807d2660de8b00ea061bb6f444a0f89a4a5ddaa834043
b2,weakening/weaken_antecedent/weaken_antecedent_35_10_10.trace,weakening,weakening_b2,10,2,0,8,15,MIN_EXPANDED_SIZE,OfficialWeakeningAntecedent,7,a8a622304401fb505c5a4a63b350a2aa6b25b9a511831aa4e6fc2c8da34e4ccd,3,10,10,SAT,SAT,6,6,1.25,1.0,TRANSLATED_ONLY,TRANSLATED_ONLY,True,5699550,554209,22002857,1485648,10.284116641916677,14.810276054623975,32.636175419999745,9.291596492999815,bb2f4b6724b69abdbd5f3171e86bfae8ca3eb1397d7ea9f3e3442a785d420d7d,3aaeeea9ce7fbf6925fe3fc5fa824dc0952abb0120a6021bfc7323be55eb5157
b2,weakening/weaken_antecedent/weaken_antecedent_15_10_10.trace,weakening,weakening_b2,10,2,0,8,15,MIN_EXPANDED_SIZE,OfficialWeakeningAntecedent,5,b1e9611061952a32382f227b3c69ff666095bf79b19f7f14fa21c07adfa64fab,3,10,10,SAT,SAT,6,6,1.25,1.0,TRANSLATED_ONLY,TRANSLATED_ONLY,True,365569,221215,1322527,586452,1.6525506859842234,2.2551325598684975,2.582025061999957,6.137293555999349,37b791554bae5f126c7a56a037b9d14e8d62ab64e5663e97310d6e854614253a,1881a1c55246ee8bbdd59eece50fd5d33316b3e2f3c655a838b3bbed3d01676c
b2,weakening/weaken_antecedent/weaken_antecedent_10_20_20.trace,weakening,weakening_b2,10,2,0,8,15,MIN_EXPANDED_SIZE,OfficialWeakeningAntecedent,9,c0c3779981abb70483cb3427fd703a2fdabd36ef9955a8fc1bc68dcfbf6d71b7,3,20,20,SAT,SAT,6,6,1.25,1.0,TRANSLATED_ONLY,TRANSLATED_ONLY,True,380250,450107,1280483,1197001,0.8447991255412602,1.0697426317939585,2.832116161999693,8.089428709999993,9e25587690f7465ed4ac31349d6d811fa129daf662bd7924932b35d63a67f872,e3be135b3d721c2f493a39c373c21ecd89d799a1693ffbc88180a2e96180a682
b2,weakening/weaken_antecedent/weaken_antecedent_10_65_65.trace,weakening,weakening_b2,10,2,0,8,15,MIN_EXPANDED_SIZE,OfficialWeakeningAntecedent,5,57e83124523f8160a59ba2b9ca02c40028dad10d6d99663276024ca58d4ef99b,3,65,65,SAT,SAT,6,6,1.25,1.0,TRANSLATED_ONLY,TRANSLATED_ONLY,True,858003,672886,2955077,1596567,1.275109008063773,1.8508944504051505,5.986690511999768,9.796151698999893,3ce2f1a3b43ef8499d48a159dce148bcee0030fc41b7cac197f09cec83e0fbf3,084d3b9ec88df37e56517b6d971da6620f695999c2ebc6b9e9dcbd866010a5b2
b2,weakening/weaken_antecedent/weaken_antecedent_10_15_15.trace,weakening,weakening_b2,10,2,0,8,15,MIN_EXPANDED_SIZE,OfficialWeakeningAntecedent,9,ee3baf4b8a51686c03e077f3ab3e7a26cef02c3661579201bb0f6e1ba615e40d,3,15,15,SAT,SAT,6,6,1.25,1.0,TRANSLATED_ONLY,TRANSLATED_ONLY,True,288470,368641,968533,999927,0.7825228338681807,0.9686037080706892,2.431591737999952,10.446138219000204,04f419ca3747a2a0f8bf5c6a2607155899ab09e5b7b4fff410dbf9d75ae2b19e,0f0c2614a6f4d2df264c9fd5829c80e282f9a5cce6051996aad2d2873ba228a3
b2,weakening/weaken_antecedent/weaken_antecedent_80_10_10.trace,weakening,weakening_b2,10,2,0,8,15,MIN_EXPANDED_SIZE,OfficialWeakeningAntecedent,5,2f04621e218c3ffaba3f032de908f41755c3333f4efe61ce94c95a8591922fdf,3,10,10,TIMEOUT,SAT,6,6,1.25,1.0,TRANSLATION_TIMEOUT,TRANSLATED_ONLY,False,,734735,,1874772,,,180.80968059000043,10.145617340000172,12fafa103c83725f20780596a41361831a29a3d42683ff2c82e68000a4c52144,43a5aa8664a3fd158db89ca179068112a5300ef2a689a8cb61fda6e285c5d37d
b2,weakening/weaken_antecedent/weaken_antecedent_65_10_10.trace,weakening,weakening_b2,10,2,0,8,15,MIN_EXPANDED_SIZE,OfficialWeakeningAntecedent,9,7486a64d3ca392c9fd953d4b3451811da34ee411cf528f8e4fe2f9e685977352,3,10,10,TIMEOUT,SAT,6,6,1.25,1.0,TRANSLATION_TIMEOUT,TRANSLATED_ONLY,False,,1067024,,2880885,,,180.7767235929996,14.149346774999685,e308a87b51c90c7a0e276490fb1e3950dc2dd403bb3f3ba29d39b2f78971ff14,63af13ba0d23edaac15279a30c0744cd18ceb04711b91a0760ee008323a6cbdc
b2,weakening/weaken_antecedent/weaken_antecedent_10_50_50.trace,weakening,weakening_b2,10,2,0,8,15,MIN_EXPANDED_SIZE,OfficialWeakeningAntecedent,5,c432653b44c0a92c7d83fab8c1cbd28b66f0755a7e0883a7572a2a88fed5b337,3,50,50,SAT,SAT,6,6,1.25,1.0,TRANSLATED_ONLY,TRANSLATED_ONLY,True,660781,517153,2274827,1244724,1.2777282545010857,1.8275754303765332,5.035967118000372,8.08950878700034,56d7f1fbe2159599ac7c81271da8dba07cd4e5656c78eff02541388fbea9e71c,a2b99649857fa73d5ba2b76941a02c2c237294a620c3d14da3de876caa79b62d
b2,weakening/weaken_antecedent/weaken_antecedent_30_10_10.trace,weakening,weakening_b2,10,2,0,8,15,MIN_EXPANDED_SIZE,OfficialWeakeningAntecedent,7,ad27f162bc6732725ddbc3ae2b54815743d00de636ebb6f139b30b2130007a9b,3,10,10,SAT,SAT,6,6,1.25,1.0,TRANSLATED_ONLY,TRANSLATED_ONLY,True,3105350,495295,11871857,1331334,6.269697856832797,8.91726418764938,13.4997713570001,8.69083519600008,49fcd85cef017bb11a6baa4ff45dc2b182b620356f2eb20fd410519f7f6ed1cc,6091721ffff86183b51572849066032ae0fce9c2a80ba7cfbc36a27da4c8ef8e
b2,weakening/weaken_antecedent/weaken_antecedent_10_5_5.trace,weakening,weakening_b2,10,2,0,8,15,MIN_EXPANDED_SIZE,OfficialWeakeningAntecedent,5,ab9aab936ac54d3de4d2d844ae6e20105dfae44bc22f740105077681303e11a0,3,5,5,SAT,SAT,6,6,1.25,1.0,TRANSLATED_ONLY,TRANSLATED_ONLY,True,69129,134490,234077,380727,0.5140084764666518,0.6148158654363888,1.3800499879998824,5.135560740000074,284ea35a7ae9a3ed2b50a577de5e349e63f468f28cfa2769d04fb2f386cecbca,0d229e73d522e4abd60ce890bdc04c6eeae44c1e0c7f3745cf3813da51317573
b2,weakening/weaken_antecedent/weaken_antecedent_70_10_10.trace,weakening,weakening_b2,10,2,0,8,15,MIN_EXPANDED_SIZE,OfficialWeakeningAntecedent,9,2ea2fc28033837d3537254dbec71c8357b18e14c5422673dede949b0b419f427,3,10,10,TIMEOUT,SAT,6,6,1.25,1.0,TRANSLATION_TIMEOUT,TRANSLATED_ONLY,False,,1136516,,3066377,,,180.8079302870001,15.44959922399994,78d7b4b6910acb6f8b347a842553faf2307b6efb813cd023eb2a58c0e6f01a55,eb2253cc229cf6b4cf253c77f66271650166f67c0900af95ee698d3187483bcf
b2,weakening/weaken_antecedent/weaken_antecedent_5_10_10.trace,weakening,weakening_b2,10,2,0,8,15,MIN_EXPANDED_SIZE,OfficialWeakeningAntecedent,5,81780aaba142b8d2ed797230affe87977dde7c5d37b44116e728a9a65c58055b,3,10,10,SAT,SAT,6,6,1.25,1.0,TRANSLATED_ONLY,TRANSLATED_ONLY,True,30767,137200,90427,377761,0.22424927113702625,0.23937621935562434,1.3300865880000856,5.786648758999945,f4f0f578d1baea7ba9fb10158a8aa809c8d34341afc3093220e500232f48f6f1,86fc8dd63615a4277a4123143991d59ca90776b43c965ca58e44444fe4954489
b2,weakening/weaken_antecedent/weaken_antecedent_10_100_100.trace,weakening,weakening_b2,10,2,0,8,15,MIN_EXPANDED_SIZE,OfficialWeakeningAntecedent,9,47f99673f32c3451ee99bf19eff34e1a11996ede4e1a21dcae7155dbfd322499,3,100,100,SAT,SAT,6,6,1.25,1.0,TRANSLATED_ONLY,TRANSLATED_ONLY,True,1848724,1704941,6271683,4233019,1.0843331235509028,1.4816099337139759,10.242551895999895,17.254797948000487,2a9f9893469629959f5babf2a72f0d69923044757fb244d9cc7a18f7c8b0b443,cc6ba24750073db7d84626081c29bcea6063b12cd19c623f69fd600cf3c8f22d
b3,weakening/weaken_consequent/weaken_consequent_40_10_10.trace,weakening,weakening_b3,18,3,0,11,15,MIN_EXPANDED_SIZE,OfficialWeakeningConsequent,5,44afafa1a03d980f2c15c8d4c93f7621bf95406f52a9042ca772c34765f942c6,3,10,10,SAT,SAT,7,7,1.6363636363636365,1.0,TRANSLATED_ONLY,TRANSLATED_ONLY,True,8177605,418734,31815737,1081959,19.529355151480416,29.40567710976109,48.49620224299997,7.6404679510005735,b412396406dfbf393140d8dae76c5095f022ac197c47957114ea385a13285c8c,d98fa8a5bfd698875f33ef22f68700511673aeedc930519de74529df90842b60
b3,weakening/weaken_consequent/weaken_consequent_85_10_10.trace,weakening,weakening_b3,18,3,0,11,15,MIN_EXPANDED_SIZE,OfficialWeakeningConsequent,7,33aead5ade5e6fd9fb39f43dfedbce107e7ffbbac3937df21110b74ca96ff57a,3,10,10,TIMEOUT,SAT,7,7,1.6363636363636365,1.0,TRANSLATION_TIMEOUT,TRANSLATED_ONLY,False,,1143201,,3028628,,,180.76968509200015,12.949410678000277,54a39d04d1f86df0f0a144411b7feb9463834b3275e126fd5ded545ddc9cff70,821aacd15ed40fc3458f1d9e8492b29f0292f9f44e783961e06d32c98de0d097
b3,weakening/weaken_consequent/weaken_consequent_95_10_10.trace,weakening,weakening_b3,18,3,0,11,15,MIN_EXPANDED_SIZE,OfficialWeakeningConsequent,5,026c828bf9d504c33bdbd1d72ccbba0d1e2201c795082e0db1ba8ec94684d9bc,3,10,10,TIMEOUT,SAT,7,7,1.6363636363636365,1.0,TRANSLATION_TIMEOUT,TRANSLATED_ONLY,False,,853234,,2172059,,,180.78490211199914,10.645609889000298,17833dd04e4820c0c8bcafb9b001637d361ec33c1a7333b73ffbd16a2eed7fec,490b62dd694d520a65ce642a224571bc479f6d50e40717d34fc1b809b1fc856d
b3,weakening/weaken_consequent/weaken_consequent_35_10_10.trace,weakening,weakening_b3,18,3,0,11,15,MIN_EXPANDED_SIZE,OfficialWeakeningConsequent,9,c4c5301393e2f6cdc29a26b4b0d4191eda1928bc582fbecce0e36d5b5c5f8e97,3,10,10,SAT,SAT,7,7,1.6363636363636365,1.0,TRANSLATED_ONLY,TRANSLATED_ONLY,True,5800434,750213,22357055,2068606,7.731716192601302,10.80778794995277,34.028664662000665,11.145050731000083,be89589733905acbafa181b358d808b331789a4b4a01fc7e385ebaca3b3c162e,54275fbc07080e2929a4c135900d64544ee4bec41a2bd4ebafcc6b27c07836e7
b3,weakening/weaken_consequent/weaken_consequent_10_25_25.trace,weakening,weakening_b3,18,3,0,11,15,MIN_EXPANDED_SIZE,OfficialWeakeningConsequent,5,cae4b190edc26e2bad260aedcad905f2010a597930f11ca875051ddf727937bf,3,25,25,SAT,SAT,7,7,1.6363636363636365,1.0,TRANSLATED_ONLY,TRANSLATED_ONLY,True,318825,323149,1105287,806884,0.9866191756743793,1.3698214365385855,2.631963337000343,6.988505209000323,35a31d354f6d7ebf95cfe763048225f854f2113768a106cc3a35d30864afa1d4,97678f9b57f64d883ccd4424f03cc7a4758d9366279ccae7635dc23a9632e2b9
b3,weakening/weaken_consequent/weaken_consequent_10_55_55.trace,weakening,weakening_b3,18,3,0,11,15,MIN_EXPANDED_SIZE,OfficialWeakeningConsequent,11,d88fd4b5ed2d82aaf60b31716077c1d0e271472606f1f6bcfb105b018d85f1b8,3,55,55,SAT,SAT,7,7,1.6363636363636365,1.0,TRANSLATED_ONLY,TRANSLATED_ONLY,True,1170515,1527818,3978708,4032574,0.7661351024794838,0.9866422786041869,8.290616017000502,18.155194340999515,dedf6ce061e5ed5d3b6f35f5d5891c93740d2f8c6ac2bb956877e2d110af031e,dd061c3f04feb0c0cf9555f1db837a7bf71994e13395f4e552dc566c87966dd3
b3,weakening/weaken_consequent/weaken_consequent_10_85_85.trace,weakening,weakening_b3,18,3,0,11,15,MIN_EXPANDED_SIZE,OfficialWeakeningConsequent,5,7aa55051300d2220c06e0b5b806ca04beff81417c670fa2ad42df15843f0bdc1,3,85,85,SAT,SAT,7,7,1.6363636363636365,1.0,TRANSLATED_ONLY,TRANSLATED_ONLY,True,1076505,889374,3741087,2085999,1.2104075450822713,1.7934270342411478,6.087025937000362,11.596058031000211,f78b8b32236dd6aa51e9197a304505be60d387185a78441339190d4217fef25e,6f537e6c009331b0622ca8782d432b781c034334c9b259db50d5842b4b772b78
b3,weakening/weaken_consequent/weaken_consequent_10_35_35.trace,weakening,weakening_b3,18,3,0,11,15,MIN_EXPANDED_SIZE,OfficialWeakeningConsequent,15,52d26e1412eba83ddfdf227ad67da73e01d9d18d82b70dbbdc36e2f384ff384e,3,35,35,SAT,SAT,7,7,1.6363636363636365,1.0,TRANSLATED_ONLY,TRANSLATED_ONLY,True,1029354,1048426,3497233,2807702,0.9818089211828016,1.2455855357869177,5.63659610600007,15.750629911000033,27e353c56112aed4e0ed0f6bd698379dc425d4a9dc8cfb9c2a8d913e9239a609,20e921e095771e1f484d77e87b107152e325fd365872234cc779c56b91e25bea
b3,weakening/weaken_consequent/weaken_consequent_10_80_80.trace,weakening,weakening_b3,18,3,0,11,15,MIN_EXPANDED_SIZE,OfficialWeakeningConsequent,5,c4b165b1a621a8218ee3e297acebadafb3d4459ecf2e5640ae7664f32ded2a06,3,80,80,SAT,SAT,7,7,1.6363636363636365,1.0,TRANSLATED_ONLY,TRANSLATED_ONLY,True,1013365,840169,3521437,1974234,1.2061442400278992,1.7836978797852736,5.786114487999839,9.291004132000126,e26caf7fcab673dcacf851117fe0873cb4ee9dc16263d5a7d8c010ace352c6eb,114b17b7c8bda250f9b2b98235d6bcc4d31e3ad00711825d4c8f5e5cd400a155
b3,weakening/weaken_consequent/weaken_consequent_10_40_40.trace,weakening,weakening_b3,18,3,0,11,15,MIN_EXPANDED_SIZE,OfficialWeakeningConsequent,7,6a07d631793c4224cc96e090f2769ad87740f424509ca192252e8910835f199d,3,40,40,SAT,SAT,7,7,1.6363636363636365,1.0,TRANSLATED_ONLY,TRANSLATED_ONLY,True,610258,676249,2090869,1701207,0.9024161218722689,1.2290503154524992,4.585336078000182,9.440748148000239,948c62ea7fb1f77ab8ddad33edc8f0d9a62ad051ad9fbf7704fd0fcfc1259a1e,f013b13b9f1d3eda0fe324e4534be85a05aab5584ebae343361335be2ef4b3ae
b3,weakening/weaken_consequent/weaken_consequent_10_75_75.trace,weakening,weakening_b3,18,3,0,11,15,MIN_EXPANDED_SIZE,OfficialWeakeningConsequent,5,a9264ba7a63670b26389af1d2d5346b75f955126e0f2a05351f4e6f17d6dd630,3,75,75,SAT,SAT,7,7,1.6363636363636365,1.0,TRANSLATED_ONLY,TRANSLATED_ONLY,True,950225,795094,3301787,1872829,1.1951102636920918,1.7629943790917377,5.385868667999603,9.242459928000244,62b2397559250334a0140e001fc69e1a8449f3daf67357ac8fcd311f300685e4,25099f6393296a20a08ac457338828a7199d9df53353444927d66edceb71847c
b3,weakening/weaken_consequent/weaken_consequent_5_10_10.trace,weakening,weakening_b3,18,3,0,11,15,MIN_EXPANDED_SIZE,OfficialWeakeningConsequent,9,1c2fdebb5c282beeda362b1dd2f771fcbade6cef47e011bc64f3934df3065609,3,10,10,SAT,SAT,7,7,1.6363636363636365,1.0,TRANSLATED_ONLY,TRANSLATED_ONLY,True,62034,265590,187355,753475,0.23357054105952785,0.2486545671721026,1.441838220000136,9.594541016999756,99cbf9d0920e8cb267046614a59dfb4b821c16ac7cd894fd655bcec6c5aa0bdc,e29cc081e5af08242194513e1ac34330b6e89cfe31ca9fc87ba9fdb6a6f09e6c
b3,weakening/weaken_consequent/weaken_consequent_55_10_10.trace,weakening,weakening_b3,18,3,0,11,15,MIN_EXPANDED_SIZE,OfficialWeakeningConsequent,5,ba34617e41e5dbf54dc15ae33f459d5f700fd252488ef59b16ec6f0bd85702b2,3,10,10,TIMEOUT,SAT,7,7,1.6363636363636365,1.0,TRANSLATION_TIMEOUT,TRANSLATED_ONLY,False,,537229,,1379254,,,180.79327649400057,8.840239406999899,1124b934245e0417f1f3da34e84929cc6791123edf660bee38ef82c94dce4bb1,20a44a0a9d296dd6dab684f4157ae8df7b6f7fc489ddcd6c856f001f1a8e7825
b3,weakening/weaken_consequent/weaken_consequent_10_5_5.trace,weakening,weakening_b3,18,3,0,11,15,MIN_EXPANDED_SIZE,OfficialWeakeningConsequent,11,648a67066d404d92c9eb11b63d458b078bfe009a0723e396377e306912622544,3,5,5,SAT,SAT,7,7,1.6363636363636365,1.0,TRANSLATED_ONLY,TRANSLATED_ONLY,True,124515,321344,408208,954128,0.38748195080661224,0.42783358207703787,1.8812293649998537,10.995767733999855,357cf15778c2c034f6dd18841c926acc4aff7fb0b8451ef9d633b8859f28925c,61e16310927b32ec2beb429d6e658bfbada23a5ba5fa1cf49a9fad73b5ace93d
b3,weakening/weaken_consequent/weaken_consequent_10_50_50.trace,weakening,weakening_b3,18,3,0,11,15,MIN_EXPANDED_SIZE,OfficialWeakeningConsequent,5,afbf8784ce29f36c4e7dae808b5867c11864c6c4a051f10024413f436d244db0,3,50,50,SAT,SAT,7,7,1.6363636363636365,1.0,TRANSLATED_ONLY,TRANSLATED_ONLY,True,634525,559069,2203537,1339804,1.1349672401796558,1.644671160856364,4.784822214000087,7.788660424000227,196adcb9a2cdbe3935cc782564e0cac891840ca714ac361319b386e3d88c26f1,b0ea32ab25734a3e9ce8cd4ba2464409c6204edc9597ec24dbf2e08246dce614
b3,weakening/weaken_consequent/weaken_consequent_10_10_10.trace,weakening,weakening_b3,18,3,0,11,15,MIN_EXPANDED_SIZE,OfficialWeakeningConsequent,15,c565be745038a988786ff690a5a008e3ee068ee7eea790f7bbf0d4da7e87a052,3,10,10,SAT,SAT,7,7,1.6363636363636365,1.0,TRANSLATED_ONLY,TRANSLATED_ONLY,True,328154,447784,1093983,1275690,0.7328399406856877,0.8575617900900689,2.832126182000138,13.045835225000701,2f130d2a793739a2b6b82e02b647e57759324b7546b25e1a579920752dbdd0df,618874a6685dd24d42ffd6943f2cf1da88a82773fec85cd9bd2ca3e237ebfde5
b3,weakening/weaken_consequent/weaken_consequent_45_10_10.trace,weakening,weakening_b3,18,3,0,11,15,MIN_EXPANDED_SIZE,OfficialWeakeningConsequent,5,d737901d8f018a1c08e002e91886ae5698fca92b4b6bf0f269cdd7802de407da,3,10,10,TIMEOUT,SAT,7,7,1.6363636363636365,1.0,TRANSLATION_TIMEOUT,TRANSLATED_ONLY,False,,458184,,1181009,,,180.7885296909999,8.04047904700019,a7600a8a165aba6f26db6ec40daa43322075b49311bf1f2e758b7d132d1901a0,56f6ccbf1e5f349c006942e4a7968d1e659a6f62229577520d9d1cf3c47b8487
b3,weakening/weaken_consequent/weaken_consequent_10_60_60.trace,weakening,weakening_b3,18,3,0,11,15,MIN_EXPANDED_SIZE,OfficialWeakeningConsequent,7,f2cbe5aaae743b9dc6063338f8505b6545de5c0000d10ebabd273d843d973980,3,60,60,SAT,SAT,7,7,1.6363636363636365,1.0,TRANSLATED_ONLY,TRANSLATED_ONLY,True,911698,954244,3127069,2359808,0.9554139192910828,1.3251370450477327,5.586123034999218,10.795748077999633,1841be585c33bab97e978a844853265bb1b254da4f5974a6f483a4550c9533ad,26fca19c4650d00035b18778e530d5dbdb373dddf82f3adc39502a940476432b
b3,weakening/weaken_consequent/weaken_consequent_80_10_10.trace,weakening,weakening_b3,18,3,0,11,15,MIN_EXPANDED_SIZE,OfficialWeakeningConsequent,5,4e6d871d660393a5167cb3095b33b23d36e45370bbad1a6c79c058438aa312e5,3,10,10,TIMEOUT,SAT,7,7,1.6363636363636365,1.0,TRANSLATION_TIMEOUT,TRANSLATED_ONLY,False,,734729,,1874754,,,180.82033332500032,9.994158185999368,f936a9799e38208f38213e12786448127fe282f312b42cc3dd8804f786d428b5,134e2a0f94bb5267f4689c83ec852fe1669d60fb72a0fd1ca164e9ac6619ff1a
b3,weakening/weaken_consequent/weaken_consequent_75_10_10.trace,weakening,weakening_b3,18,3,0,11,15,MIN_EXPANDED_SIZE,OfficialWeakeningConsequent,9,b23d468c7148ff8f9bf206a19980408f5ee2e7afb5fd4f3aa68f01919400cd1e,3,10,10,TIMEOUT,SAT,7,7,1.6363636363636365,1.0,TRANSLATION_TIMEOUT,TRANSLATED_ONLY,False,,1395822,,3821415,,,180.7773129060006,17.003714022999702,faabbb6e47cf4f57b9526fb78eb77d20156cba351e1f16972370834458756042,3af36743e979f007a6ccde0e28ef23ec20fc2d5a5d20a2554b67f409774c937f
b3,weakening/weaken_consequent/weaken_consequent_10_70_70.trace,weakening,weakening_b3,18,3,0,11,15,MIN_EXPANDED_SIZE,OfficialWeakeningConsequent,5,dd6e63ef5679bfd0de937eff3cb920c4fac41509f0693889f0eff39fe2b358ba,3,70,70,SAT,SAT,7,7,1.6363636363636365,1.0,TRANSLATED_ONLY,TRANSLATED_ONLY,True,887085,747734,3082137,1766069,1.186364402314192,1.7451962522415603,6.24468157299998,8.490081199999622,515e5aa15cf0c69185ae77233bdf5a177df1784e9100949257daffc1eae6d320,41babc0ef6c0089ae45430da9f4744e6dde9bb2ba108442bd43cd74464c2e9ee
b3,weakening/weaken_consequent/weaken_consequent_10_20_20.trace,weakening,weakening_b3,18,3,0,11,15,MIN_EXPANDED_SIZE,OfficialWeakeningConsequent,11,05c37633a408b0a663047c20cb7d7b4c4bc7cf60fe7f58db41a18794a69c978b,3,20,20,SAT,SAT,7,7,1.6363636363636365,1.0,TRANSLATED_ONLY,TRANSLATED_ONLY,True,438315,684896,1479358,1882160,0.6399730762042705,0.7859895014238959,3.133102824999696,14.553028119000373,680d57eb631608bbb411588c2e22294143ccfae9a003effb5e93ad7b2559b034,478cbc058715199c54da5c0e1daa3bf131b409c75f7f640ea10db2b085750624
b3,weakening/weaken_consequent/weaken_consequent_20_10_10.trace,weakening,weakening_b3,18,3,0,11,15,MIN_EXPANDED_SIZE,OfficialWeakeningConsequent,5,a6828e17467ccfba3c4892b13af14eae77c56764981c5c6fedae665fc99b4eb0,3,10,10,SAT,SAT,7,7,1.6363636363636365,1.0,TRANSLATED_ONLY,TRANSLATED_ONLY,True,943005,260729,3540737,685554,3.616801353129111,5.164782059473069,5.686008211000626,6.23761026000011,da602110fc4a34a3b3cb0879e1d27f68d962716e135c4b739dc2fae6a21e83db,00c8c8d4627d6d1371089a5dd97243fe3b3dcb90ae0a513fceae33b6cfce6c1e
b3,weakening/weaken_consequent/weaken_consequent_60_10_10.trace,weakening,weakening_b3,18,3,0,11,15,MIN_EXPANDED_SIZE,OfficialWeakeningConsequent,15,d6fabd3c8467e4a7e0e8ab65f1917f172c44f6874abdc1425a5eaca124d2fada,3,10,10,TIMEOUT,SAT,7,7,1.6363636363636365,1.0,TRANSLATION_TIMEOUT,TRANSLATED_ONLY,False,,1496982,,4210888,,,180.7578259969996,12.897683624999445,7bea1e264c0325d482b360b321d1b1278d50f4b7235a429fe5405859d5f830d1,92c858b4fdfa67a61d05d8f45377e439572281130ddbb00a4c1f38acbc773c81
b3,weakening/weaken_consequent/weaken_consequent_15_10_10.trace,weakening,weakening_b3,18,3,0,11,15,MIN_EXPANDED_SIZE,OfficialWeakeningConsequent,5,527d1c79dca0a4dfc73bccd7b8a09eb27181ee9733827cfded8b0331bb0c5b73,3,10,10,SAT,SAT,7,7,1.6363636363636365,1.0,TRANSLATED_ONLY,TRANSLATED_ONLY,True,356005,221234,1294937,586459,1.6091785168644963,2.2080605805350415,2.4817527360000895,5.8375185909999345,8bbfec0750d173fad02126014e2ba627c8f633cdcda8297c6219b2f67ed2141a,aad04bab080f751e6509d5c8c0c364fbe3dee8d45ce6543e828cb1919bbb935a
b3,weakening/weaken_consequent/weaken_consequent_70_10_10.trace,weakening,weakening_b3,18,3,0,11,15,MIN_EXPANDED_SIZE,OfficialWeakeningConsequent,7,536daeb88c0f01df49ee57825ce8c3b7f7ece712e80bb47e2afb76944bee6e2a,3,10,10,TIMEOUT,SAT,7,7,1.6363636363636365,1.0,TRANSLATION_TIMEOUT,TRANSLATED_ONLY,False,,966494,,2565721,,,180.89202935100002,11.045766977999847,573b5047de9f56c7be670180ebc23cc55bb80d654e98261c821e6f01e5dccc09,0aecb7392c7e4f988dedcaa1ecd05fc935d51ae67d92cd059955bb52414bdce7
b3,weakening/weaken_consequent/weaken_consequent_25_10_10.trace,weakening,weakening_b3,18,3,0,11,15,MIN_EXPANDED_SIZE,OfficialWeakeningConsequent,5,86f99f65fdbbca16ebbbae53d1d26468647cf5f845acb40fc6064f556896194e,3,10,10,SAT,SAT,7,7,1.6363636363636365,1.0,TRANSLATED_ONLY,TRANSLATED_ONLY,True,1766705,300234,6728137,784659,5.88442681375194,8.574599921749448,8.190146120999998,6.036872573999972,ddd27e8fbcb28b67f6b8cc1ca88f637a12bc71e739ae26822432630329952ba4,28aad22e5cb7aa13f4a8ed1e7386381da13a8ea4067ec20eca3f3d559e1579d3
b3,weakening/weaken_consequent/weaken_consequent_100_10_10.trace,weakening,weakening_b3,18,3,0,11,15,MIN_EXPANDED_SIZE,OfficialWeakeningConsequent,9,a9161f65fc07d3f0e546a24f44292bdd7c943b3bd19fdd3621de69aa37541611,3,10,10,TIMEOUT,SAT,7,7,1.6363636363636365,1.0,TRANSLATION_TIMEOUT,TRANSLATED_ONLY,False,,1799322,,4916915,,,180.8076046899996,17.756107578999945,a8bba34a22b3a617e2a12e4dc427dbc81c9d4aca4690fa2414dbd886b9865764,340197d37048d2b367e36564bb267a6910c50120a10d84a6e86eea009fceee73
b3,weakening/weaken_consequent/weaken_consequent_10_95_95.trace,weakening,weakening_b3,18,3,0,11,15,MIN_EXPANDED_SIZE,OfficialWeakeningConsequent,5,cacc2bd3797939ea41759b9e20f7e0d8af2da0e2537c8f1b39e7f86a3b79f661,3,95,95,SAT,SAT,7,7,1.6363636363636365,1.0,TRANSLATED_ONLY,TRANSLATED_ONLY,True,1202785,983714,4180387,2299049,1.222697857304054,1.8183113974517289,8.743055351999828,10.894914145999792,899e596d3f789786ecca67f4253cd7417d4cb18eed7e1b2d47d74bd99576add2,62a3e25b8bc71f4a0892509e62b9543585af360a58ac6ac9480b94aad73888e9
b3,weakening/weaken_consequent/weaken_consequent_50_10_10.trace,weakening,weakening_b3,18,3,0,11,15,MIN_EXPANDED_SIZE,OfficialWeakeningConsequent,11,2e2c6fc839f779bbb264f7bada7c1af649e566c9ddbd4489e955b4bd8e844bc1,3,10,10,TIMEOUT,SAT,7,7,1.6363636363636365,1.0,TRANSLATION_TIMEOUT,TRANSLATED_ONLY,False,,1281794,,3611538,,,180.78839845400034,15.801864677000594,8d4e2b1fe8ccf2e4f36a5ffe4c7a3d5ae0417d4d8cc1af7863cb31f32d94e506,6bc8af5431d9e1a2180861b513d04fe231fd15bf4af2467fe78fd76d19312f51
