task,oracleStatus,reason,objectivePrimary,objectiveSecondary,formula,previousStatus,previousReason,evidenceCampaign,evidencePath
5to10Traces/0000.trace,OPTIMAL,,0,3,!(F(x0)),OPTIMAL,,/srv/macroatlas-rq1-exact/rq1-exact-623-20260926-5x,jobs/861c0302bc8adcc6ba93/result.json
5to10Traces/0002.trace,OPTIMAL,,0,3,!(F(x0)),OPTIMAL,,/srv/macroatlas-rq1-exact/rq1-exact-623-20260926-5x,jobs/59bc874fd556534d47c7/result.json
5to10Traces/0003.trace,OPTIMAL,,0,3,!(F(x0)),OPTIMAL,,/srv/macroatlas-rq1-exact/rq1-exact-623-20260926-5x,jobs/d89ac7120e198974538a/result.json
5to10Traces/0004.trace,OPTIMAL,,0,3,G(!(x0)),OPTIMAL,,/srv/macroatlas-rq1-exact/rq1-exact-623-20260926-5x,jobs/d7e67511a93472d1bcfa/result.json
5to10Traces/0005.trace,OPTIMAL,,0,3,G(!(x0)),OPTIMAL,,/srv/macroatlas-rq1-exact/rq1-exact-623-20260926-5x,jobs/d3d599eeba94db579d17/result.json
5to10Traces/0006.trace,OPTIMAL,,0,3,!(F(x0)),OPTIMAL,,/srv/macroatlas-rq1-exact/rq1-exact-623-20260926-5x,jobs/9ce041c0c0e89d34c785/result.json
5to10Traces/0007.trace,OPTIMAL,,0,3,!(F(x0)),OPTIMAL,,/srv/macroatlas-rq1-exact/rq1-exact-623-20260926-5x,jobs/97e377ef1559bcdf26ac/result.json
5to10Traces/0008.trace,OPTIMAL,,0,3,G(!(x0)),OPTIMAL,,/srv/macroatlas-rq1-exact/rq1-exact-623-20260926-5x,jobs/d6b20935f1214c4cac01/result.json
5to10Traces/0009.trace,OPTIMAL,,0,3,!(F(x0)),OPTIMAL,,/srv/macroatlas-rq1-exact/rq1-exact-623-20260926-5x,jobs/3d63aa5adf1ec4c2ebba/result.json
5to10Traces/0010.trace,OPTIMAL,,0,3,!(F(x0)),OPTIMAL,,/srv/macroatlas-rq1-exact/rq1-exact-623-20260926-5x,jobs/8c9e67cedc0fceb521be/result.json
5to10Traces/0011.trace,OPTIMAL,,0,3,G(!(x0)),OPTIMAL,,/srv/macroatlas-rq1-exact/rq1-exact-623-20260926-5x,jobs/05271159b766d4536581/result.json
5to10Traces/0012.trace,OPTIMAL,,0,3,!(F(x0)),OPTIMAL,,/srv/macroatlas-rq1-exact/rq1-exact-623-20260926-5x,jobs/7ea45400096bddeb6096/result.json
5to10Traces/0013.trace,OPTIMAL,,0,3,!(F(x0)),OPTIMAL,,/srv/macroatlas-rq1-exact/rq1-exact-623-20260926-5x,jobs/a486a3dc387534358b77/result.json
5to10Traces/0014.trace,OPTIMAL,,0,3,!(F(x0)),OPTIMAL,,/srv/macroatlas-rq1-exact/rq1-exact-623-20260926-5x,jobs/8c5b9b0515e2ad14e6c8/result.json
5to10Traces/0015.trace,OPTIMAL,,0,3,G(!(x0)),OPTIMAL,,/srv/macroatlas-rq1-exact/rq1-exact-623-20260926-5x,jobs/8fd1b1b6e5b297a719c8/result.json
5to10Traces/0016.trace,OPTIMAL,,0,3,G(!(x0)),OPTIMAL,,/srv/macroatlas-rq1-exact/rq1-exact-623-20260926-5x,jobs/da554c68b32b9016733b/result.json
5to10Traces/0017.trace,OPTIMAL,,0,3,!(F(x0)),OPTIMAL,,/srv/macroatlas-rq1-exact/rq1-exact-623-20260926-5x,jobs/fc4f42980be3b3d61fd3/result.json
5to10Traces/0018.trace,OPTIMAL,,0,3,!(F(x0)),OPTIMAL,,/srv/macroatlas-rq1-exact/rq1-exact-623-20260926-5x,jobs/e79e933b3389b22bf629/result.json
5to10Traces/0019.trace,OPTIMAL,,0,3,!(F(x0)),OPTIMAL,,/srv/macroatlas-rq1-exact/rq1-exact-623-20260926-5x,jobs/b9128692243b9d77b2ab/result.json
5to10Traces/0020.trace,OPTIMAL,,0,3,!(F(x0)),OPTIMAL,,/srv/macroatlas-rq1-exact/rq1-exact-623-20260926-5x,jobs/150338740ebfa78a6d27/result.json
5to10Traces/0021.trace,OPTIMAL,,0,3,!(F(x0)),OPTIMAL,,/srv/macroatlas-rq1-exact/rq1-exact-623-20260926-5x,jobs/c240104f2d1c10377750/result.json
5to10Traces/0022.trace,OPTIMAL,,0,3,"|(x1,X(x1))",OPTIMAL,,/srv/macroatlas-rq1-exact/rq1-exact-623-20260926-5x,jobs/09c57d5867ac07b92ed9/result.json
5to10Traces/0023.trace,OPTIMAL,,0,5,"|(x1,X(&(x1,x2)))",OPTIMAL,,/srv/macroatlas-rq1-exact/rq1-exact-623-20260926-5x,jobs/ee2baae00b06e6ae01ab/result.json
5to10Traces/0024.trace,TIMEOUT,SMT_timeout,,,,TIMEOUT,SMT_timeout,/srv/macroatlas-rq1-exact/rq1-exact-623-20260926-5x,jobs/425c3740a42702250ec9/result.json
5to10Traces/0025.trace,TIMEOUT,SMT_timeout,,,,TIMEOUT,SMT_timeout,/srv/macroatlas-rq1-exact/rq1-exact-623-20260926-5x,jobs/7bed5c9b85e434c7744e/result.json
5to10Traces/0026.trace,TIMEOUT,SMT_timeout,,,,TIMEOUT,SMT_timeout,/srv/macroatlas-rq1-exact/rq1-exact-623-20260926-5x,jobs/acf0474c349a687cabdf/result.json
5to10Traces/0027.trace,TIMEOUT,SMT_timeout,,,,TIMEOUT,SMT_timeout,/srv/macroatlas-rq1-exact/rq1-exact-623-20260926-5x,jobs/b4c12816284e431368db/result.json
5to10Traces/0028.trace,TIMEOUT,SMT_timeout,,,,TIMEOUT,SMT_timeout,/srv/macroatlas-rq1-exact/rq1-exact-623-20260926-5x,jobs/989d6ebd9cc3c2d86f98/result.json
5to10Traces/0029.trace,TIMEOUT,SMT_timeout,,,,TIMEOUT,SMT_timeout,/srv/macroatlas-rq1-exact/rq1-exact-623-20260926-5x,jobs/197399f6380e37827dd0/result.json
5to10Traces/0030.trace,TIMEOUT,SMT_timeout,,,,TIMEOUT,SMT_timeout,/srv/macroatlas-rq1-exact/rq1-exact-623-20260926-5x,jobs/367eb7a8fe42178b329a/result.json
5to10Traces/0031.trace,TIMEOUT,SMT_timeout,,,,TIMEOUT,SMT_timeout,/srv/macroatlas-rq1-exact/rq1-exact-623-20260926-5x,jobs/aeb8390cd26b98245669/result.json
5to10Traces/0032.trace,TIMEOUT,SMT_timeout,,,,TIMEOUT,SMT_timeout,/srv/macroatlas-rq1-exact/rq1-exact-623-20260926-5x,jobs/16158fd11cf2e8a92717/result.json
5to10Traces/0033.trace,TIMEOUT,SMT_timeout,,,,TIMEOUT,SMT_timeout,/srv/macroatlas-rq1-exact/rq1-exact-623-20260926-5x,jobs/a3d82e325dbd07a12087/result.json
5to10Traces/0034.trace,TIMEOUT,SMT_timeout,,,,TIMEOUT,SMT_timeout,/srv/macroatlas-rq1-exact/rq1-exact-623-20260926-5x,jobs/a966f1229194d6e6ccb9/result.json
5to10Traces/0035.trace,TIMEOUT,SMT_timeout,,,,TIMEOUT,SMT_timeout,/srv/macroatlas-rq1-exact/rq1-exact-623-20260926-5x,jobs/98359dad407d6e583d2c/result.json
5to10Traces/0036.trace,TIMEOUT,SMT_timeout,,,,TIMEOUT,SMT_timeout,/srv/macroatlas-rq1-exact/rq1-exact-623-20260926-5x,jobs/53d997f3c98be7a69aec/result.json
5to10Traces/0037.trace,TIMEOUT,SMT_timeout,,,,TIMEOUT,SMT_timeout,/srv/macroatlas-rq1-exact/rq1-exact-623-20260926-5x,jobs/67941091c1c8cd3753c0/result.json
5to10Traces/0038.trace,TIMEOUT,SMT_timeout,,,,TIMEOUT,SMT_timeout,/srv/macroatlas-rq1-exact/rq1-exact-623-20260926-5x,jobs/3007e67cf87893d40cab/result.json
5to10Traces/0039.trace,TIMEOUT,SMT_timeout,,,,TIMEOUT,SMT_timeout,/srv/macroatlas-rq1-exact/rq1-exact-623-20260926-5x,jobs/bdb305f4151580fb431d/result.json
5to10Traces/0040.trace,TIMEOUT,SMT_timeout,,,,TIMEOUT,SMT_timeout,/srv/macroatlas-rq1-exact/rq1-exact-623-20260926-5x,jobs/52dee0a2e5fb905d65de/result.json
5to10Traces/0041.trace,TIMEOUT,SMT_timeout,,,,TIMEOUT,SMT_timeout,/srv/macroatlas-rq1-exact/rq1-exact-623-20260926-5x,jobs/aac023994ecfdbc55dae/result.json
5to10Traces/0042.trace,TIMEOUT,SMT_timeout,,,,TIMEOUT,SMT_timeout,/srv/macroatlas-rq1-exact/rq1-exact-623-20260926-5x,jobs/510f56ed4ed167a3b251/result.json
5to10Traces/0043.trace,TIMEOUT,SMT_timeout,,,,TIMEOUT,SMT_timeout,/srv/macroatlas-rq1-exact/rq1-exact-623-20260926-5x,jobs/e49bdb45a6a8febcdba1/result.json
5to10Traces/0044.trace,OPTIMAL,,0,5,"!(|(x1,X(x0)))",OPTIMAL,,/srv/macroatlas-rq1-exact/rq1-exact-623-20260926-5x,jobs/ff15b0770ab4e1f710fc/result.json
5to10Traces/0045.trace,OPTIMAL,,0,5,"&(x0,X(->(F(x0),x0)))",OPTIMAL,,/srv/macroatlas-rq1-exact/rq1-exact-623-20260926-5x,jobs/731fa42c7c58c2c0a755/result.json
5to10Traces/0046.trace,OPTIMAL,,0,6,"G(->(F(x0),!(x1)))",OPTIMAL,,/srv/macroatlas-rq1-exact/rq1-exact-623-20260926-5x,jobs/b30b1f539d80e15afa69/result.json
5to10Traces/0047.trace,OPTIMAL,,0,6,"G(->(F(x0),->(x1,x0)))",OPTIMAL,,/srv/macroatlas-rq1-exact/rq1-exact-623-20260926-5x,jobs/2ffb45e212f13d9a4d00/result.json
5to10Traces/0048.trace,OPTIMAL,,0,6,"G(->(x1,G(!(x0))))",OPTIMAL,,/srv/macroatlas-rq1-exact/rq1-exact-623-20260926-5x,jobs/dd2a8a5f37e79bd10b76/result.json
5to10Traces/0049.trace,OPTIMAL,,0,6,"G(->(x1,!(F(x0))))",OPTIMAL,,/srv/macroatlas-rq1-exact/rq1-exact-623-20260926-5x,jobs/a9596c7fb50c40c4aa02/result.json
5to10Traces/0050.trace,OPTIMAL,,0,6,"G(->(x1,!(F(x0))))",OPTIMAL,,/srv/macroatlas-rq1-exact/rq1-exact-623-20260926-5x,jobs/673b0aa31331b5bc51cd/result.json
5to10Traces/0051.trace,OPTIMAL,,0,6,"!(F(&(x1,F(x0))))",OPTIMAL,,/srv/macroatlas-rq1-exact/rq1-exact-623-20260926-5x,jobs/c3be721976dc8cb5a379/result.json
5to10Traces/0052.trace,OPTIMAL,,0,6,"G(->(F(x0),!(x1)))",OPTIMAL,,/srv/macroatlas-rq1-exact/rq1-exact-623-20260926-5x,jobs/d0d469fb2907c8ee21f8/result.json
5to10Traces/0053.trace,OPTIMAL,,0,6,"G(->(F(x0),!(x1)))",OPTIMAL,,/srv/macroatlas-rq1-exact/rq1-exact-623-20260926-5x,jobs/5c40af3644c2b258d1ea/result.json
5to10Traces/0054.trace,OPTIMAL,,0,6,"G(->(x1,!(F(x0))))",OPTIMAL,,/srv/macroatlas-rq1-exact/rq1-exact-623-20260926-5x,jobs/f16f76ff32f2b45844a7/result.json
5to10Traces/0055.trace,OPTIMAL,,0,6,"G(->(x1,G(!(x0))))",OPTIMAL,,/srv/macroatlas-rq1-exact/rq1-exact-623-20260926-5x,jobs/142931611f38b33836e2/result.json
5to10Traces/0056.trace,OPTIMAL,,0,6,"G(!(&(x1,F(x0))))",OPTIMAL,,/srv/macroatlas-rq1-exact/rq1-exact-623-20260926-5x,jobs/ee61466889a59ae85d87/result.json
5to10Traces/0057.trace,OPTIMAL,,0,6,"G(!(&(F(x0),x1)))",OPTIMAL,,/srv/macroatlas-rq1-exact/rq1-exact-623-20260926-5x,jobs/09a8e13fc25434622e01/result.json
5to10Traces/0058.trace,OPTIMAL,,0,6,"G(->(x1,G(!(x0))))",OPTIMAL,,/srv/macroatlas-rq1-exact/rq1-exact-623-20260926-5x,jobs/f5cbd546c58ea6033ff7/result.json
5to10Traces/0059.trace,OPTIMAL,,0,6,"G(!(&(F(x0),x1)))",OPTIMAL,,/srv/macroatlas-rq1-exact/rq1-exact-623-20260926-5x,jobs/08e6c14f26ed50e38304/result.json
5to10Traces/0060.trace,OPTIMAL,,0,6,"G(->(x1,G(!(x0))))",OPTIMAL,,/srv/macroatlas-rq1-exact/rq1-exact-623-20260926-5x,jobs/69719365a9d9ffc0952a/result.json
5to10Traces/0061.trace,OPTIMAL,,0,6,"G(->(F(x0),!(x1)))",OPTIMAL,,/srv/macroatlas-rq1-exact/rq1-exact-623-20260926-5x,jobs/2b17ff8896c5872ade1f/result.json
5to10Traces/0062.trace,OPTIMAL,,0,6,"!(F(&(F(x0),x1)))",OPTIMAL,,/srv/macroatlas-rq1-exact/rq1-exact-623-20260926-5x,jobs/980178c1dd5647d8a792/result.json
5to10Traces/0063.trace,OPTIMAL,,0,6,"G(->(x1,!(F(x0))))",OPTIMAL,,/srv/macroatlas-rq1-exact/rq1-exact-623-20260926-5x,jobs/8a5ef82d0038a6aab994/result.json
5to10Traces/0064.trace,OPTIMAL,,0,6,"G(->(x1,!(F(x0))))",OPTIMAL,,/srv/macroatlas-rq1-exact/rq1-exact-623-20260926-5x,jobs/8e0e6925c57e3e7d8243/result.json
5to10Traces/0065.trace,OPTIMAL,,0,6,"!(F(&(x1,F(x0))))",OPTIMAL,,/srv/macroatlas-rq1-exact/rq1-exact-623-20260926-5x,jobs/f4b463246e4362150961/result.json
5to10Traces/0066.trace,OPTIMAL,,0,2,F(x1),OPTIMAL,,/srv/macroatlas-rq1-exact/rq1-exact-623-20260926-5x,jobs/93468839643e45c76ed0/result.json
5to10Traces/0068.trace,OPTIMAL,,0,7,"&(|(G(F(x1)),X(x0)),F(x1))",OPTIMAL,,/srv/macroatlas-rq1-exact/rq1-exact-623-20260926-5x,jobs/c07fecbb303c52e75c14/result.json
5to10Traces/0069.trace,OPTIMAL,,0,2,F(x1),OPTIMAL,,/srv/macroatlas-rq1-exact/rq1-exact-623-20260926-5x,jobs/435711cff0306bc46c94/result.json
5to10Traces/0070.trace,OPTIMAL,,0,7,"->(F(x0),F(&(x0,F(x1))))",OPTIMAL,,/srv/macroatlas-rq1-exact/rq1-exact-623-20260926-5x,jobs/2c8bc0e38bfa10cf76b2/result.json
5to10Traces/0071.trace,OPTIMAL,,0,5,"F(&(x0,X(x1)))",OPTIMAL,,/srv/macroatlas-rq1-exact/rq1-exact-623-20260926-5x,jobs/313682e126b8b521f5dc/result.json
5to10Traces/0072.trace,OPTIMAL,,0,7,"->(F(x0),F(&(F(x1),x0)))",OPTIMAL,,/srv/macroatlas-rq1-exact/rq1-exact-623-20260926-5x,jobs/015a9b80a8e28e0b2b57/result.json
5to10Traces/0073.trace,OPTIMAL,,0,5,"F(&(x0,F(x1)))",OPTIMAL,,/srv/macroatlas-rq1-exact/rq1-exact-623-20260926-5x,jobs/bec22b131ef73935ee7b/result.json
5to10Traces/0074.trace,OPTIMAL,,0,7,"F(&(F(x1),->(F(x0),x0)))",OPTIMAL,,/srv/macroatlas-rq1-exact/rq1-exact-623-20260926-5x,jobs/c1a80dda9337eb03aea7/result.json
5to10Traces/0075.trace,OPTIMAL,,0,5,"F(&(F(x1),x0))",OPTIMAL,,/srv/macroatlas-rq1-exact/rq1-exact-623-20260926-5x,jobs/0cd897e584b64a6f18f1/result.json
5to10Traces/0076.trace,OPTIMAL,,0,7,"F(&(->(F(x0),x0),F(x1)))",OPTIMAL,,/srv/macroatlas-rq1-exact/rq1-exact-623-20260926-5x,jobs/f8c89767dfcc85d1a502/result.json
5to10Traces/0077.trace,OPTIMAL,,0,5,"F(&(F(x1),x0))",OPTIMAL,,/srv/macroatlas-rq1-exact/rq1-exact-623-20260926-5x,jobs/dcc7d0bb677c2a5924ba/result.json
5to10Traces/0078.trace,OPTIMAL,,0,7,"F(&(x1,|(G(F(x1)),x0)))",OPTIMAL,,/srv/macroatlas-rq1-exact/rq1-exact-623-20260926-5x,jobs/14911b77eef8ab088a4d/result.json
5to10Traces/0079.trace,OPTIMAL,,0,7,"F(|(G(F(x1)),&(x0,F(x1))))",OPTIMAL,,/srv/macroatlas-rq1-exact/rq1-exact-623-20260926-5x,jobs/dab3233cb2438a12d495/result.json
5to10Traces/0080.trace,OPTIMAL,,0,7,"->(F(x0),F(&(F(x1),x0)))",OPTIMAL,,/srv/macroatlas-rq1-exact/rq1-exact-623-20260926-5x,jobs/af0d6cb1d39b1ccbb1bd/result.json
5to10Traces/0081.trace,OPTIMAL,,0,5,"F(&(F(x1),x0))",OPTIMAL,,/srv/macroatlas-rq1-exact/rq1-exact-623-20260926-5x,jobs/509222e956922b677584/result.json
5to10Traces/0082.trace,OPTIMAL,,0,7,"->(F(x0),F(&(x0,F(x1))))",OPTIMAL,,/srv/macroatlas-rq1-exact/rq1-exact-623-20260926-5x,jobs/01fe863d09d83f5fd862/result.json
5to10Traces/0083.trace,OPTIMAL,,0,5,"F(&(F(x1),x0))",OPTIMAL,,/srv/macroatlas-rq1-exact/rq1-exact-623-20260926-5x,jobs/50bf60505b25ad89fc89/result.json
5to10Traces/0084.trace,OPTIMAL,,0,7,"F(&(->(F(x0),x0),F(x1)))",OPTIMAL,,/srv/macroatlas-rq1-exact/rq1-exact-623-20260926-5x,jobs/4cf0451487ef633e1d35/result.json
5to10Traces/0085.trace,OPTIMAL,,0,5,"F(&(F(x1),x0))",OPTIMAL,,/srv/macroatlas-rq1-exact/rq1-exact-623-20260926-5x,jobs/7820fd0095ba424169e5/result.json
5to10Traces/0086.trace,OPTIMAL,,0,7,"->(F(x0),F(&(x0,F(x1))))",OPTIMAL,,/srv/macroatlas-rq1-exact/rq1-exact-623-20260926-5x,jobs/df298dcc2e3ef24e7249/result.json
5to10Traces/0087.trace,OPTIMAL,,0,5,"F(&(F(x1),x0))",OPTIMAL,,/srv/macroatlas-rq1-exact/rq1-exact-623-20260926-5x,jobs/fa591f0019bdf0ba72a2/result.json
5to10Traces/0088.trace,OPTIMAL,,0,2,F(x0),OPTIMAL,,/srv/macroatlas-rq1-exact/rq1-exact-623-20260926-5x,jobs/d1f3841b8987a2838401/result.json
5to10Traces/0090.trace,OPTIMAL,,0,2,F(x0),OPTIMAL,,/srv/macroatlas-rq1-exact/rq1-exact-623-20260926-5x,jobs/c04def4b066f97f3b331/result.json
5to10Traces/0091.trace,OPTIMAL,,0,2,F(x0),OPTIMAL,,/srv/macroatlas-rq1-exact/rq1-exact-623-20260926-5x,jobs/606ac866fc5b11ae61d2/result.json
5to10Traces/0092.trace,OPTIMAL,,0,2,F(x0),OPTIMAL,,/srv/macroatlas-rq1-exact/rq1-exact-623-20260926-5x,jobs/8607646d8f3d4ec6f273/result.json
5to10Traces/0093.trace,OPTIMAL,,0,2,F(x0),OPTIMAL,,/srv/macroatlas-rq1-exact/rq1-exact-623-20260926-5x,jobs/3ea769d6a5d30301b209/result.json
5to10Traces/0094.trace,OPTIMAL,,0,2,F(x0),OPTIMAL,,/srv/macroatlas-rq1-exact/rq1-exact-623-20260926-5x,jobs/afedb5a164649ddb0969/result.json
5to10Traces/0095.trace,OPTIMAL,,0,2,F(x0),OPTIMAL,,/srv/macroatlas-rq1-exact/rq1-exact-623-20260926-5x,jobs/8611b44313877d4eee92/result.json
5to10Traces/0096.trace,OPTIMAL,,0,2,F(x0),OPTIMAL,,/srv/macroatlas-rq1-exact/rq1-exact-623-20260926-5x,jobs/21aab346f5e499208eba/result.json
5to10Traces/0097.trace,OPTIMAL,,0,2,F(x0),OPTIMAL,,/srv/macroatlas-rq1-exact/rq1-exact-623-20260926-5x,jobs/7bb59f8193f85b46d241/result.json
5to10Traces/0098.trace,OPTIMAL,,0,2,F(x0),OPTIMAL,,/srv/macroatlas-rq1-exact/rq1-exact-623-20260926-5x,jobs/ee39761a6f02ecd35acf/result.json
5to10Traces/0099.trace,OPTIMAL,,0,2,F(x0),OPTIMAL,,/srv/macroatlas-rq1-exact/rq1-exact-623-20260926-5x,jobs/ceff28633009f60032cf/result.json
5to10Traces/0100.trace,OPTIMAL,,0,2,F(x0),OPTIMAL,,/srv/macroatlas-rq1-exact/rq1-exact-623-20260926-5x,jobs/18cea1e32a15e52b3369/result.json
5to10Traces/0101.trace,OPTIMAL,,0,2,F(x0),OPTIMAL,,/srv/macroatlas-rq1-exact/rq1-exact-623-20260926-5x,jobs/857d588df2050ec0b704/result.json
5to10Traces/0102.trace,OPTIMAL,,0,2,F(x0),OPTIMAL,,/srv/macroatlas-rq1-exact/rq1-exact-623-20260926-5x,jobs/949cc403c3b03a69ca70/result.json
5to10Traces/0103.trace,OPTIMAL,,0,2,F(x0),OPTIMAL,,/srv/macroatlas-rq1-exact/rq1-exact-623-20260926-5x,jobs/0da9deadefde9a6ef73d/result.json
5to10Traces/0104.trace,OPTIMAL,,0,2,F(x0),OPTIMAL,,/srv/macroatlas-rq1-exact/rq1-exact-623-20260926-5x,jobs/6958110de129ff82ead4/result.json
5to10Traces/0105.trace,OPTIMAL,,0,2,F(x0),OPTIMAL,,/srv/macroatlas-rq1-exact/rq1-exact-623-20260926-5x,jobs/d3c3e51e943ef06be72d/result.json
5to10Traces/0106.trace,OPTIMAL,,0,2,F(x0),OPTIMAL,,/srv/macroatlas-rq1-exact/rq1-exact-623-20260926-5x,jobs/f3bef946e934300600b8/result.json
5to10Traces/0107.trace,OPTIMAL,,0,2,F(x0),OPTIMAL,,/srv/macroatlas-rq1-exact/rq1-exact-623-20260926-5x,jobs/951d944d17eb0a254502/result.json
5to10Traces/0108.trace,OPTIMAL,,0,2,F(x0),OPTIMAL,,/srv/macroatlas-rq1-exact/rq1-exact-623-20260926-5x,jobs/aa5e995da6d68d58ee21/result.json
5to10Traces/0109.trace,OPTIMAL,,0,2,F(x0),OPTIMAL,,/srv/macroatlas-rq1-exact/rq1-exact-623-20260926-5x,jobs/badd7ac3390b235db9b4/result.json
5to10Traces/0110.trace,OPTIMAL,,0,2,G(x0),OPTIMAL,,/srv/macroatlas-rq1-exact/rq1-exact-623-20260926-5x,jobs/db9e8526602a9dc63389/result.json
5to10Traces/0112.trace,OPTIMAL,,0,2,G(x0),OPTIMAL,,/srv/macroatlas-rq1-exact/rq1-exact-623-20260926-5x,jobs/c463673727b6ef4460b4/result.json
5to10Traces/0114.trace,TIMEOUT,SMT_timeout,,,,TIMEOUT,SMT_timeout,/srv/macroatlas-rq1-exact/rq1-exact-623-20260926-5x,jobs/284fa4f76815844a918e/result.json
5to10Traces/0116.trace,OPTIMAL,,0,7,"G(&(x0,|(F(x2),x1)))",OPTIMAL,,/srv/macroatlas-rq1-exact/rq1-exact-623-20260926-5x,jobs/5baceb0da562e46724a5/result.json
5to10Traces/0117.trace,OPTIMAL,,0,4,"&(x1,G(x0))",OPTIMAL,,/srv/macroatlas-rq1-exact/rq1-exact-623-20260926-5x,jobs/005af8af24c523788c62/result.json
5to10Traces/0118.trace,TIMEOUT,SMT_timeout,,,,TIMEOUT,SMT_timeout,/srv/macroatlas-rq1-exact/rq1-exact-623-20260926-5x,jobs/bb8b1b2c26661b7268d8/result.json
5to10Traces/0119.trace,OPTIMAL,,0,2,G(x0),OPTIMAL,,/srv/macroatlas-rq1-exact/rq1-exact-623-20260926-5x,jobs/c4025e52f2b77d358eaa/result.json
5to10Traces/0120.trace,OPTIMAL,,0,2,G(x0),OPTIMAL,,/srv/macroatlas-rq1-exact/rq1-exact-623-20260926-5x,jobs/d7f330b1209004d82fcf/result.json
5to10Traces/0121.trace,OPTIMAL,,0,2,G(x0),OPTIMAL,,/srv/macroatlas-rq1-exact/rq1-exact-623-20260926-5x,jobs/19a93c73f63338a0d444/result.json
5to10Traces/0122.trace,TIMEOUT,SMT_timeout,,,,TIMEOUT,SMT_timeout,/srv/macroatlas-rq1-exact/rq1-exact-623-20260926-5x,jobs/e3200b3320441c50b4aa/result.json
5to10Traces/0124.trace,TIMEOUT,SMT_timeout,,,,TIMEOUT,SMT_timeout,/srv/macroatlas-rq1-exact/rq1-exact-623-20260926-5x,jobs/84be0f222006cf0a33c1/result.json
5to10Traces/0125.trace,OPTIMAL,,0,2,G(x0),OPTIMAL,,/srv/macroatlas-rq1-exact/rq1-exact-623-20260926-5x,jobs/4519b24804f7fe4d7c37/result.json
5to10Traces/0126.trace,TIMEOUT,SMT_timeout,,,,TIMEOUT,SMT_timeout,/srv/macroatlas-rq1-exact/rq1-exact-623-20260926-5x,jobs/f7049eeaae035bd1af62/result.json
5to10Traces/0127.trace,OPTIMAL,,0,2,G(x0),OPTIMAL,,/srv/macroatlas-rq1-exact/rq1-exact-623-20260926-5x,jobs/f1461e9fb06f2aeb64a6/result.json
5to10Traces/0128.trace,TIMEOUT,SMT_timeout,,,,TIMEOUT,SMT_timeout,/srv/macroatlas-rq1-exact/rq1-exact-623-20260926-5x,jobs/dc960399681cbacef18f/result.json
5to10Traces/0129.trace,OPTIMAL,,0,2,G(x0),OPTIMAL,,/srv/macroatlas-rq1-exact/rq1-exact-623-20260926-5x,jobs/5525def873ec568b32c5/result.json
5to10Traces/0130.trace,TIMEOUT,SMT_timeout,,,,TIMEOUT,SMT_timeout,/srv/macroatlas-rq1-exact/rq1-exact-623-20260926-5x,jobs/782cbd1133a506750df4/result.json
5to10Traces/0131.trace,OPTIMAL,,0,6,"&(G(x0),->(x3,x2))",OPTIMAL,,/srv/macroatlas-rq1-exact/rq1-exact-623-20260926-5x,jobs/f31806d203e0e269c648/result.json
5to10Traces/0132.trace,OPTIMAL,,0,2,G(x0),OPTIMAL,,/srv/macroatlas-rq1-exact/rq1-exact-623-20260926-5x,jobs/ef542e494ed39f2fb219/result.json
5to10Traces/0134.trace,OPTIMAL,,0,2,G(x0),OPTIMAL,,/srv/macroatlas-rq1-exact/rq1-exact-623-20260926-5x,jobs/78228e3dceb51c3d0689/result.json
5to10Traces/0135.trace,OPTIMAL,,0,2,G(x0),OPTIMAL,,/srv/macroatlas-rq1-exact/rq1-exact-623-20260926-5x,jobs/ecf124953b4c8976ea48/result.json
5to10Traces/0136.trace,OPTIMAL,,0,2,G(x0),OPTIMAL,,/srv/macroatlas-rq1-exact/rq1-exact-623-20260926-5x,jobs/b5e9b15e45c76280abb3/result.json
5to10Traces/0137.trace,OPTIMAL,,0,2,G(x0),OPTIMAL,,/srv/macroatlas-rq1-exact/rq1-exact-623-20260926-5x,jobs/af27e66eea8d8635c698/result.json
5to10Traces/0138.trace,OPTIMAL,,0,2,G(x0),OPTIMAL,,/srv/macroatlas-rq1-exact/rq1-exact-623-20260926-5x,jobs/646974e5d14a391b5060/result.json
5to10Traces/0139.trace,OPTIMAL,,0,2,G(x0),OPTIMAL,,/srv/macroatlas-rq1-exact/rq1-exact-623-20260926-5x,jobs/ef959f1502429b2f6bf8/result.json
5to10Traces/0140.trace,OPTIMAL,,0,2,G(x0),OPTIMAL,,/srv/macroatlas-rq1-exact/rq1-exact-623-20260926-5x,jobs/658db9220c38a5b59bf4/result.json
5to10Traces/0141.trace,OPTIMAL,,0,2,G(x0),OPTIMAL,,/srv/macroatlas-rq1-exact/rq1-exact-623-20260926-5x,jobs/5146f3fcc47abd7418ff/result.json
5to10Traces/0142.trace,OPTIMAL,,0,2,G(x0),OPTIMAL,,/srv/macroatlas-rq1-exact/rq1-exact-623-20260926-5x,jobs/8f7fa5954a8f501f7ade/result.json
5to10Traces/0143.trace,OPTIMAL,,0,2,G(x0),OPTIMAL,,/srv/macroatlas-rq1-exact/rq1-exact-623-20260926-5x,jobs/3714602eb691ed72aefb/result.json
5to10Traces/0144.trace,OPTIMAL,,0,2,G(x0),OPTIMAL,,/srv/macroatlas-rq1-exact/rq1-exact-623-20260926-5x,jobs/cb3a03145ef0806d17f1/result.json
5to10Traces/0145.trace,OPTIMAL,,0,2,G(x0),OPTIMAL,,/srv/macroatlas-rq1-exact/rq1-exact-623-20260926-5x,jobs/16f0fa684fb788448d84/result.json
5to10Traces/0146.trace,OPTIMAL,,0,2,G(x0),OPTIMAL,,/srv/macroatlas-rq1-exact/rq1-exact-623-20260926-5x,jobs/6aea39392c02537ea7cb/result.json
5to10Traces/0147.trace,OPTIMAL,,0,2,G(x0),OPTIMAL,,/srv/macroatlas-rq1-exact/rq1-exact-623-20260926-5x,jobs/56f6359c5f2de5fbf63d/result.json
5to10Traces/0148.trace,OPTIMAL,,0,2,G(x0),OPTIMAL,,/srv/macroatlas-rq1-exact/rq1-exact-623-20260926-5x,jobs/2c7a940b94783307f909/result.json
5to10Traces/0149.trace,OPTIMAL,,0,2,G(x0),OPTIMAL,,/srv/macroatlas-rq1-exact/rq1-exact-623-20260926-5x,jobs/aa04d1169534447fe945/result.json
5to10Traces/0150.trace,OPTIMAL,,0,2,G(x0),OPTIMAL,,/srv/macroatlas-rq1-exact/rq1-exact-623-20260926-5x,jobs/05f529cf937f50f5b6cf/result.json
5to10Traces/0151.trace,OPTIMAL,,0,2,G(x0),OPTIMAL,,/srv/macroatlas-rq1-exact/rq1-exact-623-20260926-5x,jobs/6fbe3a89ac40dee84128/result.json
5to10Traces/0152.trace,OPTIMAL,,0,2,G(x0),OPTIMAL,,/srv/macroatlas-rq1-exact/rq1-exact-623-20260926-5x,jobs/fcee03ea6ff3dd7dae81/result.json
5to10Traces/0153.trace,OPTIMAL,,0,2,G(x0),OPTIMAL,,/srv/macroatlas-rq1-exact/rq1-exact-623-20260926-5x,jobs/04a6ce1698aeb6d34e5f/result.json
5to10Traces/0154.trace,OPTIMAL,,0,5,"|(x1,&(x0,X(x1)))",OPTIMAL,,/srv/macroatlas-rq1-exact/rq1-exact-623-20260926-5x,jobs/d12450dc50adbf46dc0c/result.json
5to10Traces/0155.trace,OPTIMAL,,0,1,x1,OPTIMAL,,/srv/macroatlas-rq1-exact/rq1-exact-623-20260926-5x,jobs/2dc9737c783ee432c97b/result.json
5to10Traces/0156.trace,UNSAT,,,,,UNSAT,,/srv/macroatlas-rq1-exact/rq1-exact-623-20260926-5x,jobs/3bc6025bef7a25138806/result.json
5to10Traces/0157.trace,UNSAT,,,,,UNSAT,,/srv/macroatlas-rq1-exact/rq1-exact-623-20260926-5x,jobs/4f3e31ce1c666716160f/result.json
5to10Traces/0158.trace,UNSAT,,,,,UNSAT,,/srv/macroatlas-rq1-exact/rq1-exact-623-20260926-5x,jobs/97e58a756d50a83dcb34/result.json
5to10Traces/0159.trace,UNSAT,,,,,UNSAT,,/srv/macroatlas-rq1-exact/rq1-exact-623-20260926-5x,jobs/6f9d225d515a415fccad/result.json
5to10Traces/0160.trace,UNSAT,,,,,UNSAT,,/srv/macroatlas-rq1-exact/rq1-exact-623-20260926-5x,jobs/333052a9e3728ad72951/result.json
5to10Traces/0161.trace,UNSAT,,,,,UNSAT,,/srv/macroatlas-rq1-exact/rq1-exact-623-20260926-5x,jobs/7a054e54f331c3da29bc/result.json
5to10Traces/0162.trace,UNSAT,,,,,UNSAT,,/srv/macroatlas-rq1-exact/rq1-exact-623-20260926-5x,jobs/c0bfa82c72edacf5f916/result.json
5to10Traces/0163.trace,UNSAT,,,,,UNSAT,,/srv/macroatlas-rq1-exact/rq1-exact-623-20260926-5x,jobs/a10d7b4788a823ccc6e0/result.json
5to10Traces/0164.trace,UNSAT,,,,,UNSAT,,/srv/macroatlas-rq1-exact/rq1-exact-623-20260926-5x,jobs/d06723254c0a289485c5/result.json
5to10Traces/0165.trace,TIMEOUT,SMT_timeout,,,,TIMEOUT,SMT_timeout,/srv/macroatlas-rq1-exact/rq1-exact-623-20260926-5x,jobs/b43fefd70429cd8ee843/result.json
5to10Traces/0166.trace,UNSAT,,,,,UNSAT,,/srv/macroatlas-rq1-exact/rq1-exact-623-20260926-5x,jobs/dcbf9ce1b947e089239b/result.json
5to10Traces/0167.trace,TIMEOUT,SMT_timeout,,,,TIMEOUT,SMT_timeout,/srv/macroatlas-rq1-exact/rq1-exact-623-20260926-5x,jobs/e3c60773d1caa1476d4d/result.json
5to10Traces/0168.trace,UNSAT,,,,,UNSAT,,/srv/macroatlas-rq1-exact/rq1-exact-623-20260926-5x,jobs/32ebb28acc2add3761e7/result.json
5to10Traces/0169.trace,TIMEOUT,SMT_timeout,,,,TIMEOUT,SMT_timeout,/srv/macroatlas-rq1-exact/rq1-exact-623-20260926-5x,jobs/de65a0e45e536c5f9c37/result.json
5to10Traces/0170.trace,UNSAT,,,,,UNSAT,,/srv/macroatlas-rq1-exact/rq1-exact-623-20260926-5x,jobs/c2c96411b6de5053a5e7/result.json
5to10Traces/0171.trace,TIMEOUT,SMT_timeout,,,,TIMEOUT,SMT_timeout,/srv/macroatlas-rq1-exact/rq1-exact-623-20260926-5x,jobs/73ce1c5352c9e637238f/result.json
5to10Traces/0172.trace,UNSAT,,,,,UNSAT,,/srv/macroatlas-rq1-exact/rq1-exact-623-20260926-5x,jobs/20f801a22a35e39cf4a5/result.json
5to10Traces/0173.trace,TIMEOUT,SMT_timeout,,,,TIMEOUT,SMT_timeout,/srv/macroatlas-rq1-exact/rq1-exact-623-20260926-5x,jobs/92089866b061e71f419d/result.json
5to10Traces/0174.trace,UNSAT,,,,,UNSAT,,/srv/macroatlas-rq1-exact/rq1-exact-623-20260926-5x,jobs/411d7687e65cd4f14474/result.json
5to10Traces/0175.trace,TIMEOUT,SMT_timeout,,,,TIMEOUT,SMT_timeout,/srv/macroatlas-rq1-exact/rq1-exact-623-20260926-5x,jobs/94df50dfcf59ff04a823/result.json
5to10Traces/0176.trace,OPTIMAL,,0,3,"&(x0,X(x0))",OPTIMAL,,/srv/macroatlas-rq1-exact/rq1-exact-623-20260926-5x,jobs/034d0c674621ca360b6f/result.json
5to10Traces/0177.trace,OPTIMAL,,0,4,"!(|(x0,x1))",OPTIMAL,,/srv/macroatlas-rq1-exact/rq1-exact-623-20260926-5x,jobs/b59806f0f5e4c49e3902/result.json
5to10Traces/0178.trace,OPTIMAL,,0,5,"G(->(x1,G(x0)))",OPTIMAL,,/srv/macroatlas-rq1-exact/rq1-exact-623-20260926-5x,jobs/3602f73738e4144b25b4/result.json
5to10Traces/0179.trace,OPTIMAL,,0,5,"G(->(x1,G(x0)))",OPTIMAL,,/srv/macroatlas-rq1-exact/rq1-exact-623-20260926-5x,jobs/5b837541f1c88006b123/result.json
5to10Traces/0180.trace,OPTIMAL,,0,5,"G(->(x1,G(x0)))",OPTIMAL,,/srv/macroatlas-rq1-exact/rq1-exact-623-20260926-5x,jobs/4a7e2e49684b1c6c7f91/result.json
5to10Traces/0181.trace,OPTIMAL,,0,5,"G(->(x1,G(x0)))",OPTIMAL,,/srv/macroatlas-rq1-exact/rq1-exact-623-20260926-5x,jobs/ca8d192d630978c1358a/result.json
5to10Traces/0182.trace,OPTIMAL,,0,5,"G(->(x1,G(x0)))",OPTIMAL,,/srv/macroatlas-rq1-exact/rq1-exact-623-20260926-5x,jobs/18a1601b38ee085ad0c0/result.json
5to10Traces/0183.trace,OPTIMAL,,0,5,"G(->(x1,G(x0)))",OPTIMAL,,/srv/macroatlas-rq1-exact/rq1-exact-623-20260926-5x,jobs/66c3f6fae74a9d059304/result.json
5to10Traces/0184.trace,OPTIMAL,,0,5,"G(->(x1,G(x0)))",OPTIMAL,,/srv/macroatlas-rq1-exact/rq1-exact-623-20260926-5x,jobs/d8f6b31f7c3baddc8448/result.json
5to10Traces/0185.trace,OPTIMAL,,0,5,"G(->(x1,G(x0)))",OPTIMAL,,/srv/macroatlas-rq1-exact/rq1-exact-623-20260926-5x,jobs/646e885182265b3799e8/result.json
5to10Traces/0186.trace,OPTIMAL,,0,5,"G(->(x1,G(x0)))",OPTIMAL,,/srv/macroatlas-rq1-exact/rq1-exact-623-20260926-5x,jobs/e896f42bb88af714433c/result.json
5to10Traces/0187.trace,OPTIMAL,,0,5,"G(->(x1,G(x0)))",OPTIMAL,,/srv/macroatlas-rq1-exact/rq1-exact-623-20260926-5x,jobs/4365df6f5a98cc271bc8/result.json
5to10Traces/0188.trace,OPTIMAL,,0,5,"G(->(x1,G(x0)))",OPTIMAL,,/srv/macroatlas-rq1-exact/rq1-exact-623-20260926-5x,jobs/e96cd997734bfa32bd27/result.json
5to10Traces/0189.trace,OPTIMAL,,0,5,"G(->(x1,G(x0)))",OPTIMAL,,/srv/macroatlas-rq1-exact/rq1-exact-623-20260926-5x,jobs/d94cb3a981fef5f14221/result.json
5to10Traces/0190.trace,OPTIMAL,,0,5,"G(->(x1,G(x0)))",OPTIMAL,,/srv/macroatlas-rq1-exact/rq1-exact-623-20260926-5x,jobs/b003da5668c564379cd1/result.json
5to10Traces/0191.trace,OPTIMAL,,0,5,"G(->(x1,G(x0)))",OPTIMAL,,/srv/macroatlas-rq1-exact/rq1-exact-623-20260926-5x,jobs/5a495888dcfe908fc987/result.json
5to10Traces/0192.trace,OPTIMAL,,0,5,"G(->(x1,G(x0)))",OPTIMAL,,/srv/macroatlas-rq1-exact/rq1-exact-623-20260926-5x,jobs/5184d587f4c5d5b33769/result.json
5to10Traces/0193.trace,OPTIMAL,,0,5,"G(->(x1,G(x0)))",OPTIMAL,,/srv/macroatlas-rq1-exact/rq1-exact-623-20260926-5x,jobs/a75ab6147b40113fdc62/result.json
5to10Traces/0194.trace,OPTIMAL,,0,5,"G(->(x1,G(x0)))",OPTIMAL,,/srv/macroatlas-rq1-exact/rq1-exact-623-20260926-5x,jobs/6ab21fbfafbbdc92723d/result.json
5to10Traces/0195.trace,OPTIMAL,,0,5,"G(->(x1,G(x0)))",OPTIMAL,,/srv/macroatlas-rq1-exact/rq1-exact-623-20260926-5x,jobs/adfe909828803252f12b/result.json
5to10Traces/0196.trace,OPTIMAL,,0,5,"G(->(x1,G(x0)))",OPTIMAL,,/srv/macroatlas-rq1-exact/rq1-exact-623-20260926-5x,jobs/99085fbe65132647489b/result.json
5to10Traces/0197.trace,OPTIMAL,,0,5,"G(->(x1,G(x0)))",OPTIMAL,,/srv/macroatlas-rq1-exact/rq1-exact-623-20260926-5x,jobs/bea12c7e49e9bb9a394c/result.json
baseTest/0001.trace,TIMEOUT,SMT_timeout,,,,TIMEOUT,SMT_timeout,/srv/macroatlas-rq1-exact/rq1-exact-623-20260926-5x,jobs/8796024d9677ae4de12a/result.json
baseTest/0002.trace,OPTIMAL,,0,5,"->(|(X(x0),x0),x1)",OPTIMAL,,/srv/macroatlas-rq1-exact/rq1-exact-623-20260926-5x,jobs/7d7862330c40d9ed18e4/result.json
baseTest/0003.trace,TIMEOUT,SMT_timeout,,,,TIMEOUT,SMT_timeout,/srv/macroatlas-rq1-exact/rq1-exact-623-20260926-5x,jobs/f1488757391174b7661b/result.json
baseTest/0004.trace,TIMEOUT,SMT_timeout,,,,TIMEOUT,SMT_timeout,/srv/macroatlas-rq1-exact/rq1-exact-623-20260926-5x,jobs/b1c4dec829d43740b115/result.json
baseTest/0005.trace,TIMEOUT,SMT_timeout,,,,TIMEOUT,SMT_timeout,/srv/macroatlas-rq1-exact/rq1-exact-623-20260926-5x,jobs/040b9fb96e2322abf986/result.json
baseTest/0006.trace,TIMEOUT,SMT_timeout,,,,TIMEOUT,SMT_timeout,/srv/macroatlas-rq1-exact/rq1-exact-623-20260926-5x,jobs/dca9f4c1fedcaf690068/result.json
baseTest/0007.trace,OPTIMAL,,0,6,"->(&(X(x0),F(x1)),x1)",OPTIMAL,,/srv/macroatlas-rq1-exact/rq1-exact-623-20260926-5x,jobs/2639781c143e0e3aee53/result.json
baseTest/0008.trace,OPTIMAL,,0,3,!(F(x0)),OPTIMAL,,/srv/macroatlas-rq1-exact/rq1-exact-623-20260926-5x,jobs/15addf1e13ff54f6619d/result.json
baseTest/0009.trace,OPTIMAL,,0,3,!(F(x0)),OPTIMAL,,/srv/macroatlas-rq1-exact/rq1-exact-623-20260926-5x,jobs/fa980bf2364f9f993cc9/result.json
baseTest/0010.trace,OPTIMAL,,0,3,G(!(x0)),OPTIMAL,,/srv/macroatlas-rq1-exact/rq1-exact-623-20260926-5x,jobs/c2a109013f73221a7343/result.json
baseTest/0011.trace,OPTIMAL,,0,3,!(F(x0)),OPTIMAL,,/srv/macroatlas-rq1-exact/rq1-exact-623-20260926-5x,jobs/4a2256a5667513ee1ef5/result.json
baseTest/0012.trace,OPTIMAL,,0,3,!(F(x0)),OPTIMAL,,/srv/macroatlas-rq1-exact/rq1-exact-623-20260926-5x,jobs/a96c951cedd7d7760540/result.json
baseTest/0013.trace,OPTIMAL,,0,3,G(!(x0)),OPTIMAL,,/srv/macroatlas-rq1-exact/rq1-exact-623-20260926-5x,jobs/06da637198b81347bc9d/result.json
baseTest/0014.trace,OPTIMAL,,0,3,!(F(x0)),OPTIMAL,,/srv/macroatlas-rq1-exact/rq1-exact-623-20260926-5x,jobs/ca31ad2857745c0d6156/result.json
baseTest/0015.trace,OPTIMAL,,0,6,"G(->(x1,G(!(x0))))",OPTIMAL,,/srv/macroatlas-rq1-exact/rq1-exact-623-20260926-5x,jobs/3a8087cc1efbeb18556e/result.json
baseTest/0016.trace,OPTIMAL,,0,6,"G(->(F(x0),!(x1)))",OPTIMAL,,/srv/macroatlas-rq1-exact/rq1-exact-623-20260926-5x,jobs/091bd9c0be43758227f3/result.json
baseTest/0017.trace,OPTIMAL,,0,6,"G(->(x1,!(F(x0))))",OPTIMAL,,/srv/macroatlas-rq1-exact/rq1-exact-623-20260926-5x,jobs/53ab76bf302a5796b097/result.json
baseTest/0018.trace,OPTIMAL,,0,6,"G(->(x1,!(F(x0))))",OPTIMAL,,/srv/macroatlas-rq1-exact/rq1-exact-623-20260926-5x,jobs/b3339b3557b7c60bacd6/result.json
baseTest/0019.trace,OPTIMAL,,0,6,"G(->(F(x0),!(x1)))",UNKNOWN,SMT_out of memory,/srv/macroatlas-rq1-exact/rq1-exact-623-20260927-oom-20g,jobs/cf9ed83597e24957fa66/result.json
baseTest/0020.trace,OPTIMAL,,0,6,"!(F(&(x1,F(x0))))",OPTIMAL,,/srv/macroatlas-rq1-exact/rq1-exact-623-20260926-5x,jobs/6b5d7d212aa304273f2b/result.json
baseTest/0021.trace,OPTIMAL,,0,6,"G(->(F(x0),!(x1)))",OPTIMAL,,/srv/macroatlas-rq1-exact/rq1-exact-623-20260926-5x,jobs/8f56f4f437fa5a33d6e1/result.json
baseTest/0022.trace,UNSAT,,,,,UNSAT,,/srv/macroatlas-rq1-exact/rq1-exact-623-20260926-5x,jobs/ab953d3396fb384b2605/result.json
baseTest/0023.trace,OPTIMAL,,0,6,"|(x1,&(x0,X(F(x0))))",OPTIMAL,,/srv/macroatlas-rq1-exact/rq1-exact-623-20260926-5x,jobs/fe5de6f7a0aa69ed1126/result.json
baseTest/0024.trace,UNSAT,,,,,UNSAT,,/srv/macroatlas-rq1-exact/rq1-exact-623-20260926-5x,jobs/e15ace6861bf745c5b87/result.json
baseTest/0025.trace,TIMEOUT,SMT_timeout,,,,TIMEOUT,SMT_timeout,/srv/macroatlas-rq1-exact/rq1-exact-623-20260926-5x,jobs/c71dbdd138294fa1f80f/result.json
baseTest/0026.trace,TIMEOUT,SMT_timeout,,,,TIMEOUT,SMT_timeout,/srv/macroatlas-rq1-exact/rq1-exact-623-20260926-5x,jobs/a574b1eb02ee1fdb3a5f/result.json
baseTest/0027.trace,UNSAT,,,,,UNSAT,,/srv/macroatlas-rq1-exact/rq1-exact-623-20260926-5x,jobs/5fdd74e7609cb97bd7f6/result.json
baseTest/0028.trace,OPTIMAL,,0,5,"|(x1,&(X(x1),x0))",OPTIMAL,,/srv/macroatlas-rq1-exact/rq1-exact-623-20260926-5x,jobs/178338609af7e2599f1f/result.json
baseTest/0029.trace,OPTIMAL,,0,2,G(x0),OPTIMAL,,/srv/macroatlas-rq1-exact/rq1-exact-623-20260926-5x,jobs/69ef41bb0efe87d8461d/result.json
baseTest/0030.trace,OPTIMAL,,0,2,G(x0),OPTIMAL,,/srv/macroatlas-rq1-exact/rq1-exact-623-20260926-5x,jobs/53c0d4f242a9cb65135a/result.json
baseTest/0031.trace,OPTIMAL,,0,2,G(x0),OPTIMAL,,/srv/macroatlas-rq1-exact/rq1-exact-623-20260926-5x,jobs/860128a1c1cabadc2212/result.json
baseTest/0032.trace,OPTIMAL,,0,2,G(x0),OPTIMAL,,/srv/macroatlas-rq1-exact/rq1-exact-623-20260926-5x,jobs/a66d02a457c9c29926ea/result.json
baseTest/0033.trace,OPTIMAL,,0,2,G(x0),OPTIMAL,,/srv/macroatlas-rq1-exact/rq1-exact-623-20260926-5x,jobs/3794e4ec1e6963e67c43/result.json
baseTest/0034.trace,OPTIMAL,,0,2,G(x0),OPTIMAL,,/srv/macroatlas-rq1-exact/rq1-exact-623-20260926-5x,jobs/3c4c3897fb399e873845/result.json
baseTest/0035.trace,OPTIMAL,,0,2,G(x0),OPTIMAL,,/srv/macroatlas-rq1-exact/rq1-exact-623-20260926-5x,jobs/8319863c580b4e100f32/result.json
baseTest/0036.trace,OPTIMAL,,0,5,"G(->(x1,G(x0)))",OPTIMAL,,/srv/macroatlas-rq1-exact/rq1-exact-623-20260926-5x,jobs/511fd03378905917d065/result.json
baseTest/0037.trace,OPTIMAL,,0,5,"->(F(x1),G(x0))",OPTIMAL,,/srv/macroatlas-rq1-exact/rq1-exact-623-20260926-5x,jobs/41202202841bb4cb9ec0/result.json
baseTest/0038.trace,OPTIMAL,,0,5,"G(->(x1,G(x0)))",OPTIMAL,,/srv/macroatlas-rq1-exact/rq1-exact-623-20260926-5x,jobs/eb4a8115576634679f73/result.json
baseTest/0039.trace,OPTIMAL,,0,5,"G(->(x1,G(x0)))",OPTIMAL,,/srv/macroatlas-rq1-exact/rq1-exact-623-20260926-5x,jobs/f16a81ad91d58c5bdcd5/result.json
baseTest/0040.trace,OPTIMAL,,0,5,"G(->(x1,G(x0)))",UNKNOWN,SMT_out of memory,/srv/macroatlas-rq1-exact/rq1-exact-623-20260927-oom-20g,jobs/0d70c12e22205f66796a/result.json
baseTest/0041.trace,OPTIMAL,,0,5,"G(->(x1,G(x0)))",OPTIMAL,,/srv/macroatlas-rq1-exact/rq1-exact-623-20260926-5x,jobs/8231932f1d2016d00f88/result.json
baseTest/0042.trace,OPTIMAL,,0,5,"G(->(x1,G(x0)))",OPTIMAL,,/srv/macroatlas-rq1-exact/rq1-exact-623-20260926-5x,jobs/6db962bef857ff2d4aa9/result.json
disjunctedExistence/0000.trace,OPTIMAL,,0,7,"|(x2,F(&(F(x1),x0)))",OPTIMAL,,/srv/macroatlas-rq1-exact/rq1-exact-623-20260926-5x,jobs/3dbb14279081bc192717/result.json
disjunctedExistence/0003.trace,TIMEOUT,SMT_timeout,,,,TIMEOUT,SMT_timeout,/srv/macroatlas-rq1-exact/rq1-exact-623-20260926-5x,jobs/7ae009d75340a5a366eb/result.json
disjunctedExistence/0006.trace,TIMEOUT,SMT_timeout,,,,TIMEOUT,SMT_timeout,/srv/macroatlas-rq1-exact/rq1-exact-623-20260926-5x,jobs/a9036e444f2ddbd01e4d/result.json
disjunctedExistence/0009.trace,TIMEOUT,SMT_timeout,,,,TIMEOUT,SMT_timeout,/srv/macroatlas-rq1-exact/rq1-exact-623-20260926-5x,jobs/3817d2078205938adf62/result.json
disjunctedExistence/0010.trace,OPTIMAL,,0,5,"F(&(x0,F(x1)))",OPTIMAL,,/srv/macroatlas-rq1-exact/rq1-exact-623-20260926-5x,jobs/c927d8f451df9ce616f8/result.json
disjunctedExistence/0012.trace,TIMEOUT,SMT_timeout,,,,TIMEOUT,SMT_timeout,/srv/macroatlas-rq1-exact/rq1-exact-623-20260926-5x,jobs/ebe4c498c82bb0200228/result.json
disjunctedExistence/0015.trace,TIMEOUT,SMT_timeout,,,,TIMEOUT,SMT_timeout,/srv/macroatlas-rq1-exact/rq1-exact-623-20260926-5x,jobs/a7269a90e48718f3ec74/result.json
disjunctedExistence/0018.trace,TIMEOUT,SMT_timeout,,,,TIMEOUT,SMT_timeout,/srv/macroatlas-rq1-exact/rq1-exact-623-20260926-5x,jobs/2581a52086dc6b8708af/result.json
disjunctedExistence/0021.trace,TIMEOUT,SMT_timeout,,,,TIMEOUT,SMT_timeout,/srv/macroatlas-rq1-exact/rq1-exact-623-20260926-5x,jobs/61849b96652f201daa91/result.json
disjunctedExistence/0030.trace,OPTIMAL,,0,4,"F(|(x2,x0))",OPTIMAL,,/srv/macroatlas-rq1-exact/rq1-exact-623-20260926-5x,jobs/e96be185828d458104a8/result.json
disjunctedExistence/0033.trace,OPTIMAL,,0,4,"|(F(x0),x2)",OPTIMAL,,/srv/macroatlas-rq1-exact/rq1-exact-623-20260926-5x,jobs/2fca850db2ef55635fc9/result.json
disjunctedExistence/0036.trace,OPTIMAL,,0,4,"|(F(x1),x3)",OPTIMAL,,/srv/macroatlas-rq1-exact/rq1-exact-623-20260926-5x,jobs/ed241738fd0229810b69/result.json
disjunctedExistence/0042.trace,OPTIMAL,,0,4,"F(|(x0,x2))",OPTIMAL,,/srv/macroatlas-rq1-exact/rq1-exact-623-20260926-5x,jobs/495809ce64d460d90984/result.json
disjunctedExistence/0045.trace,OPTIMAL,,0,4,"F(|(x1,x0))",OPTIMAL,,/srv/macroatlas-rq1-exact/rq1-exact-623-20260926-5x,jobs/efd389d5a0dd2bf94ad8/result.json
disjunctedExistence/0048.trace,TIMEOUT,SMT_timeout,,,,TIMEOUT,SMT_timeout,/srv/macroatlas-rq1-exact/rq1-exact-623-20260926-5x,jobs/a8e1e8f18a3ec6e7563b/result.json
disjunctedExistence/0049.trace,OPTIMAL,,0,5,"|(G(x0),G(x3))",OPTIMAL,,/srv/macroatlas-rq1-exact/rq1-exact-623-20260926-5x,jobs/573ab33f15e80c3e6c30/result.json
disjunctedExistence/0051.trace,TIMEOUT,SMT_timeout,,,,TIMEOUT,SMT_timeout,/srv/macroatlas-rq1-exact/rq1-exact-623-20260926-5x,jobs/bd82d722f9be4d871ac8/result.json
disjunctedExistence/0054.trace,TIMEOUT,SMT_timeout,,,,TIMEOUT,SMT_timeout,/srv/macroatlas-rq1-exact/rq1-exact-623-20260926-5x,jobs/6e6af6f9101502e48a78/result.json
disjunctedExistence/0055.trace,TIMEOUT,SMT_timeout,,,,TIMEOUT,SMT_timeout,/srv/macroatlas-rq1-exact/rq1-exact-623-20260926-5x,jobs/b5f5bfefe25ce609af09/result.json
disjunctedExistence/0057.trace,TIMEOUT,SMT_timeout,,,,TIMEOUT,SMT_timeout,/srv/macroatlas-rq1-exact/rq1-exact-623-20260926-5x,jobs/564d632676a2c8d3c020/result.json
disjunctedExistence/0058.trace,OPTIMAL,,0,2,G(x0),OPTIMAL,,/srv/macroatlas-rq1-exact/rq1-exact-623-20260926-5x,jobs/4de4e6e8fff5937a2ca4/result.json
disjunctedExistence/0060.trace,TIMEOUT,SMT_timeout,,,,TIMEOUT,SMT_timeout,/srv/macroatlas-rq1-exact/rq1-exact-623-20260926-5x,jobs/6ce3640a3f6bdc2a9ead/result.json
disjunctedExistence/0061.trace,TIMEOUT,SMT_timeout,,,,TIMEOUT,SMT_timeout,/srv/macroatlas-rq1-exact/rq1-exact-623-20260926-5x,jobs/27aa18330c6933482c04/result.json
disjunctedExistence/0063.trace,TIMEOUT,SMT_timeout,,,,TIMEOUT,SMT_timeout,/srv/macroatlas-rq1-exact/rq1-exact-623-20260926-5x,jobs/f68d03d30f8f5a3b4cf0/result.json
disjunctedExistence/0064.trace,TIMEOUT,SMT_timeout,,,,TIMEOUT,SMT_timeout,/srv/macroatlas-rq1-exact/rq1-exact-623-20260926-5x,jobs/b3255a70593f8b89bf03/result.json
disjunctedExistence/0066.trace,TIMEOUT,SMT_timeout,,,,TIMEOUT,SMT_timeout,/srv/macroatlas-rq1-exact/rq1-exact-623-20260926-5x,jobs/d60d35b900aad921c0b3/result.json
disjunctedExistence/0067.trace,OPTIMAL,,0,5,"|(G(x3),G(x0))",OPTIMAL,,/srv/macroatlas-rq1-exact/rq1-exact-623-20260926-5x,jobs/169677c4678b9eb857b4/result.json
disjunctedExistence/0069.trace,TIMEOUT,SMT_timeout,,,,TIMEOUT,SMT_timeout,/srv/macroatlas-rq1-exact/rq1-exact-623-20260926-5x,jobs/d8c299fa4defe07f41bc/result.json
disjunctedExistence/0070.trace,TIMEOUT,SMT_timeout,,,,TIMEOUT,SMT_timeout,/srv/macroatlas-rq1-exact/rq1-exact-623-20260926-5x,jobs/eb6384aca7bb71503784/result.json
equal/0001.trace,TIMEOUT,SMT_timeout,,,,TIMEOUT,SMT_timeout,/srv/macroatlas-rq1-exact/rq1-exact-623-20260926-5x,jobs/03458c2a64614f2f246d/result.json
equal/0002.trace,TIMEOUT,SMT_timeout,,,,TIMEOUT,SMT_timeout,/srv/macroatlas-rq1-exact/rq1-exact-623-20260926-5x,jobs/f7c7eb3495a4fd4e9ac2/result.json
equal/0003.trace,TIMEOUT,SMT_timeout,,,,TIMEOUT,SMT_timeout,/srv/macroatlas-rq1-exact/rq1-exact-623-20260926-5x,jobs/47165ee0bff2704724a0/result.json
equal/0004.trace,TIMEOUT,SMT_timeout,,,,TIMEOUT,SMT_timeout,/srv/macroatlas-rq1-exact/rq1-exact-623-20260926-5x,jobs/e46a5f755c6ef207c866/result.json
equal/0005.trace,TIMEOUT,SMT_timeout,,,,TIMEOUT,SMT_timeout,/srv/macroatlas-rq1-exact/rq1-exact-623-20260926-5x,jobs/13353d855b8144270cd9/result.json
equal/0006.trace,TIMEOUT,SMT_timeout,,,,TIMEOUT,SMT_timeout,/srv/macroatlas-rq1-exact/rq1-exact-623-20260926-5x,jobs/d37ea97cd95b97aee11c/result.json
equal/0007.trace,OPTIMAL,,0,5,"|(x1,&(X(x1),x2))",OPTIMAL,,/srv/macroatlas-rq1-exact/rq1-exact-623-20260926-5x,jobs/8d3be8dd445a1eb201b4/result.json
equal/0008.trace,OPTIMAL,,0,3,!(F(x0)),OPTIMAL,,/srv/macroatlas-rq1-exact/rq1-exact-623-20260926-5x,jobs/7e30d680f55a7459c961/result.json
equal/0009.trace,OPTIMAL,,0,3,!(F(x0)),OPTIMAL,,/srv/macroatlas-rq1-exact/rq1-exact-623-20260926-5x,jobs/50e9feb9503c2776b52d/result.json
equal/0010.trace,OPTIMAL,,0,3,G(!(x0)),OPTIMAL,,/srv/macroatlas-rq1-exact/rq1-exact-623-20260926-5x,jobs/636a77cae076759265e0/result.json
equal/0011.trace,OPTIMAL,,0,3,G(!(x0)),OPTIMAL,,/srv/macroatlas-rq1-exact/rq1-exact-623-20260926-5x,jobs/b5fd41110e5b258136bf/result.json
equal/0012.trace,OPTIMAL,,0,3,G(!(x0)),OPTIMAL,,/srv/macroatlas-rq1-exact/rq1-exact-623-20260926-5x,jobs/0e912515376ee375cad0/result.json
equal/0013.trace,OPTIMAL,,0,3,G(!(x0)),OPTIMAL,,/srv/macroatlas-rq1-exact/rq1-exact-623-20260926-5x,jobs/30384ce1d28f59f79cf8/result.json
equal/0014.trace,OPTIMAL,,0,3,G(!(x0)),OPTIMAL,,/srv/macroatlas-rq1-exact/rq1-exact-623-20260926-5x,jobs/abfbead8106728f8138c/result.json
equal/0015.trace,OPTIMAL,,0,6,"G(->(x1,!(F(x0))))",OPTIMAL,,/srv/macroatlas-rq1-exact/rq1-exact-623-20260926-5x,jobs/122086d65fc999b2c78a/result.json
equal/0016.trace,OPTIMAL,,0,5,"G(->(x0,!(x1)))",OPTIMAL,,/srv/macroatlas-rq1-exact/rq1-exact-623-20260926-5x,jobs/db6be6019823b8b1b9a7/result.json
equal/0017.trace,OPTIMAL,,0,6,"G(->(x1,!(F(x0))))",OPTIMAL,,/srv/macroatlas-rq1-exact/rq1-exact-623-20260926-5x,jobs/12ac4e2d4a1f44bce2fa/result.json
equal/0018.trace,OPTIMAL,,0,6,"G(->(x1,G(!(x0))))",OPTIMAL,,/srv/macroatlas-rq1-exact/rq1-exact-623-20260926-5x,jobs/05a3f055c141c640b553/result.json
equal/0019.trace,OPTIMAL,,0,6,"G(->(x1,!(F(x0))))",OPTIMAL,,/srv/macroatlas-rq1-exact/rq1-exact-623-20260926-5x,jobs/30c227d02fb7ea2fb04a/result.json
equal/0020.trace,OPTIMAL,,0,6,"G(->(x1,G(!(x0))))",OPTIMAL,,/srv/macroatlas-rq1-exact/rq1-exact-623-20260926-5x,jobs/da1e1c27dc3eeabe5b81/result.json
equal/0021.trace,OPTIMAL,,0,5,"!(F(&(x1,x0)))",OPTIMAL,,/srv/macroatlas-rq1-exact/rq1-exact-623-20260926-5x,jobs/6282a07dbfc51d7fda5c/result.json
equal/0022.trace,UNSAT,,,,,UNSAT,,/srv/macroatlas-rq1-exact/rq1-exact-623-20260926-5x,jobs/c4d183c3a6c7d3d5615d/result.json
equal/0023.trace,OPTIMAL,,0,5,"|(x1,&(x0,X(x0)))",OPTIMAL,,/srv/macroatlas-rq1-exact/rq1-exact-623-20260926-5x,jobs/211af39d25eacebe4cc3/result.json
equal/0024.trace,UNSAT,,,,,UNSAT,,/srv/macroatlas-rq1-exact/rq1-exact-623-20260926-5x,jobs/31cd1aa4b62e6afb9a73/result.json
equal/0025.trace,UNSAT,,,,,UNSAT,,/srv/macroatlas-rq1-exact/rq1-exact-623-20260926-5x,jobs/42e8757cedd11f4eebc3/result.json
equal/0026.trace,TIMEOUT,SMT_timeout,,,,TIMEOUT,SMT_timeout,/srv/macroatlas-rq1-exact/rq1-exact-623-20260926-5x,jobs/56b5ff6534122a34437f/result.json
equal/0027.trace,UNSAT,,,,,UNSAT,,/srv/macroatlas-rq1-exact/rq1-exact-623-20260926-5x,jobs/480202dabe604e43340d/result.json
equal/0028.trace,OPTIMAL,,0,3,"|(x0,x1)",OPTIMAL,,/srv/macroatlas-rq1-exact/rq1-exact-623-20260926-5x,jobs/8493bbb1776742b31cb5/result.json
equal/0029.trace,OPTIMAL,,0,2,G(x0),OPTIMAL,,/srv/macroatlas-rq1-exact/rq1-exact-623-20260926-5x,jobs/f3b0418662513d949d6b/result.json
equal/0030.trace,OPTIMAL,,0,2,G(x0),OPTIMAL,,/srv/macroatlas-rq1-exact/rq1-exact-623-20260926-5x,jobs/aec1283d04931703bc27/result.json
equal/0031.trace,OPTIMAL,,0,2,G(x0),OPTIMAL,,/srv/macroatlas-rq1-exact/rq1-exact-623-20260926-5x,jobs/5f4a08ff655599d1bab1/result.json
equal/0032.trace,OPTIMAL,,0,2,G(x0),OPTIMAL,,/srv/macroatlas-rq1-exact/rq1-exact-623-20260926-5x,jobs/391a98a73bcabb6fa637/result.json
equal/0033.trace,OPTIMAL,,0,2,G(x0),OPTIMAL,,/srv/macroatlas-rq1-exact/rq1-exact-623-20260926-5x,jobs/5f8123db29b13c940d0b/result.json
equal/0034.trace,OPTIMAL,,0,2,G(x0),OPTIMAL,,/srv/macroatlas-rq1-exact/rq1-exact-623-20260926-5x,jobs/5a3f10028f1866e865e8/result.json
equal/0035.trace,OPTIMAL,,0,2,G(x0),OPTIMAL,,/srv/macroatlas-rq1-exact/rq1-exact-623-20260926-5x,jobs/35d5b1bb91c2e0260ecc/result.json
equal/0036.trace,OPTIMAL,,0,5,"G(->(x1,G(x0)))",OPTIMAL,,/srv/macroatlas-rq1-exact/rq1-exact-623-20260926-5x,jobs/44dc35c36c11c6abf3ba/result.json
equal/0037.trace,OPTIMAL,,0,5,"G(->(x1,G(x0)))",OPTIMAL,,/srv/macroatlas-rq1-exact/rq1-exact-623-20260926-5x,jobs/ceff3dc012a971096af6/result.json
equal/0038.trace,OPTIMAL,,0,5,"G(->(x1,G(x0)))",OPTIMAL,,/srv/macroatlas-rq1-exact/rq1-exact-623-20260926-5x,jobs/fa2af2beac67a8d6d3e9/result.json
equal/0039.trace,OPTIMAL,,0,5,"G(->(x1,G(x0)))",OPTIMAL,,/srv/macroatlas-rq1-exact/rq1-exact-623-20260926-5x,jobs/add597a6cf2a84637bd7/result.json
equal/0040.trace,OPTIMAL,,0,5,"G(->(x1,G(x0)))",OPTIMAL,,/srv/macroatlas-rq1-exact/rq1-exact-623-20260926-5x,jobs/4731f0fe07c5b760039a/result.json
equal/0041.trace,OPTIMAL,,0,5,"G(->(x1,G(x0)))",OPTIMAL,,/srv/macroatlas-rq1-exact/rq1-exact-623-20260926-5x,jobs/283e8d07dc600069b338/result.json
equal/0042.trace,OPTIMAL,,0,4,"G(->(x1,x0))",OPTIMAL,,/srv/macroatlas-rq1-exact/rq1-exact-623-20260926-5x,jobs/3fad60be09aaa2f7a135/result.json
increasingNumVariables/0000.trace,OPTIMAL,,0,5,"G(->(x1,G(x0)))",OPTIMAL,,/srv/macroatlas-rq1-exact/rq1-exact-623-20260926-5x,jobs/5896dadc8077cba9a0d2/result.json
increasingNumVariables/0001.trace,OPTIMAL,,0,5,"G(->(x1,G(x0)))",OPTIMAL,,/srv/macroatlas-rq1-exact/rq1-exact-623-20260926-5x,jobs/6aba1b3216f7e5ef39f5/result.json
increasingNumVariables/0002.trace,OPTIMAL,,0,5,"G(->(x1,G(x0)))",OPTIMAL,,/srv/macroatlas-rq1-exact/rq1-exact-623-20260926-5x,jobs/ef8c17c5c57b86efe329/result.json
increasingNumVariables/0003.trace,OPTIMAL,,0,5,"G(->(x1,G(x0)))",OPTIMAL,,/srv/macroatlas-rq1-exact/rq1-exact-623-20260926-5x,jobs/636a80a58c2e6c31188b/result.json
increasingNumVariables/0004.trace,OPTIMAL,,0,5,"G(->(x1,G(x0)))",OPTIMAL,,/srv/macroatlas-rq1-exact/rq1-exact-623-20260926-5x,jobs/bcffad2de85368372813/result.json
increasingNumVariables/0005.trace,OPTIMAL,,0,5,"G(->(x1,G(x0)))",OPTIMAL,,/srv/macroatlas-rq1-exact/rq1-exact-623-20260926-5x,jobs/d6a98febd624daeb5edc/result.json
increasingNumVariables/0006.trace,OPTIMAL,,0,5,"G(->(x1,G(x0)))",OPTIMAL,,/srv/macroatlas-rq1-exact/rq1-exact-623-20260926-5x,jobs/52d19a4df2d823bdd995/result.json
increasingNumVariables/0007.trace,OPTIMAL,,0,5,"G(->(x1,G(x0)))",OPTIMAL,,/srv/macroatlas-rq1-exact/rq1-exact-623-20260926-5x,jobs/b0fc01672c508978db12/result.json
increasingNumVariables/0008.trace,OPTIMAL,,0,7,"G(->(&(x2,x1),G(x0)))",OPTIMAL,,/srv/macroatlas-rq1-exact/rq1-exact-623-20260926-5x,jobs/0082993d989909e8588d/result.json
increasingNumVariables/0009.trace,OPTIMAL,,0,7,"G(->(x1,->(x2,G(x0))))",OPTIMAL,,/srv/macroatlas-rq1-exact/rq1-exact-623-20260926-5x,jobs/e92caf9318c85add2f42/result.json
increasingNumVariables/0010.trace,OPTIMAL,,0,7,"G(->(x1,->(x2,G(x0))))",OPTIMAL,,/srv/macroatlas-rq1-exact/rq1-exact-623-20260926-5x,jobs/01f1e8c947ddcf55767b/result.json
increasingNumVariables/0011.trace,OPTIMAL,,0,7,"G(->(x1,->(x2,G(x0))))",OPTIMAL,,/srv/macroatlas-rq1-exact/rq1-exact-623-20260926-5x,jobs/67313600d5f11108def0/result.json
increasingNumVariables/0012.trace,OPTIMAL,,0,7,"G(->(&(x2,x1),G(x0)))",OPTIMAL,,/srv/macroatlas-rq1-exact/rq1-exact-623-20260926-5x,jobs/c8094bba09cd2abab475/result.json
increasingNumVariables/0013.trace,OPTIMAL,,0,7,"G(->(x1,->(x2,G(x0))))",OPTIMAL,,/srv/macroatlas-rq1-exact/rq1-exact-623-20260926-5x,jobs/9d33f57ad962dbf252ff/result.json
increasingNumVariables/0014.trace,OPTIMAL,,0,7,"G(->(&(x1,x2),G(x0)))",OPTIMAL,,/srv/macroatlas-rq1-exact/rq1-exact-623-20260926-5x,jobs/2d3d37dd7fbb2fe6d21e/result.json
increasingNumVariables/0015.trace,OPTIMAL,,0,7,"G(->(x2,->(x1,G(x0))))",OPTIMAL,,/srv/macroatlas-rq1-exact/rq1-exact-623-20260926-5x,jobs/e5f3e7ad63f77c0ff084/result.json
increasingNumVariables/0016.trace,OPTIMAL,,0,7,"!(F(&(x3,&(x2,x1))))",OPTIMAL,,/srv/macroatlas-rq1-exact/rq1-exact-623-20260926-5x,jobs/8b76a491dbe9958edf48/result.json
increasingNumVariables/0017.trace,TIMEOUT,SMT_timeout,,,,TIMEOUT,SMT_timeout,/srv/macroatlas-rq1-exact/rq1-exact-623-20260926-5x,jobs/fe2f228675639aee1b90/result.json
increasingNumVariables/0018.trace,TIMEOUT,SMT_timeout,,,,TIMEOUT,SMT_timeout,/srv/macroatlas-rq1-exact/rq1-exact-623-20260926-5x,jobs/ee1dbbc04bc6f0651127/result.json
increasingNumVariables/0019.trace,TIMEOUT,SMT_timeout,,,,TIMEOUT,SMT_timeout,/srv/macroatlas-rq1-exact/rq1-exact-623-20260926-5x,jobs/59b31b26676c47f2fe79/result.json
increasingNumVariables/0020.trace,TIMEOUT,SMT_timeout,,,,TIMEOUT,SMT_timeout,/srv/macroatlas-rq1-exact/rq1-exact-623-20260926-5x,jobs/764497a2fb6d824504fa/result.json
increasingNumVariables/0021.trace,TIMEOUT,SMT_timeout,,,,TIMEOUT,SMT_timeout,/srv/macroatlas-rq1-exact/rq1-exact-623-20260926-5x,jobs/621a87dd84376a016abb/result.json
increasingNumVariables/0022.trace,TIMEOUT,SMT_timeout,,,,TIMEOUT,SMT_timeout,/srv/macroatlas-rq1-exact/rq1-exact-623-20260926-5x,jobs/17e40c2e0869a1a15116/result.json
increasingNumVariables/0023.trace,TIMEOUT,SMT_timeout,,,,TIMEOUT,SMT_timeout,/srv/macroatlas-rq1-exact/rq1-exact-623-20260926-5x,jobs/1ba5d4903ec780fc280b/result.json
increasingNumVariables/0024.trace,TIMEOUT,SMT_timeout,,,,TIMEOUT,SMT_timeout,/srv/macroatlas-rq1-exact/rq1-exact-623-20260926-5x,jobs/9f9377e39b9d74f005d1/result.json
increasingNumVariables/0025.trace,TIMEOUT,SMT_timeout,,,,TIMEOUT,SMT_timeout,/srv/macroatlas-rq1-exact/rq1-exact-623-20260926-5x,jobs/62d5bbe26f6abfb6cbfc/result.json
increasingNumVariables/0026.trace,TIMEOUT,SMT_timeout,,,,TIMEOUT,SMT_timeout,/srv/macroatlas-rq1-exact/rq1-exact-623-20260926-5x,jobs/1363b1896c3263928b3b/result.json
increasingNumVariables/0027.trace,TIMEOUT,SMT_timeout,,,,TIMEOUT,SMT_timeout,/srv/macroatlas-rq1-exact/rq1-exact-623-20260926-5x,jobs/ba026efecbda84894bb4/result.json
increasingNumVariables/0028.trace,TIMEOUT,SMT_timeout,,,,TIMEOUT,SMT_timeout,/srv/macroatlas-rq1-exact/rq1-exact-623-20260926-5x,jobs/8bcddab97136a801a319/result.json
increasingNumVariables/0029.trace,TIMEOUT,SMT_timeout,,,,TIMEOUT,SMT_timeout,/srv/macroatlas-rq1-exact/rq1-exact-623-20260926-5x,jobs/0d12b271ddcde03353eb/result.json
increasingNumVariables/0030.trace,TIMEOUT,SMT_timeout,,,,TIMEOUT,SMT_timeout,/srv/macroatlas-rq1-exact/rq1-exact-623-20260926-5x,jobs/7b07e289b414ec8ea285/result.json
increasingNumVariables/0031.trace,TIMEOUT,SMT_timeout,,,,TIMEOUT,SMT_timeout,/srv/macroatlas-rq1-exact/rq1-exact-623-20260926-5x,jobs/3af3d5d9697d286789a6/result.json
increasingNumVariables/0032.trace,TIMEOUT,SMT_timeout,,,,TIMEOUT,SMT_timeout,/srv/macroatlas-rq1-exact/rq1-exact-623-20260926-5x,jobs/d20c54976a01453362b9/result.json
increasingNumVariables/0033.trace,TIMEOUT,SMT_timeout,,,,TIMEOUT,SMT_timeout,/srv/macroatlas-rq1-exact/rq1-exact-623-20260926-5x,jobs/a6292bb8fc17bcbcedf7/result.json
increasingNumVariables/0034.trace,TIMEOUT,SMT_timeout,,,,TIMEOUT,SMT_timeout,/srv/macroatlas-rq1-exact/rq1-exact-623-20260926-5x,jobs/e630a8ac8154589e692b/result.json
increasingNumVariables/0035.trace,TIMEOUT,SMT_timeout,,,,TIMEOUT,SMT_timeout,/srv/macroatlas-rq1-exact/rq1-exact-623-20260926-5x,jobs/1190f115131247a7bb7c/result.json
increasingNumVariables/0036.trace,TIMEOUT,SMT_timeout,,,,TIMEOUT,SMT_timeout,/srv/macroatlas-rq1-exact/rq1-exact-623-20260926-5x,jobs/930f9ca7fca84a567f96/result.json
increasingNumVariables/0037.trace,TIMEOUT,SMT_timeout,,,,TIMEOUT,SMT_timeout,/srv/macroatlas-rq1-exact/rq1-exact-623-20260926-5x,jobs/3c2e0fd80cb1af60e50e/result.json
increasingNumVariables/0038.trace,TIMEOUT,SMT_timeout,,,,TIMEOUT,SMT_timeout,/srv/macroatlas-rq1-exact/rq1-exact-623-20260926-5x,jobs/46dd6c3c6fba7baab5e7/result.json
increasingNumVariables/0039.trace,TIMEOUT,SMT_timeout,,,,TIMEOUT,SMT_timeout,/srv/macroatlas-rq1-exact/rq1-exact-623-20260926-5x,jobs/40155888108d5dd9689e/result.json
increasingNumVariables/0040.trace,TIMEOUT,SMT_timeout,,,,TIMEOUT,SMT_timeout,/srv/macroatlas-rq1-exact/rq1-exact-623-20260926-5x,jobs/94e91d48897b1b371d6e/result.json
increasingNumVariables/0041.trace,TIMEOUT,SMT_timeout,,,,TIMEOUT,SMT_timeout,/srv/macroatlas-rq1-exact/rq1-exact-623-20260926-5x,jobs/d945850f52a268bc40b5/result.json
increasingNumVariables/0042.trace,TIMEOUT,SMT_timeout,,,,TIMEOUT,SMT_timeout,/srv/macroatlas-rq1-exact/rq1-exact-623-20260926-5x,jobs/ff220d694b012508e4c4/result.json
increasingNumVariables/0043.trace,TIMEOUT,SMT_timeout,,,,TIMEOUT,SMT_timeout,/srv/macroatlas-rq1-exact/rq1-exact-623-20260926-5x,jobs/ab1fa8adb1d4937d2e78/result.json
increasingNumVariables/0044.trace,TIMEOUT,SMT_timeout,,,,TIMEOUT,SMT_timeout,/srv/macroatlas-rq1-exact/rq1-exact-623-20260926-5x,jobs/5691c25a7be1ee4099df/result.json
increasingNumVariables/0045.trace,TIMEOUT,SMT_timeout,,,,TIMEOUT,SMT_timeout,/srv/macroatlas-rq1-exact/rq1-exact-623-20260926-5x,jobs/00c506d5c65df9149f8f/result.json
increasingNumVariables/0046.trace,TIMEOUT,SMT_timeout,,,,TIMEOUT,SMT_timeout,/srv/macroatlas-rq1-exact/rq1-exact-623-20260926-5x,jobs/b96dbb6dc3e4d021d34c/result.json
increasingNumVariables/0047.trace,TIMEOUT,SMT_timeout,,,,TIMEOUT,SMT_timeout,/srv/macroatlas-rq1-exact/rq1-exact-623-20260926-5x,jobs/6fbac21be3130b9a0018/result.json
increasingNumVariables/0048.trace,TIMEOUT,SMT_timeout,,,,TIMEOUT,SMT_timeout,/srv/macroatlas-rq1-exact/rq1-exact-623-20260926-5x,jobs/da1caf66f0b1fabdacbc/result.json
increasingNumVariables/0049.trace,TIMEOUT,SMT_timeout,,,,TIMEOUT,SMT_timeout,/srv/macroatlas-rq1-exact/rq1-exact-623-20260926-5x,jobs/4436b1af4cf5e7366412/result.json
increasingNumVariables/0050.trace,TIMEOUT,SMT_timeout,,,,TIMEOUT,SMT_timeout,/srv/macroatlas-rq1-exact/rq1-exact-623-20260926-5x,jobs/ef809c43b07d94c7df02/result.json
increasingNumVariables/0051.trace,TIMEOUT,SMT_timeout,,,,TIMEOUT,SMT_timeout,/srv/macroatlas-rq1-exact/rq1-exact-623-20260926-5x,jobs/66918c75e5f3e7570e85/result.json
increasingNumVariables/0052.trace,TIMEOUT,SMT_timeout,,,,TIMEOUT,SMT_timeout,/srv/macroatlas-rq1-exact/rq1-exact-623-20260926-5x,jobs/af2fc924a79816aa4530/result.json
increasingNumVariables/0053.trace,TIMEOUT,SMT_timeout,,,,TIMEOUT,SMT_timeout,/srv/macroatlas-rq1-exact/rq1-exact-623-20260926-5x,jobs/81da28060b04a2a59a19/result.json
increasingNumVariables/0054.trace,TIMEOUT,SMT_timeout,,,,TIMEOUT,SMT_timeout,/srv/macroatlas-rq1-exact/rq1-exact-623-20260926-5x,jobs/0d98e2af129900595cc6/result.json
increasingNumVariables/0055.trace,TIMEOUT,SMT_timeout,,,,TIMEOUT,SMT_timeout,/srv/macroatlas-rq1-exact/rq1-exact-623-20260926-5x,jobs/02ab94ed395b3814f1d5/result.json
moreDetailedTest/0001.trace,TIMEOUT,SMT_timeout,,,,TIMEOUT,SMT_timeout,/srv/macroatlas-rq1-exact/rq1-exact-623-20260926-5x,jobs/9113779f08d78d970274/result.json
moreDetailedTest/0002.trace,TIMEOUT,SMT_timeout,,,,TIMEOUT,SMT_timeout,/srv/macroatlas-rq1-exact/rq1-exact-623-20260926-5x,jobs/c6152dddaafc013c98f8/result.json
moreDetailedTest/0003.trace,TIMEOUT,SMT_timeout,,,,TIMEOUT,SMT_timeout,/srv/macroatlas-rq1-exact/rq1-exact-623-20260926-5x,jobs/ec0a8b536e75f06ea5c9/result.json
moreDetailedTest/0004.trace,TIMEOUT,SMT_timeout,,,,TIMEOUT,SMT_timeout,/srv/macroatlas-rq1-exact/rq1-exact-623-20260926-5x,jobs/2f57ce79dc18adeb9f59/result.json
moreDetailedTest/0005.trace,TIMEOUT,SMT_timeout,,,,TIMEOUT,SMT_timeout,/srv/macroatlas-rq1-exact/rq1-exact-623-20260926-5x,jobs/bc95b96377bc16546c5d/result.json
moreDetailedTest/0006.trace,TIMEOUT,SMT_timeout,,,,TIMEOUT,SMT_timeout,/srv/macroatlas-rq1-exact/rq1-exact-623-20260926-5x,jobs/9bb4071d621c2001ce96/result.json
moreDetailedTest/0007.trace,TIMEOUT,SMT_timeout,,,,TIMEOUT,SMT_timeout,/srv/macroatlas-rq1-exact/rq1-exact-623-20260926-5x,jobs/4d07cb81a9f83c38f78f/result.json
moreDetailedTest/0008.trace,TIMEOUT,SMT_timeout,,,,TIMEOUT,SMT_timeout,/srv/macroatlas-rq1-exact/rq1-exact-623-20260926-5x,jobs/c0e59cdbea5060266e33/result.json
moreDetailedTest/0009.trace,TIMEOUT,SMT_timeout,,,,TIMEOUT,SMT_timeout,/srv/macroatlas-rq1-exact/rq1-exact-623-20260926-5x,jobs/ad3e1859ed6e562ae92a/result.json
moreDetailedTest/0010.trace,TIMEOUT,SMT_timeout,,,,TIMEOUT,SMT_timeout,/srv/macroatlas-rq1-exact/rq1-exact-623-20260926-5x,jobs/bea2ffbda637f43cfd23/result.json
moreDetailedTest/0011.trace,TIMEOUT,SMT_timeout,,,,TIMEOUT,SMT_timeout,/srv/macroatlas-rq1-exact/rq1-exact-623-20260926-5x,jobs/ea03148b307915270f1f/result.json
moreDetailedTest/0012.trace,TIMEOUT,SMT_timeout,,,,TIMEOUT,SMT_timeout,/srv/macroatlas-rq1-exact/rq1-exact-623-20260926-5x,jobs/1a0175785b656aa6a1fe/result.json
moreDetailedTest/0013.trace,OPTIMAL,,0,4,"->(G(F(x1)),x1)",OPTIMAL,,/srv/macroatlas-rq1-exact/rq1-exact-623-20260926-5x,jobs/c1f248f6fd129f79365d/result.json
moreDetailedTest/0014.trace,TIMEOUT,SMT_timeout,,,,TIMEOUT,SMT_timeout,/srv/macroatlas-rq1-exact/rq1-exact-623-20260926-5x,jobs/a68a8593243d1de1e50b/result.json
moreDetailedTest/0015.trace,OPTIMAL,,0,3,!(F(x0)),OPTIMAL,,/srv/macroatlas-rq1-exact/rq1-exact-623-20260926-5x,jobs/ad0f2fd062512df5acd8/result.json
moreDetailedTest/0016.trace,OPTIMAL,,0,3,!(F(x0)),OPTIMAL,,/srv/macroatlas-rq1-exact/rq1-exact-623-20260926-5x,jobs/343d90b19e62095b2e97/result.json
moreDetailedTest/0017.trace,OPTIMAL,,0,3,!(F(x0)),OPTIMAL,,/srv/macroatlas-rq1-exact/rq1-exact-623-20260926-5x,jobs/8ed27035df40a6c24f00/result.json
moreDetailedTest/0018.trace,OPTIMAL,,0,3,G(!(x0)),OPTIMAL,,/srv/macroatlas-rq1-exact/rq1-exact-623-20260926-5x,jobs/e1be32f37e6eadbd6303/result.json
moreDetailedTest/0019.trace,OPTIMAL,,0,3,!(F(x0)),OPTIMAL,,/srv/macroatlas-rq1-exact/rq1-exact-623-20260926-5x,jobs/04cd2d4d3bd5313c31e1/result.json
moreDetailedTest/0020.trace,OPTIMAL,,0,3,!(F(x0)),OPTIMAL,,/srv/macroatlas-rq1-exact/rq1-exact-623-20260926-5x,jobs/869702f5eff39033c002/result.json
moreDetailedTest/0021.trace,OPTIMAL,,0,3,!(F(x0)),OPTIMAL,,/srv/macroatlas-rq1-exact/rq1-exact-623-20260926-5x,jobs/ba69fc2aac53b337f017/result.json
moreDetailedTest/0022.trace,OPTIMAL,,0,3,!(F(x0)),OPTIMAL,,/srv/macroatlas-rq1-exact/rq1-exact-623-20260926-5x,jobs/910985afa92558794194/result.json
moreDetailedTest/0023.trace,OPTIMAL,,0,3,G(!(x0)),OPTIMAL,,/srv/macroatlas-rq1-exact/rq1-exact-623-20260926-5x,jobs/7d390971f886c1372a73/result.json
moreDetailedTest/0024.trace,OPTIMAL,,0,3,!(F(x0)),OPTIMAL,,/srv/macroatlas-rq1-exact/rq1-exact-623-20260926-5x,jobs/659a7bae2eb5130faae7/result.json
moreDetailedTest/0025.trace,OPTIMAL,,0,3,!(F(x0)),OPTIMAL,,/srv/macroatlas-rq1-exact/rq1-exact-623-20260926-5x,jobs/e6165384a567f58494c2/result.json
moreDetailedTest/0026.trace,OPTIMAL,,0,3,!(F(x0)),OPTIMAL,,/srv/macroatlas-rq1-exact/rq1-exact-623-20260926-5x,jobs/d178bffac9e08a40b2a3/result.json
moreDetailedTest/0027.trace,OPTIMAL,,0,3,!(F(x0)),OPTIMAL,,/srv/macroatlas-rq1-exact/rq1-exact-623-20260926-5x,jobs/1014deeb6087e9737f04/result.json
moreDetailedTest/0028.trace,OPTIMAL,,0,3,!(F(x0)),OPTIMAL,,/srv/macroatlas-rq1-exact/rq1-exact-623-20260926-5x,jobs/cbde687230edc800cf91/result.json
moreDetailedTest/0029.trace,OPTIMAL,,0,6,"!(F(&(x1,F(x0))))",OPTIMAL,,/srv/macroatlas-rq1-exact/rq1-exact-623-20260926-5x,jobs/9331454c33a3bdf68194/result.json
moreDetailedTest/0030.trace,OPTIMAL,,0,6,"G(->(X(x0),!(x1)))",OPTIMAL,,/srv/macroatlas-rq1-exact/rq1-exact-623-20260926-5x,jobs/b1a8e88fb4a16f6eea14/result.json
moreDetailedTest/0031.trace,OPTIMAL,,0,6,"G(->(x1,G(!(x0))))",OPTIMAL,,/srv/macroatlas-rq1-exact/rq1-exact-623-20260926-5x,jobs/c7863ea54c066b064345/result.json
moreDetailedTest/0032.trace,OPTIMAL,,0,6,"G(!(&(F(x0),x1)))",OPTIMAL,,/srv/macroatlas-rq1-exact/rq1-exact-623-20260926-5x,jobs/afbc41abeaafc980e19d/result.json
moreDetailedTest/0033.trace,OPTIMAL,,0,6,"G(!(&(x1,F(x0))))",OPTIMAL,,/srv/macroatlas-rq1-exact/rq1-exact-623-20260926-5x,jobs/264ec564c3316c0bb0f4/result.json
moreDetailedTest/0034.trace,OPTIMAL,,0,6,"G(!(&(x1,F(x0))))",OPTIMAL,,/srv/macroatlas-rq1-exact/rq1-exact-623-20260926-5x,jobs/9b1869d9c99aa11d6a5a/result.json
moreDetailedTest/0035.trace,OPTIMAL,,0,6,"G(->(x1,G(!(x0))))",OPTIMAL,,/srv/macroatlas-rq1-exact/rq1-exact-623-20260926-5x,jobs/b69ff8a3d8b62c1cb419/result.json
moreDetailedTest/0036.trace,OPTIMAL,,0,6,"G(!(&(F(x0),x1)))",OPTIMAL,,/srv/macroatlas-rq1-exact/rq1-exact-623-20260926-5x,jobs/75c6a5a4098ac3c025f4/result.json
moreDetailedTest/0037.trace,OPTIMAL,,0,6,"G(->(x1,G(!(x0))))",OPTIMAL,,/srv/macroatlas-rq1-exact/rq1-exact-623-20260926-5x,jobs/cce3912ea88c2a1dc20a/result.json
moreDetailedTest/0038.trace,OPTIMAL,,0,6,"G(!(&(x1,F(x0))))",OPTIMAL,,/srv/macroatlas-rq1-exact/rq1-exact-623-20260926-5x,jobs/c158e33058cc9193998b/result.json
moreDetailedTest/0039.trace,OPTIMAL,,0,6,"G(!(&(x1,F(x0))))",OPTIMAL,,/srv/macroatlas-rq1-exact/rq1-exact-623-20260926-5x,jobs/3a0c91c628f464247fcc/result.json
moreDetailedTest/0040.trace,OPTIMAL,,0,6,"G(!(&(F(x0),x1)))",OPTIMAL,,/srv/macroatlas-rq1-exact/rq1-exact-623-20260926-5x,jobs/a86434fd5f31771b9bf8/result.json
moreDetailedTest/0041.trace,OPTIMAL,,0,6,"!(F(&(F(x0),x1)))",OPTIMAL,,/srv/macroatlas-rq1-exact/rq1-exact-623-20260926-5x,jobs/ad7f846726a675e5d82c/result.json
moreDetailedTest/0042.trace,OPTIMAL,,0,6,"G(->(x1,G(!(x0))))",OPTIMAL,,/srv/macroatlas-rq1-exact/rq1-exact-623-20260926-5x,jobs/98d71d42b134dd9cfdd1/result.json
moreDetailedTest/0043.trace,OPTIMAL,,0,2,F(x0),OPTIMAL,,/srv/macroatlas-rq1-exact/rq1-exact-623-20260926-5x,jobs/912eaf548b5996e4df12/result.json
moreDetailedTest/0044.trace,OPTIMAL,,0,2,F(x0),OPTIMAL,,/srv/macroatlas-rq1-exact/rq1-exact-623-20260926-5x,jobs/04b9344a241d6b3da748/result.json
moreDetailedTest/0045.trace,OPTIMAL,,0,2,F(x0),OPTIMAL,,/srv/macroatlas-rq1-exact/rq1-exact-623-20260926-5x,jobs/a5f7e4d89ccdaacc1cf8/result.json
moreDetailedTest/0046.trace,OPTIMAL,,0,2,F(x0),OPTIMAL,,/srv/macroatlas-rq1-exact/rq1-exact-623-20260926-5x,jobs/057a8b316b0d9183539b/result.json
moreDetailedTest/0047.trace,OPTIMAL,,0,2,F(x0),OPTIMAL,,/srv/macroatlas-rq1-exact/rq1-exact-623-20260926-5x,jobs/35e9c7103f9db92fd595/result.json
moreDetailedTest/0048.trace,OPTIMAL,,0,2,F(x0),OPTIMAL,,/srv/macroatlas-rq1-exact/rq1-exact-623-20260926-5x,jobs/869b7c00e245ae22864c/result.json
moreDetailedTest/0049.trace,OPTIMAL,,0,2,F(x0),OPTIMAL,,/srv/macroatlas-rq1-exact/rq1-exact-623-20260926-5x,jobs/59cfae47338aca3fa9e3/result.json
moreDetailedTest/0050.trace,OPTIMAL,,0,2,F(x0),OPTIMAL,,/srv/macroatlas-rq1-exact/rq1-exact-623-20260926-5x,jobs/467dc0d33d0f389f8e38/result.json
moreDetailedTest/0051.trace,OPTIMAL,,0,2,F(x0),OPTIMAL,,/srv/macroatlas-rq1-exact/rq1-exact-623-20260926-5x,jobs/c44034219f76b7a51c64/result.json
moreDetailedTest/0052.trace,OPTIMAL,,0,2,F(x0),OPTIMAL,,/srv/macroatlas-rq1-exact/rq1-exact-623-20260926-5x,jobs/24061b632268c1ec2d9b/result.json
moreDetailedTest/0053.trace,OPTIMAL,,0,2,F(x0),OPTIMAL,,/srv/macroatlas-rq1-exact/rq1-exact-623-20260926-5x,jobs/937cf83456a4a6c30524/result.json
moreDetailedTest/0054.trace,OPTIMAL,,0,2,F(x0),OPTIMAL,,/srv/macroatlas-rq1-exact/rq1-exact-623-20260926-5x,jobs/8adc282fe4b298cbf0c2/result.json
moreDetailedTest/0055.trace,OPTIMAL,,0,2,F(x0),OPTIMAL,,/srv/macroatlas-rq1-exact/rq1-exact-623-20260926-5x,jobs/164e891ab56cc010e6b6/result.json
moreDetailedTest/0056.trace,OPTIMAL,,0,2,F(x0),OPTIMAL,,/srv/macroatlas-rq1-exact/rq1-exact-623-20260926-5x,jobs/38867a153d9de7d80255/result.json
moreDetailedTest/0057.trace,OPTIMAL,,0,7,"F(&(->(F(x0),x0),F(x1)))",OPTIMAL,,/srv/macroatlas-rq1-exact/rq1-exact-623-20260926-5x,jobs/ec26203c41665975ef5e/result.json
moreDetailedTest/0058.trace,OPTIMAL,,0,6,"F(&(X(F(x1)),x2))",OPTIMAL,,/srv/macroatlas-rq1-exact/rq1-exact-623-20260926-5x,jobs/d017845ba588e27a4ed9/result.json
moreDetailedTest/0059.trace,OPTIMAL,,0,7,"F(&(->(F(x0),x0),F(x1)))",OPTIMAL,,/srv/macroatlas-rq1-exact/rq1-exact-623-20260926-5x,jobs/80225365eff8385a047c/result.json
moreDetailedTest/0060.trace,OPTIMAL,,0,7,"F(&(F(x1),->(F(x0),x0)))",OPTIMAL,,/srv/macroatlas-rq1-exact/rq1-exact-623-20260926-5x,jobs/8c7806ac0dd277c67e28/result.json
moreDetailedTest/0061.trace,OPTIMAL,,0,7,"->(F(x0),F(&(x0,F(x1))))",OPTIMAL,,/srv/macroatlas-rq1-exact/rq1-exact-623-20260926-5x,jobs/c050aac0240d1a753a13/result.json
moreDetailedTest/0062.trace,OPTIMAL,,0,7,"F(&(F(x1),->(F(x0),x0)))",OPTIMAL,,/srv/macroatlas-rq1-exact/rq1-exact-623-20260926-5x,jobs/ab480f0ce11630028cbc/result.json
moreDetailedTest/0063.trace,OPTIMAL,,0,7,"->(F(x0),F(&(F(x1),x0)))",OPTIMAL,,/srv/macroatlas-rq1-exact/rq1-exact-623-20260926-5x,jobs/41e12737886684b6110a/result.json
moreDetailedTest/0064.trace,TIMEOUT,SMT_timeout,,,,TIMEOUT,SMT_timeout,/srv/macroatlas-rq1-exact/rq1-exact-623-20260926-5x,jobs/bc32d642fa8290ccdc3e/result.json
moreDetailedTest/0065.trace,TIMEOUT,SMT_timeout,,,,TIMEOUT,SMT_timeout,/srv/macroatlas-rq1-exact/rq1-exact-623-20260926-5x,jobs/0b41545393c3fe19d4e9/result.json
moreDetailedTest/0066.trace,OPTIMAL,,0,7,"->(F(x0),F(&(F(x1),x0)))",OPTIMAL,,/srv/macroatlas-rq1-exact/rq1-exact-623-20260926-5x,jobs/73a522a7830f19e9ba4e/result.json
moreDetailedTest/0067.trace,TIMEOUT,SMT_timeout,,,,TIMEOUT,SMT_timeout,/srv/macroatlas-rq1-exact/rq1-exact-623-20260926-5x,jobs/697c60c3afa130838b37/result.json
moreDetailedTest/0068.trace,OPTIMAL,,0,7,"->(F(x0),F(&(x0,F(x1))))",OPTIMAL,,/srv/macroatlas-rq1-exact/rq1-exact-623-20260926-5x,jobs/1406d08a61f293e5f14a/result.json
moreDetailedTest/0069.trace,OPTIMAL,,0,3,G(F(x1)),OPTIMAL,,/srv/macroatlas-rq1-exact/rq1-exact-623-20260926-5x,jobs/ef127c9e947efc2a1007/result.json
moreDetailedTest/0070.trace,OPTIMAL,,0,7,"->(F(x0),F(&(x0,F(x1))))",OPTIMAL,,/srv/macroatlas-rq1-exact/rq1-exact-623-20260926-5x,jobs/d2462a41121ba33de67e/result.json
moreDetailedTest/0071.trace,TIMEOUT,SMT_timeout,,,,TIMEOUT,SMT_timeout,/srv/macroatlas-rq1-exact/rq1-exact-623-20260926-5x,jobs/cca318a7985234e2c1b5/result.json
moreDetailedTest/0072.trace,OPTIMAL,,0,2,G(x0),OPTIMAL,,/srv/macroatlas-rq1-exact/rq1-exact-623-20260926-5x,jobs/9b247afc59861424cece/result.json
moreDetailedTest/0073.trace,TIMEOUT,SMT_timeout,,,,TIMEOUT,SMT_timeout,/srv/macroatlas-rq1-exact/rq1-exact-623-20260926-5x,jobs/4f8c3e333485aafa9f1f/result.json
moreDetailedTest/0074.trace,TIMEOUT,SMT_timeout,,,,TIMEOUT,SMT_timeout,/srv/macroatlas-rq1-exact/rq1-exact-623-20260926-5x,jobs/fd0f205a7cabdf1542c3/result.json
moreDetailedTest/0075.trace,TIMEOUT,SMT_timeout,,,,TIMEOUT,SMT_timeout,/srv/macroatlas-rq1-exact/rq1-exact-623-20260926-5x,jobs/27332588d6ff2e5e177e/result.json
moreDetailedTest/0076.trace,TIMEOUT,SMT_timeout,,,,TIMEOUT,SMT_timeout,/srv/macroatlas-rq1-exact/rq1-exact-623-20260926-5x,jobs/ad5490d0208a8af107ae/result.json
moreDetailedTest/0077.trace,TIMEOUT,SMT_timeout,,,,TIMEOUT,SMT_timeout,/srv/macroatlas-rq1-exact/rq1-exact-623-20260926-5x,jobs/2cd97894418df120b043/result.json
moreDetailedTest/0078.trace,TIMEOUT,SMT_timeout,,,,TIMEOUT,SMT_timeout,/srv/macroatlas-rq1-exact/rq1-exact-623-20260926-5x,jobs/de683b3fca448924021a/result.json
moreDetailedTest/0079.trace,TIMEOUT,SMT_timeout,,,,TIMEOUT,SMT_timeout,/srv/macroatlas-rq1-exact/rq1-exact-623-20260926-5x,jobs/cc7f497f4fcf57fb22f4/result.json
moreDetailedTest/0080.trace,TIMEOUT,SMT_timeout,,,,TIMEOUT,SMT_timeout,/srv/macroatlas-rq1-exact/rq1-exact-623-20260926-5x,jobs/cac71131d3f3d1ccf9c0/result.json
moreDetailedTest/0081.trace,TIMEOUT,SMT_timeout,,,,TIMEOUT,SMT_timeout,/srv/macroatlas-rq1-exact/rq1-exact-623-20260926-5x,jobs/98eedcec895812c7375e/result.json
moreDetailedTest/0082.trace,OPTIMAL,,0,2,G(x0),OPTIMAL,,/srv/macroatlas-rq1-exact/rq1-exact-623-20260926-5x,jobs/03616bd80d527c019edf/result.json
moreDetailedTest/0083.trace,OPTIMAL,,0,2,G(x0),OPTIMAL,,/srv/macroatlas-rq1-exact/rq1-exact-623-20260926-5x,jobs/fa39b8d3956cf5f41b71/result.json
moreDetailedTest/0084.trace,TIMEOUT,SMT_timeout,,,,TIMEOUT,SMT_timeout,/srv/macroatlas-rq1-exact/rq1-exact-623-20260926-5x,jobs/b6a64a178fa289e22da0/result.json
moreDetailedTest/0085.trace,UNSAT,,,,,UNSAT,,/srv/macroatlas-rq1-exact/rq1-exact-623-20260926-5x,jobs/8e8d4a225faa8eb7d2c1/result.json
moreDetailedTest/0086.trace,UNSAT,,,,,UNSAT,,/srv/macroatlas-rq1-exact/rq1-exact-623-20260926-5x,jobs/cd6a351bd2b8c33f3a3f/result.json
moreDetailedTest/0087.trace,UNSAT,,,,,UNSAT,,/srv/macroatlas-rq1-exact/rq1-exact-623-20260926-5x,jobs/ddccb2973191229f0629/result.json
moreDetailedTest/0088.trace,UNSAT,,,,,UNSAT,,/srv/macroatlas-rq1-exact/rq1-exact-623-20260926-5x,jobs/76316d7a3e764f7ecf3a/result.json
moreDetailedTest/0089.trace,UNSAT,,,,,UNSAT,,/srv/macroatlas-rq1-exact/rq1-exact-623-20260926-5x,jobs/0a0da6d3ccd18b414141/result.json
moreDetailedTest/0090.trace,UNSAT,,,,,UNSAT,,/srv/macroatlas-rq1-exact/rq1-exact-623-20260926-5x,jobs/29beb468a1c38447a74d/result.json
moreDetailedTest/0091.trace,UNSAT,,,,,UNSAT,,/srv/macroatlas-rq1-exact/rq1-exact-623-20260926-5x,jobs/6b07a04478839def6bba/result.json
moreDetailedTest/0092.trace,UNSAT,,,,,UNSAT,,/srv/macroatlas-rq1-exact/rq1-exact-623-20260926-5x,jobs/d4f5e83ecf71878393df/result.json
moreDetailedTest/0093.trace,TIMEOUT,SMT_timeout,,,,TIMEOUT,SMT_timeout,/srv/macroatlas-rq1-exact/rq1-exact-623-20260926-5x,jobs/ae76e98082b702a3aa03/result.json
moreDetailedTest/0094.trace,UNSAT,,,,,UNSAT,,/srv/macroatlas-rq1-exact/rq1-exact-623-20260926-5x,jobs/5241eb946294e4f61ea7/result.json
moreDetailedTest/0095.trace,TIMEOUT,SMT_timeout,,,,TIMEOUT,SMT_timeout,/srv/macroatlas-rq1-exact/rq1-exact-623-20260926-5x,jobs/6ab2017833d10d182c77/result.json
moreDetailedTest/0096.trace,UNSAT,,,,,UNSAT,,/srv/macroatlas-rq1-exact/rq1-exact-623-20260926-5x,jobs/af2f370326c6f6a3e3a6/result.json
moreDetailedTest/0097.trace,OPTIMAL,,0,5,"|(x1,&(x2,x0))",OPTIMAL,,/srv/macroatlas-rq1-exact/rq1-exact-623-20260926-5x,jobs/f93be01319fbf248fb1c/result.json
moreDetailedTest/0098.trace,UNSAT,,,,,UNSAT,,/srv/macroatlas-rq1-exact/rq1-exact-623-20260926-5x,jobs/93aa739cfc44a49c987d/result.json
moreDetailedTest/0099.trace,OPTIMAL,,0,2,G(x0),OPTIMAL,,/srv/macroatlas-rq1-exact/rq1-exact-623-20260926-5x,jobs/f2875ac6787e500882f6/result.json
moreDetailedTest/0100.trace,OPTIMAL,,0,2,G(x0),OPTIMAL,,/srv/macroatlas-rq1-exact/rq1-exact-623-20260926-5x,jobs/0591ced12ad27cdbb648/result.json
moreDetailedTest/0101.trace,OPTIMAL,,0,2,G(x0),OPTIMAL,,/srv/macroatlas-rq1-exact/rq1-exact-623-20260926-5x,jobs/e60e6e2dde256c668bbc/result.json
moreDetailedTest/0102.trace,OPTIMAL,,0,2,G(x0),OPTIMAL,,/srv/macroatlas-rq1-exact/rq1-exact-623-20260926-5x,jobs/e0f613dd820256de7134/result.json
moreDetailedTest/0103.trace,OPTIMAL,,0,2,G(x0),OPTIMAL,,/srv/macroatlas-rq1-exact/rq1-exact-623-20260926-5x,jobs/cb2e8aa2e8afbf3da3d4/result.json
moreDetailedTest/0104.trace,OPTIMAL,,0,2,G(x0),OPTIMAL,,/srv/macroatlas-rq1-exact/rq1-exact-623-20260926-5x,jobs/664d3e2067cee2770e7a/result.json
moreDetailedTest/0105.trace,OPTIMAL,,0,2,G(x0),OPTIMAL,,/srv/macroatlas-rq1-exact/rq1-exact-623-20260926-5x,jobs/275fb26fd00456f18f75/result.json
moreDetailedTest/0106.trace,OPTIMAL,,0,2,G(x0),OPTIMAL,,/srv/macroatlas-rq1-exact/rq1-exact-623-20260926-5x,jobs/f707e5cb87f766e1e0be/result.json
moreDetailedTest/0107.trace,OPTIMAL,,0,2,G(x0),OPTIMAL,,/srv/macroatlas-rq1-exact/rq1-exact-623-20260926-5x,jobs/cd1fe2524940dbfbccc7/result.json
moreDetailedTest/0108.trace,OPTIMAL,,0,2,G(x0),OPTIMAL,,/srv/macroatlas-rq1-exact/rq1-exact-623-20260926-5x,jobs/37683c79ab28e3131bb5/result.json
moreDetailedTest/0109.trace,OPTIMAL,,0,2,G(x0),OPTIMAL,,/srv/macroatlas-rq1-exact/rq1-exact-623-20260926-5x,jobs/0085a9ea6c48240aaab1/result.json
moreDetailedTest/0110.trace,OPTIMAL,,0,2,G(x0),OPTIMAL,,/srv/macroatlas-rq1-exact/rq1-exact-623-20260926-5x,jobs/17e0ef27f6c23a6347c5/result.json
moreDetailedTest/0111.trace,OPTIMAL,,0,2,G(x0),OPTIMAL,,/srv/macroatlas-rq1-exact/rq1-exact-623-20260926-5x,jobs/44ccbe06e3ac6a3cf2ce/result.json
moreDetailedTest/0112.trace,OPTIMAL,,0,2,G(x0),OPTIMAL,,/srv/macroatlas-rq1-exact/rq1-exact-623-20260926-5x,jobs/9d3f48e0b859234415cb/result.json
moreDetailedTest/0113.trace,OPTIMAL,,0,5,"G(->(x1,G(x0)))",OPTIMAL,,/srv/macroatlas-rq1-exact/rq1-exact-623-20260926-5x,jobs/89f90aca89ce46fada60/result.json
moreDetailedTest/0114.trace,OPTIMAL,,0,5,"G(->(x1,G(x0)))",OPTIMAL,,/srv/macroatlas-rq1-exact/rq1-exact-623-20260926-5x,jobs/cf506f689ba7dbe47466/result.json
moreDetailedTest/0115.trace,OPTIMAL,,0,5,"G(->(x1,G(x0)))",OPTIMAL,,/srv/macroatlas-rq1-exact/rq1-exact-623-20260926-5x,jobs/4e5b8c5bf5d9ab5d8de0/result.json
moreDetailedTest/0116.trace,OPTIMAL,,0,5,"G(->(x1,G(x0)))",OPTIMAL,,/srv/macroatlas-rq1-exact/rq1-exact-623-20260926-5x,jobs/ed07dcbf455f3c49ab95/result.json
moreDetailedTest/0117.trace,OPTIMAL,,0,5,"G(->(x1,G(x0)))",OPTIMAL,,/srv/macroatlas-rq1-exact/rq1-exact-623-20260926-5x,jobs/78547ca6e4c8571867bd/result.json
moreDetailedTest/0118.trace,OPTIMAL,,0,5,"G(->(x1,G(x0)))",OPTIMAL,,/srv/macroatlas-rq1-exact/rq1-exact-623-20260926-5x,jobs/06ece7520a754859230b/result.json
moreDetailedTest/0119.trace,OPTIMAL,,0,5,"G(->(x1,G(x0)))",OPTIMAL,,/srv/macroatlas-rq1-exact/rq1-exact-623-20260926-5x,jobs/f501b31851e1457a51b1/result.json
moreDetailedTest/0120.trace,OPTIMAL,,0,5,"G(->(x1,G(x0)))",OPTIMAL,,/srv/macroatlas-rq1-exact/rq1-exact-623-20260926-5x,jobs/f79d1ac7ec5a40fc45e9/result.json
moreDetailedTest/0121.trace,OPTIMAL,,0,5,"G(->(x1,G(x0)))",OPTIMAL,,/srv/macroatlas-rq1-exact/rq1-exact-623-20260926-5x,jobs/5421e0dfeab0c2c39b9c/result.json
moreDetailedTest/0122.trace,OPTIMAL,,0,5,"G(->(x1,G(x0)))",OPTIMAL,,/srv/macroatlas-rq1-exact/rq1-exact-623-20260926-5x,jobs/39f7312fa9aa3fd038ab/result.json
moreDetailedTest/0123.trace,OPTIMAL,,0,5,"G(->(x1,G(x0)))",OPTIMAL,,/srv/macroatlas-rq1-exact/rq1-exact-623-20260926-5x,jobs/672d263691c969825894/result.json
moreDetailedTest/0124.trace,OPTIMAL,,0,5,"G(->(x1,G(x0)))",OPTIMAL,,/srv/macroatlas-rq1-exact/rq1-exact-623-20260926-5x,jobs/7fcf69ad8e859d3300d2/result.json
moreDetailedTest/0125.trace,OPTIMAL,,0,3,G(X(x0)),OPTIMAL,,/srv/macroatlas-rq1-exact/rq1-exact-623-20260926-5x,jobs/afe0c9fae97be1fc6574/result.json
moreDetailedTest/0126.trace,OPTIMAL,,0,5,"G(->(x1,G(x0)))",OPTIMAL,,/srv/macroatlas-rq1-exact/rq1-exact-623-20260926-5x,jobs/5c327d32ac994641f028/result.json
peterson/base/liveness1.trace,OPTIMAL,,0,5,"G(->(x6,F(x2)))",OPTIMAL,,/srv/macroatlas-rq1-exact/rq1-exact-623-20260926-5x,jobs/a63c39fc3e1adff5eb98/result.json
peterson/base/liveness2.trace,OPTIMAL,,0,5,"G(->(x6,F(x7)))",OPTIMAL,,/srv/macroatlas-rq1-exact/rq1-exact-623-20260926-5x,jobs/31dcf524545766e45c22/result.json
peterson/base/liveness3.trace,OPTIMAL,,0,5,"G(->(x6,F(x2)))",OPTIMAL,,/srv/macroatlas-rq1-exact/rq1-exact-623-20260926-5x,jobs/030d8818bd14abc85f03/result.json
peterson/base/liveness4.trace,OPTIMAL,,0,5,"G(->(x6,F(x2)))",OPTIMAL,,/srv/macroatlas-rq1-exact/rq1-exact-623-20260926-5x,jobs/8221071a3237812623b7/result.json
peterson/base/liveness5.trace,OPTIMAL,,0,5,"G(->(x6,F(x2)))",OPTIMAL,,/srv/macroatlas-rq1-exact/rq1-exact-623-20260926-5x,jobs/df25a30799c46be6061b/result.json
peterson/base/safety1.trace,OPTIMAL,,0,5,"G(->(x2,!(x8)))",OPTIMAL,,/srv/macroatlas-rq1-exact/rq1-exact-623-20260926-5x,jobs/9c6672e8811b0165369a/result.json
peterson/base/safety2.trace,OPTIMAL,,0,5,"G(->(x2,!(x8)))",OPTIMAL,,/srv/macroatlas-rq1-exact/rq1-exact-623-20260926-5x,jobs/062ac14612499f1586d1/result.json
peterson/base/safety3.trace,OPTIMAL,,0,5,"G(->(x2,!(x8)))",OPTIMAL,,/srv/macroatlas-rq1-exact/rq1-exact-623-20260926-5x,jobs/b189263367e0ea986989/result.json
peterson/base/safety4.trace,OPTIMAL,,0,5,"G(->(x8,!(x2)))",OPTIMAL,,/srv/macroatlas-rq1-exact/rq1-exact-623-20260926-5x,jobs/d46883438be2d1c89d36/result.json
peterson/base/safety5.trace,OPTIMAL,,0,5,"G(!(&(x2,x8)))",OPTIMAL,,/srv/macroatlas-rq1-exact/rq1-exact-623-20260926-5x,jobs/35d760183fdbb009f050/result.json
peterson/constrained/liveness1.trace,OPTIMAL,,0,5,"G(->(x6,F(x2)))",OPTIMAL,,/srv/macroatlas-rq1-exact/rq1-exact-623-20260926-5x,jobs/1e562c263b0ea638b85f/result.json
peterson/constrained/liveness2.trace,OPTIMAL,,0,5,"G(->(x6,F(x2)))",OPTIMAL,,/srv/macroatlas-rq1-exact/rq1-exact-623-20260926-5x,jobs/2ea61bf5aa156a44e922/result.json
peterson/constrained/liveness3.trace,OPTIMAL,,0,5,"G(->(x6,F(x2)))",OPTIMAL,,/srv/macroatlas-rq1-exact/rq1-exact-623-20260926-5x,jobs/185ac245fe2aa9809d5f/result.json
peterson/constrained/liveness4.trace,OPTIMAL,,0,5,"G(->(x6,F(x2)))",OPTIMAL,,/srv/macroatlas-rq1-exact/rq1-exact-623-20260926-5x,jobs/c2b974c479bce70e26d4/result.json
peterson/constrained/liveness5.trace,OPTIMAL,,0,5,"G(->(x6,F(x2)))",OPTIMAL,,/srv/macroatlas-rq1-exact/rq1-exact-623-20260926-5x,jobs/52e46b84b30322585353/result.json
peterson/constrained/safety1.trace,OPTIMAL,,0,5,"G(->(x2,!(x8)))",OPTIMAL,,/srv/macroatlas-rq1-exact/rq1-exact-623-20260926-5x,jobs/33d068e59828a15b8698/result.json
peterson/constrained/safety2.trace,OPTIMAL,,0,5,"G(->(x2,!(x8)))",OPTIMAL,,/srv/macroatlas-rq1-exact/rq1-exact-623-20260926-5x,jobs/b0e4f9a20b668fc055c5/result.json
peterson/constrained/safety3.trace,OPTIMAL,,0,5,"G(->(x2,!(x8)))",OPTIMAL,,/srv/macroatlas-rq1-exact/rq1-exact-623-20260926-5x,jobs/aecc3323e63adc79c2e9/result.json
peterson/constrained/safety4.trace,OPTIMAL,,0,5,"G(->(x8,!(x2)))",OPTIMAL,,/srv/macroatlas-rq1-exact/rq1-exact-623-20260926-5x,jobs/7126c463df8e3493c784/result.json
peterson/constrained/safety5.trace,OPTIMAL,,0,5,"G(!(&(x2,x8)))",OPTIMAL,,/srv/macroatlas-rq1-exact/rq1-exact-623-20260926-5x,jobs/737f1c685f8c68d646fb/result.json
peterson/extra_traces/liveness1.trace,OPTIMAL,,0,5,"G(->(x6,F(x7)))",OPTIMAL,,/srv/macroatlas-rq1-exact/rq1-exact-623-20260926-5x,jobs/d632cec3ee39cbf92b31/result.json
peterson/extra_traces/liveness2.trace,OPTIMAL,,0,5,"G(->(x6,F(x2)))",OPTIMAL,,/srv/macroatlas-rq1-exact/rq1-exact-623-20260926-5x,jobs/8fe71c6f9f74b31bd64d/result.json
peterson/extra_traces/liveness3.trace,OPTIMAL,,0,5,"G(->(x6,F(x2)))",OPTIMAL,,/srv/macroatlas-rq1-exact/rq1-exact-623-20260926-5x,jobs/9e5cc7483eb166800552/result.json
peterson/extra_traces/liveness4.trace,OPTIMAL,,0,5,"G(->(x6,F(x2)))",OPTIMAL,,/srv/macroatlas-rq1-exact/rq1-exact-623-20260926-5x,jobs/76fe95162dce52e49b57/result.json
peterson/extra_traces/liveness5.trace,OPTIMAL,,0,5,"G(->(x6,F(x2)))",OPTIMAL,,/srv/macroatlas-rq1-exact/rq1-exact-623-20260926-5x,jobs/f1b4986a7263db78b46c/result.json
peterson/extra_traces/safety1.trace,OPTIMAL,,0,5,"G(->(x2,!(x8)))",OPTIMAL,,/srv/macroatlas-rq1-exact/rq1-exact-623-20260926-5x,jobs/bb5a7babc59ad95167c0/result.json
peterson/extra_traces/safety2.trace,OPTIMAL,,0,5,"G(->(x8,!(x2)))",OPTIMAL,,/srv/macroatlas-rq1-exact/rq1-exact-623-20260926-5x,jobs/5ec7cf5ab45aebf23432/result.json
peterson/extra_traces/safety3.trace,OPTIMAL,,0,5,"G(->(x8,F(x2)))",OPTIMAL,,/srv/macroatlas-rq1-exact/rq1-exact-623-20260926-5x,jobs/3a19b01cc3a433f0f33b/result.json
peterson/extra_traces/safety4.trace,OPTIMAL,,0,5,"G(->(x8,!(x2)))",OPTIMAL,,/srv/macroatlas-rq1-exact/rq1-exact-623-20260926-5x,jobs/ca8f9fd932ce6a1734f4/result.json
peterson/extra_traces/safety5.trace,OPTIMAL,,0,5,"G(->(x8,!(x2)))",OPTIMAL,,/srv/macroatlas-rq1-exact/rq1-exact-623-20260926-5x,jobs/789b515b651b46c94266/result.json
robot/RAtrace/final21.trace,OPTIMAL,,5,9,"&(&(F(x0),G(!(x2))),F(x1))",OPTIMAL,,/srv/macroatlas-rq1-exact/rq1-exact-623-20260926-5x,jobs/3ffb9939f106bdcb7990/result.json
robot/RAtrace/final22.trace,OPTIMAL,,5,9,"&(F(x1),&(G(!(x2)),F(x0)))",OPTIMAL,,/srv/macroatlas-rq1-exact/rq1-exact-623-20260926-5x,jobs/38bfcd4b828d2a989b03/result.json
robot/RAtrace/final3.trace,OPTIMAL,,5,9,"&(F(x1),&(G(!(x2)),F(x0)))",OPTIMAL,,/srv/macroatlas-rq1-exact/rq1-exact-623-20260926-5x,jobs/f222f931632022e55c8f/result.json
robot/RAtrace/final4.trace,OPTIMAL,,5,9,"&(F(x1),&(G(!(x2)),F(x0)))",OPTIMAL,,/srv/macroatlas-rq1-exact/rq1-exact-623-20260926-5x,jobs/9d1a01c3fac0f7ecb545/result.json
robot/RAtrace/final42.trace,OPTIMAL,,5,9,"&(F(x1),&(G(!(x2)),F(x0)))",OPTIMAL,,/srv/macroatlas-rq1-exact/rq1-exact-623-20260926-5x,jobs/2aeee502621873343295/result.json
robot/RAtrace/final43.trace,OPTIMAL,,5,9,"&(F(x1),&(F(x0),G(!(x2))))",OPTIMAL,,/srv/macroatlas-rq1-exact/rq1-exact-623-20260926-5x,jobs/f50acc9cc66c6bce4788/result.json
robot/RAtrace/final44.trace,OPTIMAL,,5,9,"&(&(F(x0),G(!(x2))),F(x1))",OPTIMAL,,/srv/macroatlas-rq1-exact/rq1-exact-623-20260926-5x,jobs/c3d56c54651500fd80d4/result.json
robot/RAtrace/final45.trace,OPTIMAL,,5,9,"&(F(x1),&(F(x0),G(!(x2))))",OPTIMAL,,/srv/macroatlas-rq1-exact/rq1-exact-623-20260926-5x,jobs/f113a759461b5dd25510/result.json
robot/RAtrace/final46.trace,OPTIMAL,,5,9,"&(F(x1),&(F(x0),G(!(x2))))",OPTIMAL,,/srv/macroatlas-rq1-exact/rq1-exact-623-20260926-5x,jobs/3432f38a459e0914d0f0/result.json
robot/RAtrace/final47.trace,OPTIMAL,,5,9,"&(&(G(!(x2)),F(x0)),F(x1))",OPTIMAL,,/srv/macroatlas-rq1-exact/rq1-exact-623-20260926-5x,jobs/bbd334a4709742b90d65/result.json
robot/RRtrace/order.trace,OPTIMAL,,4,9,"&(&(F(x0),F(x1)),G(!(x2)))",OPTIMAL,,/srv/macroatlas-rq1-exact/rq1-exact-623-20260926-5x,jobs/cc207e348afe23a7065c/result.json
robot/RRtrace/order1.trace,OPTIMAL,,4,9,"&(&(F(x0),F(x1)),G(!(x2)))",OPTIMAL,,/srv/macroatlas-rq1-exact/rq1-exact-623-20260926-5x,jobs/4508d3d3bc0474c0740e/result.json
robot/RRtrace/order10.trace,OPTIMAL,,4,9,"&(G(!(x2)),&(F(x1),F(x0)))",OPTIMAL,,/srv/macroatlas-rq1-exact/rq1-exact-623-20260926-5x,jobs/235e11ee7d1460264e48/result.json
robot/RRtrace/order2.trace,OPTIMAL,,4,9,"&(G(!(x2)),&(F(x0),F(x1)))",OPTIMAL,,/srv/macroatlas-rq1-exact/rq1-exact-623-20260926-5x,jobs/438bed87f564cb022474/result.json
robot/RRtrace/order4.trace,OPTIMAL,,4,9,"&(&(F(x0),F(x1)),G(!(x2)))",OPTIMAL,,/srv/macroatlas-rq1-exact/rq1-exact-623-20260926-5x,jobs/3ce0fe212a336c7da20f/result.json
robot/RRtrace/order5.trace,OPTIMAL,,4,9,"&(&(F(x0),F(x1)),G(!(x2)))",OPTIMAL,,/srv/macroatlas-rq1-exact/rq1-exact-623-20260926-5x,jobs/86250e7045c98dd92667/result.json
robot/RRtrace/order6.trace,OPTIMAL,,4,9,"&(G(!(x2)),&(F(x0),F(x1)))",OPTIMAL,,/srv/macroatlas-rq1-exact/rq1-exact-623-20260926-5x,jobs/2c1d66d5560acdeccd5a/result.json
robot/RRtrace/order7.trace,OPTIMAL,,4,9,"&(&(F(x0),F(x1)),G(!(x2)))",OPTIMAL,,/srv/macroatlas-rq1-exact/rq1-exact-623-20260926-5x,jobs/bc8e49b9864f5083b2f3/result.json
robot/RRtrace/order8.trace,OPTIMAL,,4,9,"&(&(F(x0),F(x1)),G(!(x2)))",OPTIMAL,,/srv/macroatlas-rq1-exact/rq1-exact-623-20260926-5x,jobs/d0b7e260465503cb2fec/result.json
robot/RRtrace/order9.trace,OPTIMAL,,4,9,"&(&(F(x1),F(x0)),G(!(x2)))",OPTIMAL,,/srv/macroatlas-rq1-exact/rq1-exact-623-20260926-5x,jobs/cfa1bd4dac2755a3e196/result.json
voting_machine/voting10.trace,OPTIMAL,,0,4,"G(->(x5,x8))",OPTIMAL,,/srv/macroatlas-rq1-exact/rq1-exact-623-20260926-5x,jobs/12c9f0b8ee00e13027c9/result.json
voting_machine/voting13.trace,OPTIMAL,,0,4,"G(->(x5,x8))",OPTIMAL,,/srv/macroatlas-rq1-exact/rq1-exact-623-20260926-5x,jobs/7014cc912d5a3039b90f/result.json
voting_machine/voting14.trace,OPTIMAL,,0,4,"G(->(x9,x4))",OPTIMAL,,/srv/macroatlas-rq1-exact/rq1-exact-623-20260926-5x,jobs/865d1c03c33c6d3fcc95/result.json
voting_machine/voting2.trace,OPTIMAL,,0,4,"G(->(x9,x4))",OPTIMAL,,/srv/macroatlas-rq1-exact/rq1-exact-623-20260926-5x,jobs/6baaf710704a9700a3b2/result.json
voting_machine/voting3.trace,OPTIMAL,,0,4,"G(->(x5,x8))",OPTIMAL,,/srv/macroatlas-rq1-exact/rq1-exact-623-20260926-5x,jobs/2c7bf427b7b648c43f98/result.json
voting_machine/voting4.trace,OPTIMAL,,0,4,"G(->(x5,x8))",OPTIMAL,,/srv/macroatlas-rq1-exact/rq1-exact-623-20260926-5x,jobs/b22831e331f533294ef3/result.json
voting_machine/voting5.trace,OPTIMAL,,0,4,"G(->(x5,x8))",OPTIMAL,,/srv/macroatlas-rq1-exact/rq1-exact-623-20260926-5x,jobs/1402d79f5ef590ae98c5/result.json
voting_machine/voting7.trace,OPTIMAL,,0,4,"G(->(x5,x8))",OPTIMAL,,/srv/macroatlas-rq1-exact/rq1-exact-623-20260926-5x,jobs/f69191aac2a47484fa19/result.json
voting_machine/voting8.trace,OPTIMAL,,0,4,"G(->(x5,x8))",OPTIMAL,,/srv/macroatlas-rq1-exact/rq1-exact-623-20260926-5x,jobs/7f0928c51bbbfe8c9076/result.json
voting_machine/voting9.trace,OPTIMAL,,0,4,"G(->(x5,x8))",OPTIMAL,,/srv/macroatlas-rq1-exact/rq1-exact-623-20260926-5x,jobs/4a9a09db14154c7f683d/result.json
weakening/weaken_antecedent/weaken_antecedent_100_10_10.trace,OPTIMAL,,0,6,"G(->(&(x0,x2),x1))",OPTIMAL,,/srv/macroatlas-rq1-exact/rq1-exact-623-20260926-5x,jobs/f5454ea1bf73726a15f4/result.json
weakening/weaken_antecedent/weaken_antecedent_10_100_100.trace,OPTIMAL,,0,6,"G(->(&(x0,x2),x1))",OPTIMAL,,/srv/macroatlas-rq1-exact/rq1-exact-623-20260926-5x,jobs/fd8aa4ce9838b08220c7/result.json
weakening/weaken_antecedent/weaken_antecedent_10_10_10.trace,OPTIMAL,,0,6,"G(->(&(x0,x2),x1))",OPTIMAL,,/srv/macroatlas-rq1-exact/rq1-exact-623-20260926-5x,jobs/bb72cbb333bdefa33749/result.json
weakening/weaken_antecedent/weaken_antecedent_10_15_15.trace,OPTIMAL,,0,6,"G(->(&(x0,x2),x1))",OPTIMAL,,/srv/macroatlas-rq1-exact/rq1-exact-623-20260926-5x,jobs/451412990dd1f0e22fa7/result.json
weakening/weaken_antecedent/weaken_antecedent_10_20_20.trace,OPTIMAL,,0,6,"G(->(&(x0,x2),x1))",OPTIMAL,,/srv/macroatlas-rq1-exact/rq1-exact-623-20260926-5x,jobs/fecfc3a8b55bf72b01ba/result.json
weakening/weaken_antecedent/weaken_antecedent_10_25_25.trace,OPTIMAL,,0,6,"G(->(&(x0,x2),x1))",OPTIMAL,,/srv/macroatlas-rq1-exact/rq1-exact-623-20260926-5x,jobs/e77c3193677b9a99e55e/result.json
weakening/weaken_antecedent/weaken_antecedent_10_30_30.trace,OPTIMAL,,0,6,"G(->(&(x0,x2),x1))",OPTIMAL,,/srv/macroatlas-rq1-exact/rq1-exact-623-20260926-5x,jobs/e34dfadd98fff0afca4f/result.json
weakening/weaken_antecedent/weaken_antecedent_10_35_35.trace,OPTIMAL,,0,6,"G(->(&(x0,x2),x1))",OPTIMAL,,/srv/macroatlas-rq1-exact/rq1-exact-623-20260926-5x,jobs/9e026bb3cd6c0def732b/result.json
weakening/weaken_antecedent/weaken_antecedent_10_40_40.trace,OPTIMAL,,0,6,"G(->(&(x0,x2),x1))",OPTIMAL,,/srv/macroatlas-rq1-exact/rq1-exact-623-20260926-5x,jobs/79534239429b93cc2f46/result.json
weakening/weaken_antecedent/weaken_antecedent_10_45_45.trace,OPTIMAL,,0,6,"G(->(&(x0,x2),x1))",OPTIMAL,,/srv/macroatlas-rq1-exact/rq1-exact-623-20260926-5x,jobs/78aaca1d0dbddbe016a6/result.json
weakening/weaken_antecedent/weaken_antecedent_10_50_50.trace,OPTIMAL,,0,6,"G(->(&(x0,x2),x1))",OPTIMAL,,/srv/macroatlas-rq1-exact/rq1-exact-623-20260926-5x,jobs/6647e3534ca7a3803f98/result.json
weakening/weaken_antecedent/weaken_antecedent_10_55_55.trace,OPTIMAL,,0,6,"G(->(&(x0,x2),x1))",OPTIMAL,,/srv/macroatlas-rq1-exact/rq1-exact-623-20260926-5x,jobs/bb10f2465cd5320093b6/result.json
weakening/weaken_antecedent/weaken_antecedent_10_5_5.trace,OPTIMAL,,0,6,"G(->(&(x0,x2),x1))",OPTIMAL,,/srv/macroatlas-rq1-exact/rq1-exact-623-20260926-5x,jobs/57cfdb895280cec1f973/result.json
weakening/weaken_antecedent/weaken_antecedent_10_60_60.trace,OPTIMAL,,0,6,"G(->(&(x0,x2),x1))",OPTIMAL,,/srv/macroatlas-rq1-exact/rq1-exact-623-20260926-5x,jobs/50947d4aeb6a0af208a7/result.json
weakening/weaken_antecedent/weaken_antecedent_10_65_65.trace,OPTIMAL,,0,6,"G(->(&(x0,x2),x1))",OPTIMAL,,/srv/macroatlas-rq1-exact/rq1-exact-623-20260926-5x,jobs/61612fb7e2ae4d2b81d5/result.json
weakening/weaken_antecedent/weaken_antecedent_10_70_70.trace,OPTIMAL,,0,6,"G(->(&(x0,x2),x1))",OPTIMAL,,/srv/macroatlas-rq1-exact/rq1-exact-623-20260926-5x,jobs/e63a70abe0f251729484/result.json
weakening/weaken_antecedent/weaken_antecedent_10_75_75.trace,OPTIMAL,,0,6,"G(->(&(x0,x2),x1))",OPTIMAL,,/srv/macroatlas-rq1-exact/rq1-exact-623-20260926-5x,jobs/2718f54d9882d74790c7/result.json
weakening/weaken_antecedent/weaken_antecedent_10_80_80.trace,OPTIMAL,,0,6,"G(->(&(x0,x2),x1))",OPTIMAL,,/srv/macroatlas-rq1-exact/rq1-exact-623-20260926-5x,jobs/ad6f0e498f917f8cdc0a/result.json
weakening/weaken_antecedent/weaken_antecedent_10_85_85.trace,OPTIMAL,,0,6,"G(->(&(x0,x2),x1))",OPTIMAL,,/srv/macroatlas-rq1-exact/rq1-exact-623-20260926-5x,jobs/bfc76f8bc09c5a408da0/result.json
weakening/weaken_antecedent/weaken_antecedent_10_90_90.trace,OPTIMAL,,0,6,"G(->(&(x0,x2),x1))",OPTIMAL,,/srv/macroatlas-rq1-exact/rq1-exact-623-20260926-5x,jobs/30a46ff0334b550bbaf8/result.json
weakening/weaken_antecedent/weaken_antecedent_10_95_95.trace,OPTIMAL,,0,6,"G(->(&(x0,x2),x1))",OPTIMAL,,/srv/macroatlas-rq1-exact/rq1-exact-623-20260926-5x,jobs/cc25f10c49139840dbf9/result.json
weakening/weaken_antecedent/weaken_antecedent_15_10_10.trace,OPTIMAL,,0,6,"G(->(&(x0,x2),x1))",OPTIMAL,,/srv/macroatlas-rq1-exact/rq1-exact-623-20260926-5x,jobs/90e98865fc7fc1ebc9ac/result.json
weakening/weaken_antecedent/weaken_antecedent_20_10_10.trace,OPTIMAL,,0,6,"G(->(&(x0,x2),x1))",OPTIMAL,,/srv/macroatlas-rq1-exact/rq1-exact-623-20260926-5x,jobs/526fdbc4663984158625/result.json
weakening/weaken_antecedent/weaken_antecedent_25_10_10.trace,OPTIMAL,,0,6,"G(->(&(x0,x2),x1))",OPTIMAL,,/srv/macroatlas-rq1-exact/rq1-exact-623-20260926-5x,jobs/6fc698254d3ae6b826b0/result.json
weakening/weaken_antecedent/weaken_antecedent_30_10_10.trace,OPTIMAL,,0,6,"G(->(&(x0,x2),x1))",OPTIMAL,,/srv/macroatlas-rq1-exact/rq1-exact-623-20260926-5x,jobs/58cb4485935e36ebb776/result.json
weakening/weaken_antecedent/weaken_antecedent_35_10_10.trace,OPTIMAL,,0,6,"G(->(&(x0,x2),x1))",OPTIMAL,,/srv/macroatlas-rq1-exact/rq1-exact-623-20260926-5x,jobs/87f751a13660ef227768/result.json
weakening/weaken_antecedent/weaken_antecedent_40_10_10.trace,OPTIMAL,,0,6,"G(->(&(x0,x2),x1))",OPTIMAL,,/srv/macroatlas-rq1-exact/rq1-exact-623-20260926-5x,jobs/e28a9510bbd4bbdff60c/result.json
weakening/weaken_antecedent/weaken_antecedent_45_10_10.trace,OPTIMAL,,0,6,"G(->(&(x0,x2),x1))",OPTIMAL,,/srv/macroatlas-rq1-exact/rq1-exact-623-20260926-5x,jobs/2dc4662797c90160d2fa/result.json
weakening/weaken_antecedent/weaken_antecedent_50_10_10.trace,OPTIMAL,,0,6,"G(->(&(x0,x2),x1))",OPTIMAL,,/srv/macroatlas-rq1-exact/rq1-exact-623-20260926-5x,jobs/7c81d26efd471539bded/result.json
weakening/weaken_antecedent/weaken_antecedent_55_10_10.trace,OPTIMAL,,0,6,"G(->(&(x0,x2),x1))",OPTIMAL,,/srv/macroatlas-rq1-exact/rq1-exact-623-20260926-5x,jobs/8386211f1cab26a291a6/result.json
weakening/weaken_antecedent/weaken_antecedent_5_10_10.trace,OPTIMAL,,0,6,"G(->(&(x0,x2),x1))",OPTIMAL,,/srv/macroatlas-rq1-exact/rq1-exact-623-20260926-5x,jobs/13b14a3461d6ce770109/result.json
weakening/weaken_antecedent/weaken_antecedent_60_10_10.trace,OPTIMAL,,0,6,"G(->(&(x0,x2),x1))",OPTIMAL,,/srv/macroatlas-rq1-exact/rq1-exact-623-20260926-5x,jobs/33a9059cfafdc618f0ea/result.json
weakening/weaken_antecedent/weaken_antecedent_65_10_10.trace,OPTIMAL,,0,6,"G(->(&(x0,x2),x1))",OPTIMAL,,/srv/macroatlas-rq1-exact/rq1-exact-623-20260926-5x,jobs/7445a7c7ae1b3a417fff/result.json
weakening/weaken_antecedent/weaken_antecedent_70_10_10.trace,OPTIMAL,,0,6,"G(->(&(x0,x2),x1))",OPTIMAL,,/srv/macroatlas-rq1-exact/rq1-exact-623-20260926-5x,jobs/eba9b3aa816199a8d9df/result.json
weakening/weaken_antecedent/weaken_antecedent_75_10_10.trace,OPTIMAL,,0,6,"G(->(&(x0,x2),x1))",OPTIMAL,,/srv/macroatlas-rq1-exact/rq1-exact-623-20260926-5x,jobs/61ebee9fc33b10dba7b9/result.json
weakening/weaken_antecedent/weaken_antecedent_80_10_10.trace,OPTIMAL,,0,6,"G(->(&(x0,x2),x1))",OPTIMAL,,/srv/macroatlas-rq1-exact/rq1-exact-623-20260926-5x,jobs/36b6e6b35275776982c2/result.json
weakening/weaken_antecedent/weaken_antecedent_85_10_10.trace,OPTIMAL,,0,6,"G(->(&(x0,x2),x1))",OPTIMAL,,/srv/macroatlas-rq1-exact/rq1-exact-623-20260926-5x,jobs/8339e8a77c71d6020391/result.json
weakening/weaken_antecedent/weaken_antecedent_90_10_10.trace,OPTIMAL,,0,6,"G(->(&(x0,x2),x1))",OPTIMAL,,/srv/macroatlas-rq1-exact/rq1-exact-623-20260926-5x,jobs/5a5b46a8543856de8a27/result.json
weakening/weaken_antecedent/weaken_antecedent_95_10_10.trace,OPTIMAL,,0,6,"G(->(&(x0,x2),x1))",OPTIMAL,,/srv/macroatlas-rq1-exact/rq1-exact-623-20260926-5x,jobs/7ada8647c2fabdb500b3/result.json
weakening/weaken_consequent/weaken_consequent_100_10_10.trace,OPTIMAL,,0,7,"G(->(&(x0,x2),&(x1,x2)))",OPTIMAL,,/srv/macroatlas-rq1-exact/rq1-exact-623-20260926-5x,jobs/c65ff10cc78114950a3b/result.json
weakening/weaken_consequent/weaken_consequent_10_100_100.trace,OPTIMAL,,0,7,"G(->(x0,|(&(x1,x2),x1)))",OPTIMAL,,/srv/macroatlas-rq1-exact/rq1-exact-623-20260926-5x,jobs/43c637fbc350d2bb8b92/result.json
weakening/weaken_consequent/weaken_consequent_10_10_10.trace,OPTIMAL,,0,7,"G(->(x0,|(&(x2,x1),x1)))",OPTIMAL,,/srv/macroatlas-rq1-exact/rq1-exact-623-20260926-5x,jobs/3c4cfbe0a51a781d6cef/result.json
weakening/weaken_consequent/weaken_consequent_10_15_15.trace,OPTIMAL,,0,7,"G(->(x0,|(&(x2,x1),x1)))",OPTIMAL,,/srv/macroatlas-rq1-exact/rq1-exact-623-20260926-5x,jobs/5766f526a30f17ff70f4/result.json
weakening/weaken_consequent/weaken_consequent_10_20_20.trace,OPTIMAL,,0,7,"G(->(x0,|(&(x1,x2),x1)))",OPTIMAL,,/srv/macroatlas-rq1-exact/rq1-exact-623-20260926-5x,jobs/2856116df8f035204a75/result.json
weakening/weaken_consequent/weaken_consequent_10_25_25.trace,OPTIMAL,,0,7,"G(->(x0,|(&(x1,x2),x1)))",OPTIMAL,,/srv/macroatlas-rq1-exact/rq1-exact-623-20260926-5x,jobs/1026f7672af1b63c292c/result.json
weakening/weaken_consequent/weaken_consequent_10_30_30.trace,OPTIMAL,,0,7,"G(->(x0,|(&(x2,x1),x1)))",OPTIMAL,,/srv/macroatlas-rq1-exact/rq1-exact-623-20260926-5x,jobs/1c05638b707195e863fb/result.json
weakening/weaken_consequent/weaken_consequent_10_35_35.trace,OPTIMAL,,0,7,"G(->(x0,|(&(x1,x2),x1)))",OPTIMAL,,/srv/macroatlas-rq1-exact/rq1-exact-623-20260926-5x,jobs/cb42365e4721e700b982/result.json
weakening/weaken_consequent/weaken_consequent_10_40_40.trace,OPTIMAL,,0,7,"G(->(x0,|(&(x1,x2),x1)))",OPTIMAL,,/srv/macroatlas-rq1-exact/rq1-exact-623-20260926-5x,jobs/d028c7e9d9a93f6df2c8/result.json
weakening/weaken_consequent/weaken_consequent_10_45_45.trace,OPTIMAL,,0,7,"G(->(x0,|(&(x1,x2),x1)))",OPTIMAL,,/srv/macroatlas-rq1-exact/rq1-exact-623-20260926-5x,jobs/a10c1c6944dfa7462fb4/result.json
weakening/weaken_consequent/weaken_consequent_10_50_50.trace,OPTIMAL,,0,7,"G(->(x0,|(&(x1,x2),x1)))",OPTIMAL,,/srv/macroatlas-rq1-exact/rq1-exact-623-20260926-5x,jobs/cd60845c3169c4d329d8/result.json
weakening/weaken_consequent/weaken_consequent_10_55_55.trace,OPTIMAL,,0,7,"G(->(x0,|(&(x1,x2),x1)))",OPTIMAL,,/srv/macroatlas-rq1-exact/rq1-exact-623-20260926-5x,jobs/a10f3949abe87114ffc1/result.json
weakening/weaken_consequent/weaken_consequent_10_5_5.trace,OPTIMAL,,0,7,"G(->(&(x0,x2),&(x1,x2)))",OPTIMAL,,/srv/macroatlas-rq1-exact/rq1-exact-623-20260926-5x,jobs/08848ba23570916e193a/result.json
weakening/weaken_consequent/weaken_consequent_10_60_60.trace,OPTIMAL,,0,7,"G(->(x0,|(&(x2,x1),x1)))",OPTIMAL,,/srv/macroatlas-rq1-exact/rq1-exact-623-20260926-5x,jobs/b1a17eb4c883bc098d19/result.json
weakening/weaken_consequent/weaken_consequent_10_65_65.trace,OPTIMAL,,0,7,"G(->(x0,|(&(x2,x1),x1)))",OPTIMAL,,/srv/macroatlas-rq1-exact/rq1-exact-623-20260926-5x,jobs/498c5398ec0ad3966cdc/result.json
weakening/weaken_consequent/weaken_consequent_10_70_70.trace,OPTIMAL,,0,7,"G(->(x0,|(&(x1,x2),x1)))",OPTIMAL,,/srv/macroatlas-rq1-exact/rq1-exact-623-20260926-5x,jobs/4f16f3afa5edeeea7b20/result.json
weakening/weaken_consequent/weaken_consequent_10_75_75.trace,OPTIMAL,,0,7,"G(->(x0,|(&(x2,x1),x1)))",OPTIMAL,,/srv/macroatlas-rq1-exact/rq1-exact-623-20260926-5x,jobs/dc075dd3eac981e15980/result.json
weakening/weaken_consequent/weaken_consequent_10_80_80.trace,OPTIMAL,,0,7,"G(->(x0,|(&(x2,x1),x1)))",OPTIMAL,,/srv/macroatlas-rq1-exact/rq1-exact-623-20260926-5x,jobs/235a6e2b977868d48da2/result.json
weakening/weaken_consequent/weaken_consequent_10_85_85.trace,OPTIMAL,,0,7,"G(->(x0,|(&(x2,x1),x1)))",OPTIMAL,,/srv/macroatlas-rq1-exact/rq1-exact-623-20260926-5x,jobs/eb75ee9db7d287368115/result.json
weakening/weaken_consequent/weaken_consequent_10_90_90.trace,OPTIMAL,,0,7,"G(->(x0,|(&(x2,x1),x1)))",OPTIMAL,,/srv/macroatlas-rq1-exact/rq1-exact-623-20260926-5x,jobs/20c194c77791e38503e9/result.json
weakening/weaken_consequent/weaken_consequent_10_95_95.trace,OPTIMAL,,0,7,"G(->(x0,|(&(x1,x2),x1)))",OPTIMAL,,/srv/macroatlas-rq1-exact/rq1-exact-623-20260926-5x,jobs/31605c67b8b773bdee9c/result.json
weakening/weaken_consequent/weaken_consequent_15_10_10.trace,OPTIMAL,,0,7,"G(->(&(x0,x2),&(x2,x1)))",OPTIMAL,,/srv/macroatlas-rq1-exact/rq1-exact-623-20260926-5x,jobs/17d1c0adb5f7045c9c1d/result.json
weakening/weaken_consequent/weaken_consequent_20_10_10.trace,OPTIMAL,,0,7,"G(->(x0,|(&(x1,x2),x1)))",OPTIMAL,,/srv/macroatlas-rq1-exact/rq1-exact-623-20260926-5x,jobs/ca81946c43ffa15817b4/result.json
weakening/weaken_consequent/weaken_consequent_25_10_10.trace,OPTIMAL,,0,7,"G(->(x0,|(&(x2,x1),x1)))",OPTIMAL,,/srv/macroatlas-rq1-exact/rq1-exact-623-20260926-5x,jobs/73c9d4d45278fd4857f3/result.json
weakening/weaken_consequent/weaken_consequent_30_10_10.trace,OPTIMAL,,0,7,"G(->(x0,|(&(x1,x2),x1)))",OPTIMAL,,/srv/macroatlas-rq1-exact/rq1-exact-623-20260926-5x,jobs/d3bc10f770ca4db366af/result.json
weakening/weaken_consequent/weaken_consequent_35_10_10.trace,OPTIMAL,,0,7,"G(->(x0,|(&(x1,x2),x1)))",OPTIMAL,,/srv/macroatlas-rq1-exact/rq1-exact-623-20260926-5x,jobs/30fe5093e6fe9ff1d2fe/result.json
weakening/weaken_consequent/weaken_consequent_40_10_10.trace,OPTIMAL,,0,7,"G(->(x0,|(&(x1,x2),x1)))",OPTIMAL,,/srv/macroatlas-rq1-exact/rq1-exact-623-20260926-5x,jobs/c81099111a2c614af03b/result.json
weakening/weaken_consequent/weaken_consequent_45_10_10.trace,OPTIMAL,,0,7,"G(->(x0,|(&(x2,x1),x1)))",OPTIMAL,,/srv/macroatlas-rq1-exact/rq1-exact-623-20260926-5x,jobs/7d10755d217afdb66feb/result.json
weakening/weaken_consequent/weaken_consequent_50_10_10.trace,OPTIMAL,,0,7,"G(->(&(x0,x2),&(x2,x1)))",OPTIMAL,,/srv/macroatlas-rq1-exact/rq1-exact-623-20260926-5x,jobs/047fb6e917b544904ae0/result.json
weakening/weaken_consequent/weaken_consequent_55_10_10.trace,OPTIMAL,,0,7,"G(->(x0,|(&(x1,x2),x1)))",OPTIMAL,,/srv/macroatlas-rq1-exact/rq1-exact-623-20260926-5x,jobs/77b4dec37f96314ff448/result.json
weakening/weaken_consequent/weaken_consequent_5_10_10.trace,OPTIMAL,,0,7,"G(->(x0,|(&(x2,x1),x1)))",OPTIMAL,,/srv/macroatlas-rq1-exact/rq1-exact-623-20260926-5x,jobs/ad14754b4eec23e233c0/result.json
weakening/weaken_consequent/weaken_consequent_60_10_10.trace,OPTIMAL,,0,7,"G(->(&(x0,x2),&(x1,x2)))",OPTIMAL,,/srv/macroatlas-rq1-exact/rq1-exact-623-20260926-5x,jobs/ec862a306449e47c8783/result.json
weakening/weaken_consequent/weaken_consequent_65_10_10.trace,OPTIMAL,,0,7,"G(->(x0,|(&(x1,x2),x1)))",OPTIMAL,,/srv/macroatlas-rq1-exact/rq1-exact-623-20260926-5x,jobs/636e9443b846f9fff265/result.json
weakening/weaken_consequent/weaken_consequent_70_10_10.trace,OPTIMAL,,0,7,"G(->(&(x0,x2),&(x2,x1)))",OPTIMAL,,/srv/macroatlas-rq1-exact/rq1-exact-623-20260926-5x,jobs/d7ed52aa45e7937eca81/result.json
weakening/weaken_consequent/weaken_consequent_75_10_10.trace,OPTIMAL,,0,7,"G(->(x0,|(&(x2,x1),x1)))",OPTIMAL,,/srv/macroatlas-rq1-exact/rq1-exact-623-20260926-5x,jobs/eb1fcfbfefa398e68e73/result.json
weakening/weaken_consequent/weaken_consequent_80_10_10.trace,OPTIMAL,,0,7,"G(->(x0,|(&(x2,x1),x1)))",OPTIMAL,,/srv/macroatlas-rq1-exact/rq1-exact-623-20260926-5x,jobs/e0b31320f5f545121cfd/result.json
weakening/weaken_consequent/weaken_consequent_85_10_10.trace,OPTIMAL,,0,7,"G(->(x0,|(&(x1,x2),x1)))",OPTIMAL,,/srv/macroatlas-rq1-exact/rq1-exact-623-20260926-5x,jobs/8c6c7e14cab153c30425/result.json
weakening/weaken_consequent/weaken_consequent_90_10_10.trace,OPTIMAL,,0,7,"G(->(x0,|(&(x1,x2),x1)))",OPTIMAL,,/srv/macroatlas-rq1-exact/rq1-exact-623-20260926-5x,jobs/0d995223325c7bac77c9/result.json
weakening/weaken_consequent/weaken_consequent_95_10_10.trace,OPTIMAL,,0,7,"G(->(x0,|(&(x2,x1),x1)))",OPTIMAL,,/srv/macroatlas-rq1-exact/rq1-exact-623-20260926-5x,jobs/4bc8c15d2e31f7367f1b/result.json
