task,family,category,B,b,inputSha256,objectiveKind,oracleStatus,optimalRetainedEdges,optimalSize,oracleFormula,oracleReason,oracleCheckedSizes,oracleResultAttemptWallSec,oracleAttemptCount,oracleInterruptedAttemptCount,oracleKnownAttemptsWallSec,ATLAS-BStatus,ATLAS-BObjectivePrimary,ATLAS-BObjectiveSecondary,ATLAS-BWallSec,ATLAS-BVerification,ATLAS-BComparison,MacroATLASStatus,MacroATLASObjectivePrimary,MacroATLASObjectiveSecondary,MacroATLASWallSec,MacroATLASVerification,MacroATLASComparison,evidenceCampaign,evidencePath
5to10Traces/0024.trace,5to10Traces,plain,10,2,0d57abc1154e4fe68d03e0823d739a52f7893a122f72f3fde9028f3a8ae33c3b,MIN_EXPANDED_SIZE,TIMEOUT,,,,SMT_timeout,8,2229.9069608690006,2,0,2580.636404347001,TIMEOUT,,,180.09462376699958,IN_PROGRESS,UNRESOLVED,TIMEOUT,,,180.06350541499978,IN_PROGRESS,UNRESOLVED,/srv/macroatlas-rq1-exact/rq1-exact-623-20260926-5x,jobs/425c3740a42702250ec9/result.json
5to10Traces/0025.trace,5to10Traces,plain,10,2,38507a0ac6501a233719bcf5b5b67c29c1621684a3e1a855dc0d13a7e773e48f,MIN_EXPANDED_SIZE,TIMEOUT,,,,SMT_timeout,7,1721.6068050940012,2,0,2159.706209408001,TIMEOUT,,,180.13866602999997,IN_PROGRESS,UNRESOLVED,TIMEOUT,,,180.16497409600015,IN_PROGRESS,UNRESOLVED,/srv/macroatlas-rq1-exact/rq1-exact-623-20260926-5x,jobs/7bed5c9b85e434c7744e/result.json
5to10Traces/0026.trace,5to10Traces,plain,10,2,fc3f69ae20507e848cc21ca73eda7dd7bccf867f9de674721df7526c2f6463a1,MIN_EXPANDED_SIZE,TIMEOUT,,,,SMT_timeout,8,3176.2320616510005,2,0,3609.689691937001,TIMEOUT,,,180.1105673940001,IN_PROGRESS,UNRESOLVED,TIMEOUT,,,180.16771608700037,IN_PROGRESS,UNRESOLVED,/srv/macroatlas-rq1-exact/rq1-exact-623-20260926-5x,jobs/acf0474c349a687cabdf/result.json
5to10Traces/0027.trace,5to10Traces,plain,10,2,ebc6ebfd17f860ed1799aaa5836ba235cb0bda9d86eab7bd16a584195748e4ed,MIN_EXPANDED_SIZE,TIMEOUT,,,,SMT_timeout,7,2054.1855273229994,2,0,2706.1451457979992,TIMEOUT,,,180.25112239400005,IN_PROGRESS,UNRESOLVED,TIMEOUT,,,180.22367661099997,IN_PROGRESS,UNRESOLVED,/srv/macroatlas-rq1-exact/rq1-exact-623-20260926-5x,jobs/b4c12816284e431368db/result.json
5to10Traces/0028.trace,5to10Traces,plain,10,2,ff529adeae7753e8593aa98359266dfe653752c9f93b02843e2b714d5969b8e9,MIN_EXPANDED_SIZE,TIMEOUT,,,,SMT_timeout,7,1849.7013104279977,2,0,2366.8814190919975,TIMEOUT,,,180.1657151899999,IN_PROGRESS,UNRESOLVED,TIMEOUT,,,180.13169388000006,IN_PROGRESS,UNRESOLVED,/srv/macroatlas-rq1-exact/rq1-exact-623-20260926-5x,jobs/989d6ebd9cc3c2d86f98/result.json
5to10Traces/0029.trace,5to10Traces,plain,10,2,07a00ad7c82e28b5155dcaa566e300eeff50745de409392212cf2b4fd2399ea7,MIN_EXPANDED_SIZE,TIMEOUT,,,,SMT_timeout,7,2296.6244114340006,2,0,2692.1266431000004,TIMEOUT,,,180.40257828500035,IN_PROGRESS,UNRESOLVED,TIMEOUT,,,180.28053759900104,IN_PROGRESS,UNRESOLVED,/srv/macroatlas-rq1-exact/rq1-exact-623-20260926-5x,jobs/197399f6380e37827dd0/result.json
5to10Traces/0030.trace,5to10Traces,plain,10,2,35f848aca47ffdc2abe20fea5611e3d02f2a02a9a64ad107ce1af81e048c4b11,MIN_EXPANDED_SIZE,TIMEOUT,,,,SMT_timeout,7,2098.6739552440013,3,1,2464.0400340000006,TIMEOUT,,,180.16811998199955,IN_PROGRESS,UNRESOLVED,TIMEOUT,,,180.2267212530005,IN_PROGRESS,UNRESOLVED,/srv/macroatlas-rq1-exact/rq1-exact-623-20260926-5x,jobs/367eb7a8fe42178b329a/result.json
5to10Traces/0031.trace,5to10Traces,plain,10,2,0e62190a102c28fd19abe1f19ac42dcbc0d81046ffc5d271154d27288c3b7d3b,MIN_EXPANDED_SIZE,TIMEOUT,,,,SMT_timeout,7,3013.237744494003,2,0,3459.2833533500034,TIMEOUT,,,180.38295318999917,IN_PROGRESS,UNRESOLVED,TIMEOUT,,,180.31607652899947,IN_PROGRESS,UNRESOLVED,/srv/macroatlas-rq1-exact/rq1-exact-623-20260926-5x,jobs/aeb8390cd26b98245669/result.json
5to10Traces/0032.trace,5to10Traces,plain,10,2,57dd97edf5cc3c106dcad445c7ae0dbdcaa578bc4fc72302ed1652e13a51bc64,MIN_EXPANDED_SIZE,TIMEOUT,,,,SMT_timeout,7,2116.1849837220034,2,0,2796.8178695010038,TIMEOUT,,,180.174753487001,IN_PROGRESS,UNRESOLVED,TIMEOUT,,,180.2186060189997,IN_PROGRESS,UNRESOLVED,/srv/macroatlas-rq1-exact/rq1-exact-623-20260926-5x,jobs/16158fd11cf2e8a92717/result.json
5to10Traces/0033.trace,5to10Traces,plain,10,2,ee7ed51fee44ba93cdbb31b9b14ad02bb32f3de11c0469756dc702c50db80225,MIN_EXPANDED_SIZE,TIMEOUT,,,,SMT_timeout,7,3152.4562733890016,2,0,3655.3835325200016,TIMEOUT,,,180.4347068689999,IN_PROGRESS,UNRESOLVED,TIMEOUT,,,180.44210334000127,IN_PROGRESS,UNRESOLVED,/srv/macroatlas-rq1-exact/rq1-exact-623-20260926-5x,jobs/a3d82e325dbd07a12087/result.json
5to10Traces/0034.trace,5to10Traces,plain,10,2,5359af3606015c7bc80e09ecb994c0944124012d2a334ddb061df8ee7e0ee7e9,MIN_EXPANDED_SIZE,TIMEOUT,,,,SMT_timeout,7,2336.618769708999,2,0,2738.594850747999,TIMEOUT,,,180.1969066540005,IN_PROGRESS,UNRESOLVED,TIMEOUT,,,180.2574698239987,IN_PROGRESS,UNRESOLVED,/srv/macroatlas-rq1-exact/rq1-exact-623-20260926-5x,jobs/a966f1229194d6e6ccb9/result.json
5to10Traces/0035.trace,5to10Traces,plain,10,2,c426873f1d6100da2ac5121d8557a0015b1beb10f5c91e225ec81118451b884b,MIN_EXPANDED_SIZE,TIMEOUT,,,,SMT_timeout,6,1875.745247562998,2,0,2429.6891930149977,TIMEOUT,,,180.43664863100093,IN_PROGRESS,UNRESOLVED,TIMEOUT,,,180.30757711500019,IN_PROGRESS,UNRESOLVED,/srv/macroatlas-rq1-exact/rq1-exact-623-20260926-5x,jobs/98359dad407d6e583d2c/result.json
5to10Traces/0036.trace,5to10Traces,plain,10,2,b1e2aae2986a43365166a93f9337049f72a8d732496765ee22e195921efbf547,MIN_EXPANDED_SIZE,TIMEOUT,,,,SMT_timeout,7,2488.8004411660004,2,0,2914.194253071001,TIMEOUT,,,180.22672139899987,IN_PROGRESS,UNRESOLVED,TIMEOUT,,,180.20730142899993,IN_PROGRESS,UNRESOLVED,/srv/macroatlas-rq1-exact/rq1-exact-623-20260926-5x,jobs/53d997f3c98be7a69aec/result.json
5to10Traces/0037.trace,5to10Traces,plain,10,2,706cc48d00f6e56c776cb6c6f15b2e4616903816e710c5c243f51d0099d07091,MIN_EXPANDED_SIZE,TIMEOUT,,,,SMT_timeout,6,1916.1380217799997,2,0,2487.7268997250003,TIMEOUT,,,180.3771681019998,IN_PROGRESS,UNRESOLVED,TIMEOUT,,,180.33879543800003,IN_PROGRESS,UNRESOLVED,/srv/macroatlas-rq1-exact/rq1-exact-623-20260926-5x,jobs/67941091c1c8cd3753c0/result.json
5to10Traces/0038.trace,5to10Traces,plain,10,2,d411a5a489be3c4f9746e0d02df6458494aa8173562852ada225c09ea49dfee5,MIN_EXPANDED_SIZE,TIMEOUT,,,,SMT_timeout,7,2644.4357083589966,2,0,3106.4717048349967,TIMEOUT,,,180.25630393499978,IN_PROGRESS,UNRESOLVED,TIMEOUT,,,180.2423243910016,IN_PROGRESS,UNRESOLVED,/srv/macroatlas-rq1-exact/rq1-exact-623-20260926-5x,jobs/3007e67cf87893d40cab/result.json
5to10Traces/0039.trace,5to10Traces,plain,10,2,aa9847bdb52c00f1c8ddb561e4735990d45a46974fadc08b61b61d3bbf22efa1,MIN_EXPANDED_SIZE,TIMEOUT,,,,SMT_timeout,6,1954.9934309820019,2,0,2552.6775275080017,TIMEOUT,,,180.35227841899996,IN_PROGRESS,UNRESOLVED,TIMEOUT,,,180.39278693599954,IN_PROGRESS,UNRESOLVED,/srv/macroatlas-rq1-exact/rq1-exact-623-20260926-5x,jobs/bdb305f4151580fb431d/result.json
5to10Traces/0040.trace,5to10Traces,plain,10,2,44f5cbcc1bfb3c796d7ca0e658ddf54d832f3fe4be5a9cdddcbb1e5e8eddf61d,MIN_EXPANDED_SIZE,TIMEOUT,,,,SMT_timeout,7,2776.8316257570004,2,0,3222.5001402469998,TIMEOUT,,,180.31616292099898,IN_PROGRESS,UNRESOLVED,TIMEOUT,,,180.31076510600042,IN_PROGRESS,UNRESOLVED,/srv/macroatlas-rq1-exact/rq1-exact-623-20260926-5x,jobs/52dee0a2e5fb905d65de/result.json
5to10Traces/0041.trace,5to10Traces,plain,10,2,19adba18fde82da20adba26fd41cc7576324db55d448cd26ee2f06aab0e4e69a,MIN_EXPANDED_SIZE,TIMEOUT,,,,SMT_timeout,6,1996.440791856996,2,0,2621.148792455996,TIMEOUT,,,180.27322184500008,IN_PROGRESS,UNRESOLVED,TIMEOUT,,,180.55730849800057,IN_PROGRESS,UNRESOLVED,/srv/macroatlas-rq1-exact/rq1-exact-623-20260926-5x,jobs/aac023994ecfdbc55dae/result.json
5to10Traces/0042.trace,5to10Traces,plain,10,2,5cfb6e0dfec7365f0e68ecb0ad2f4f9871e8800b3c557179eff7b723e201b857,MIN_EXPANDED_SIZE,TIMEOUT,,,,SMT_timeout,7,2902.1747883729986,2,0,3381.4100180609985,TIMEOUT,,,180.2941398440007,IN_PROGRESS,UNRESOLVED,TIMEOUT,,,180.30428219999976,IN_PROGRESS,UNRESOLVED,/srv/macroatlas-rq1-exact/rq1-exact-623-20260926-5x,jobs/510f56ed4ed167a3b251/result.json
5to10Traces/0043.trace,5to10Traces,plain,10,2,0ba767b4a1ffc90b215690664a295541a24c200c57666378d08384c8d5bc52db,MIN_EXPANDED_SIZE,TIMEOUT,,,,SMT_timeout,6,2161.1337113699956,2,0,2885.104776407996,TIMEOUT,,,180.34128805,IN_PROGRESS,UNRESOLVED,TIMEOUT,,,180.6013669240001,IN_PROGRESS,UNRESOLVED,/srv/macroatlas-rq1-exact/rq1-exact-623-20260926-5x,jobs/e49bdb45a6a8febcdba1/result.json
5to10Traces/0114.trace,5to10Traces,plain,67,2,5be77e06b023af1250463756bf06f6c5db3c04a372a3f491f29ab97e931bf38a,MIN_EXPANDED_SIZE,TIMEOUT,,,,SMT_timeout,8,2498.208084447004,2,0,2919.4271811490034,TIMEOUT,,,180.12923738100017,IN_PROGRESS,UNRESOLVED,TIMEOUT,,,180.14163433700014,IN_PROGRESS,UNRESOLVED,/srv/macroatlas-rq1-exact/rq1-exact-623-20260926-5x,jobs/284fa4f76815844a918e/result.json
5to10Traces/0118.trace,5to10Traces,plain,67,2,7a61766dc359d3151e0d4e1ee04e9405401715c35b35d6cf874a6f7e3a076354,MIN_EXPANDED_SIZE,TIMEOUT,,,,SMT_timeout,7,2009.1638966559985,2,0,2612.9384304849973,TIMEOUT,,,180.1413509949998,IN_PROGRESS,UNRESOLVED,TIMEOUT,,,180.15703423600007,IN_PROGRESS,UNRESOLVED,/srv/macroatlas-rq1-exact/rq1-exact-623-20260926-5x,jobs/bb8b1b2c26661b7268d8/result.json
5to10Traces/0122.trace,5to10Traces,plain,67,2,897a5ba441da1c6902f1cdc93cee4464c6082662af684976e07981c9a6b917d3,MIN_EXPANDED_SIZE,TIMEOUT,,,,SMT_timeout,7,2438.121009100003,2,0,2837.745972773002,TIMEOUT,,,180.1765166210007,IN_PROGRESS,UNRESOLVED,TIMEOUT,,,180.2351314080006,IN_PROGRESS,UNRESOLVED,/srv/macroatlas-rq1-exact/rq1-exact-623-20260926-5x,jobs/e3200b3320441c50b4aa/result.json
5to10Traces/0124.trace,5to10Traces,plain,67,2,55ab5b41efbf8296ff4d2cbe513f62334719832cba180ff0c7ad5be330854371,MIN_EXPANDED_SIZE,TIMEOUT,,,,SMT_timeout,7,2543.160632125,2,0,2961.688192456999,TIMEOUT,,,180.19189928700007,IN_PROGRESS,UNRESOLVED,TIMEOUT,,,180.2164103260002,IN_PROGRESS,UNRESOLVED,/srv/macroatlas-rq1-exact/rq1-exact-623-20260926-5x,jobs/84be0f222006cf0a33c1/result.json
5to10Traces/0126.trace,5to10Traces,plain,67,2,06b8f145441a4c53b4a1f07f068961f9d977fdc8ca1bae46737002179a95f00e,MIN_EXPANDED_SIZE,TIMEOUT,,,,SMT_timeout,7,2658.782632718998,2,0,3111.198675646998,TIMEOUT,,,180.230481778,IN_PROGRESS,UNRESOLVED,TIMEOUT,,,180.28455729300003,IN_PROGRESS,UNRESOLVED,/srv/macroatlas-rq1-exact/rq1-exact-623-20260926-5x,jobs/f7049eeaae035bd1af62/result.json
5to10Traces/0128.trace,5to10Traces,plain,67,2,b5d6342146db3553a3dcf5758ec58215536115c1632db0303a0b7e62d038592a,MIN_EXPANDED_SIZE,TIMEOUT,,,,SMT_timeout,7,2759.2608628559974,2,0,3223.223826239997,TIMEOUT,,,180.31734446500013,IN_PROGRESS,UNRESOLVED,TIMEOUT,,,180.2520503070009,IN_PROGRESS,UNRESOLVED,/srv/macroatlas-rq1-exact/rq1-exact-623-20260926-5x,jobs/dc960399681cbacef18f/result.json
5to10Traces/0130.trace,5to10Traces,plain,67,2,7eeea4da9600647b4ca3c724512372bbb595ada3823a84b02f170fa928a4c6bf,MIN_EXPANDED_SIZE,TIMEOUT,,,,SMT_timeout,7,2942.180702866004,2,0,3413.738903815003,TIMEOUT,,,180.26771116999953,IN_PROGRESS,UNRESOLVED,TIMEOUT,,,180.2880737079995,IN_PROGRESS,UNRESOLVED,/srv/macroatlas-rq1-exact/rq1-exact-623-20260926-5x,jobs/782cbd1133a506750df4/result.json
5to10Traces/0165.trace,5to10Traces,plain,6,2,43f2142433c9b3046e39e2cecba2ab6f12de2f060be5a409edc2d34939e9cbd4,MIN_EXPANDED_SIZE,TIMEOUT,,,,SMT_timeout,6,1788.353424175999,4,0,3756.0918411019998,TIMEOUT,,,180.30161914500013,IN_PROGRESS,UNRESOLVED,TIMEOUT,,,180.27202427199882,IN_PROGRESS,UNRESOLVED,/srv/macroatlas-rq1-exact/rq1-exact-623-20260926-5x,jobs/b43fefd70429cd8ee843/result.json
5to10Traces/0167.trace,5to10Traces,plain,6,2,de9222b66cb05b730d04d9402205c708cb7a392a3663ddec8dcc12ce7051f8b2,MIN_EXPANDED_SIZE,TIMEOUT,,,,SMT_timeout,6,1862.0631418429984,4,0,3953.774263628998,TIMEOUT,,,180.35837330599998,IN_PROGRESS,UNRESOLVED,TIMEOUT,,,180.26005740300025,IN_PROGRESS,UNRESOLVED,/srv/macroatlas-rq1-exact/rq1-exact-623-20260926-5x,jobs/e3c60773d1caa1476d4d/result.json
5to10Traces/0169.trace,5to10Traces,plain,6,2,604c64f4fe5c15293a02c7a950a094fe7237524676db62bb33b8ebcf96274598,MIN_EXPANDED_SIZE,TIMEOUT,,,,SMT_timeout,6,1914.6523287199998,4,0,4066.1770724030002,TIMEOUT,,,180.44822213000043,IN_PROGRESS,UNRESOLVED,TIMEOUT,,,180.2944616929999,IN_PROGRESS,UNRESOLVED,/srv/macroatlas-rq1-exact/rq1-exact-623-20260926-5x,jobs/de65a0e45e536c5f9c37/result.json
5to10Traces/0171.trace,5to10Traces,plain,6,2,b20ab982fceffe4adbbfb37241ddd8dbd85b26501d8b13f20e9fb892232c88c6,MIN_EXPANDED_SIZE,TIMEOUT,,,,SMT_timeout,6,2011.4037408229997,4,1,2895.1462566609994,TIMEOUT,,,180.46551641599945,IN_PROGRESS,UNRESOLVED,TIMEOUT,,,180.298257121,IN_PROGRESS,UNRESOLVED,/srv/macroatlas-rq1-exact/rq1-exact-623-20260926-5x,jobs/73ce1c5352c9e637238f/result.json
5to10Traces/0173.trace,5to10Traces,plain,6,2,027b9d21049f56e1d569a406b650b8449dffbfbe65a47d8da69ec7d0a0bfaa23,MIN_EXPANDED_SIZE,TIMEOUT,,,,SMT_timeout,6,2059.4395709710006,4,2,2720.2531492480007,TIMEOUT,,,180.44549977400004,IN_PROGRESS,UNRESOLVED,TIMEOUT,,,180.34838625200007,IN_PROGRESS,UNRESOLVED,/srv/macroatlas-rq1-exact/rq1-exact-623-20260926-5x,jobs/92089866b061e71f419d/result.json
5to10Traces/0175.trace,5to10Traces,plain,6,2,28732aebd9a32ac10df5fde6e83c5c5b69a775b314df1fd64c6db1ea9f1cd116,MIN_EXPANDED_SIZE,TIMEOUT,,,,SMT_timeout,6,2151.565208621003,4,2,2878.6188155550026,TIMEOUT,,,180.33218828999998,IN_PROGRESS,UNRESOLVED,TIMEOUT,,,180.42047948299842,IN_PROGRESS,UNRESOLVED,/srv/macroatlas-rq1-exact/rq1-exact-623-20260926-5x,jobs/94df50dfcf59ff04a823/result.json
baseTest/0001.trace,baseTest,plain,10,2,9547ffb5a3f76c5b4a41be156b2d786934fb0a67853456691c927aafbe7cc350,MIN_EXPANDED_SIZE,TIMEOUT,,,,SMT_timeout,7,2577.299189068999,2,0,3018.2970708699986,TIMEOUT,,,180.23143733799952,IN_PROGRESS,UNRESOLVED,TIMEOUT,,,180.30208109500018,IN_PROGRESS,UNRESOLVED,/srv/macroatlas-rq1-exact/rq1-exact-623-20260926-5x,jobs/8796024d9677ae4de12a/result.json
baseTest/0003.trace,baseTest,plain,10,2,9d0781db353a283bf3632c6789a888d5ec911aebae55319d22c203997ded5dd6,MIN_EXPANDED_SIZE,TIMEOUT,,,,SMT_timeout,7,2927.042288798002,2,0,3412.7077561290016,TIMEOUT,,,180.31648847399993,IN_PROGRESS,UNRESOLVED,TIMEOUT,,,180.3528585210006,IN_PROGRESS,UNRESOLVED,/srv/macroatlas-rq1-exact/rq1-exact-623-20260926-5x,jobs/f1488757391174b7661b/result.json
baseTest/0004.trace,baseTest,plain,10,2,7aa00584c4ad2de7006e587b72dcde92c0e7845ed79c9f95bf570bb9cbfdc063,MIN_EXPANDED_SIZE,TIMEOUT,,,,SMT_timeout,6,1860.5286047440022,2,0,2397.1172241990025,TIMEOUT,,,180.38543344500067,IN_PROGRESS,UNRESOLVED,TIMEOUT,,,180.39226185200005,IN_PROGRESS,UNRESOLVED,/srv/macroatlas-rq1-exact/rq1-exact-623-20260926-5x,jobs/b1c4dec829d43740b115/result.json
baseTest/0005.trace,baseTest,plain,10,2,20c6c43cc7f2f8eb85ba9b564b1e146ecb731d0d44d4a16139452fb0713522a6,MIN_EXPANDED_SIZE,TIMEOUT,,,,SMT_timeout,6,2646.655894773001,2,0,3230.4476903760005,ERROR,,,7.339136352999958,FAILED,UNRESOLVED,TIMEOUT,,,180.37502264800014,IN_PROGRESS,UNRESOLVED,/srv/macroatlas-rq1-exact/rq1-exact-623-20260926-5x,jobs/040b9fb96e2322abf986/result.json
baseTest/0006.trace,baseTest,plain,10,2,a4875e300f2efbc8da4907b662fde75274e8e6d78dce4a030d2fecd0d5b6bb40,MIN_EXPANDED_SIZE,TIMEOUT,,,,SMT_timeout,8,3286.654459600999,2,0,3763.3186342089984,TIMEOUT,,,180.15872377400046,IN_PROGRESS,UNRESOLVED,TIMEOUT,,,180.20377772099982,IN_PROGRESS,UNRESOLVED,/srv/macroatlas-rq1-exact/rq1-exact-623-20260926-5x,jobs/dca9f4c1fedcaf690068/result.json
baseTest/0025.trace,baseTest,plain,6,2,76c4a7293fcbc391e510c9fdec6cda107581fedf9a878e65a3a67d7e897419f0,MIN_EXPANDED_SIZE,TIMEOUT,,,,SMT_timeout,6,1868.4127180100004,3,1,2412.1903277580004,TIMEOUT,,,180.27171520199954,IN_PROGRESS,UNRESOLVED,TIMEOUT,,,180.24241883299965,IN_PROGRESS,UNRESOLVED,/srv/macroatlas-rq1-exact/rq1-exact-623-20260926-5x,jobs/c71dbdd138294fa1f80f/result.json
baseTest/0026.trace,baseTest,plain,6,2,c1fae1fcd3b0bb0f99c0e135639da132714f971a145d59f958b456cfd73c08c3,MIN_EXPANDED_SIZE,TIMEOUT,,,,SMT_timeout,6,2545.684984448999,3,1,3113.0252293239982,ERROR,,,6.852685704000123,FAILED,UNRESOLVED,TIMEOUT,,,180.43991156700008,IN_PROGRESS,UNRESOLVED,/srv/macroatlas-rq1-exact/rq1-exact-623-20260926-5x,jobs/a574b1eb02ee1fdb3a5f/result.json
disjunctedExistence/0003.trace,disjunctedExistence,plain,36,2,424507b2de8960903fda914ede4da873c9ed6d3925a5e02f18cb3b19d0ece32e,MIN_EXPANDED_SIZE,TIMEOUT,,,,SMT_timeout,7,1995.8004649819995,2,0,2615.593576932999,TIMEOUT,,,180.1114608759999,IN_PROGRESS,UNRESOLVED,TIMEOUT,,,180.11097228800008,IN_PROGRESS,UNRESOLVED,/srv/macroatlas-rq1-exact/rq1-exact-623-20260926-5x,jobs/7ae009d75340a5a366eb/result.json
disjunctedExistence/0006.trace,disjunctedExistence,plain,36,2,0e0f0f8358471184615f2f0433167538d8968d843bc7bcd9a977a2151225d8a2,MIN_EXPANDED_SIZE,TIMEOUT,,,,SMT_timeout,7,2378.6506181789955,2,0,2757.6034033989963,TIMEOUT,,,180.141457669999,IN_PROGRESS,UNRESOLVED,TIMEOUT,,,180.230367441,IN_PROGRESS,UNRESOLVED,/srv/macroatlas-rq1-exact/rq1-exact-623-20260926-5x,jobs/a9036e444f2ddbd01e4d/result.json
disjunctedExistence/0009.trace,disjunctedExistence,plain,36,2,1808d3ef3a9d5d8bb99423643f556bcbc170897950dc5f771dc89b5d3ea4e21d,MIN_EXPANDED_SIZE,TIMEOUT,,,,SMT_timeout,7,2852.380159706001,2,0,3267.3817583850014,TIMEOUT,,,180.17175412800134,IN_PROGRESS,UNRESOLVED,TIMEOUT,,,180.1721984379983,IN_PROGRESS,UNRESOLVED,/srv/macroatlas-rq1-exact/rq1-exact-623-20260926-5x,jobs/3817d2078205938adf62/result.json
disjunctedExistence/0012.trace,disjunctedExistence,plain,36,2,ca651d108be883ce1902f3503e423288abb4ccb7c55aa057ad7ac2a8dbb3c293,MIN_EXPANDED_SIZE,TIMEOUT,,,,SMT_timeout,7,2771.5127466279955,2,0,3201.2058946639954,TIMEOUT,,,180.2284462109992,IN_PROGRESS,UNRESOLVED,TIMEOUT,,,180.26061073900019,IN_PROGRESS,UNRESOLVED,/srv/macroatlas-rq1-exact/rq1-exact-623-20260926-5x,jobs/ebe4c498c82bb0200228/result.json
disjunctedExistence/0015.trace,disjunctedExistence,plain,36,2,1bfdce4b3f7d8319b507423f0276b9623575e0c9bd3e72db79a089df5b0b4f6b,MIN_EXPANDED_SIZE,TIMEOUT,,,,SMT_timeout,7,3056.690741829996,2,0,3526.274962913996,TIMEOUT,,,180.31931841500045,IN_PROGRESS,UNRESOLVED,TIMEOUT,,,180.24049000000014,IN_PROGRESS,UNRESOLVED,/srv/macroatlas-rq1-exact/rq1-exact-623-20260926-5x,jobs/a7269a90e48718f3ec74/result.json
disjunctedExistence/0018.trace,disjunctedExistence,plain,36,2,2786837aa8a2b43607b5445f018ad5814e357ff5849f7ef8b11bb649c131a26b,MIN_EXPANDED_SIZE,TIMEOUT,,,,SMT_timeout,6,1866.877720864999,2,0,2404.0600127829985,TIMEOUT,,,180.31192247500076,IN_PROGRESS,UNRESOLVED,TIMEOUT,,,180.2763105439999,IN_PROGRESS,UNRESOLVED,/srv/macroatlas-rq1-exact/rq1-exact-623-20260926-5x,jobs/2581a52086dc6b8708af/result.json
disjunctedExistence/0021.trace,disjunctedExistence,plain,36,2,7c153275999711b89ac7dfe3272080e06f4dfd9607e4c22582b295b2e6a11951,MIN_EXPANDED_SIZE,TIMEOUT,,,,SMT_timeout,6,2037.4130505759967,2,0,2680.1686505269954,TIMEOUT,,,180.4078343910005,IN_PROGRESS,UNRESOLVED,TIMEOUT,,,180.3103649059999,IN_PROGRESS,UNRESOLVED,/srv/macroatlas-rq1-exact/rq1-exact-623-20260926-5x,jobs/61849b96652f201daa91/result.json
disjunctedExistence/0048.trace,disjunctedExistence,plain,134,2,f40572e52f00c672d689de94400867426882c00278f9ad24fc73f6c37a203d3c,MIN_EXPANDED_SIZE,TIMEOUT,,,,SMT_timeout,7,1984.1600174240011,2,0,2589.1936254539996,TIMEOUT,,,180.12098705300014,IN_PROGRESS,UNRESOLVED,TIMEOUT,,,180.1285541139987,IN_PROGRESS,UNRESOLVED,/srv/macroatlas-rq1-exact/rq1-exact-623-20260926-5x,jobs/a8e1e8f18a3ec6e7563b/result.json
disjunctedExistence/0051.trace,disjunctedExistence,plain,134,2,aa52387a1981bbc65e2191e92595db67c0d9ea3192605a3b1c6cb022ebccd084,MIN_EXPANDED_SIZE,TIMEOUT,,,,SMT_timeout,7,2027.0955812600005,2,0,2419.467760166999,TIMEOUT,,,180.1900143419989,IN_PROGRESS,UNRESOLVED,TIMEOUT,,,180.21742906999953,IN_PROGRESS,UNRESOLVED,/srv/macroatlas-rq1-exact/rq1-exact-623-20260926-5x,jobs/bd82d722f9be4d871ac8/result.json
disjunctedExistence/0054.trace,disjunctedExistence,plain,134,2,092edbe817520f3dea1c1708f793a024f854f6785c11b969e7cc80168bfe7282,MIN_EXPANDED_SIZE,TIMEOUT,,,,SMT_timeout,7,2947.6865246190064,2,0,3412.1395912950065,TIMEOUT,,,180.22036415499952,IN_PROGRESS,UNRESOLVED,TIMEOUT,,,180.21212921799997,IN_PROGRESS,UNRESOLVED,/srv/macroatlas-rq1-exact/rq1-exact-623-20260926-5x,jobs/6e6af6f9101502e48a78/result.json
disjunctedExistence/0055.trace,disjunctedExistence,plain,134,2,c94e259027212905fc24057176069edd3844cda7b23707d016f228c9db37693c,MIN_EXPANDED_SIZE,TIMEOUT,,,,SMT_timeout,6,1724.8416919709998,2,0,2235.125763566997,TIMEOUT,,,180.38369627499992,IN_PROGRESS,UNRESOLVED,TIMEOUT,,,180.27245468799993,IN_PROGRESS,UNRESOLVED,/srv/macroatlas-rq1-exact/rq1-exact-623-20260926-5x,jobs/b5f5bfefe25ce609af09/result.json
disjunctedExistence/0057.trace,disjunctedExistence,plain,134,2,6e6462f56f7be1474c46e342cd9b52c0e2b197772fd4f9243e9ad16e47672048,MIN_EXPANDED_SIZE,TIMEOUT,,,,SMT_timeout,6,1842.9007235919998,2,0,2358.6512767789973,TIMEOUT,,,180.32147379900016,IN_PROGRESS,UNRESOLVED,TIMEOUT,,,180.20309165800018,IN_PROGRESS,UNRESOLVED,/srv/macroatlas-rq1-exact/rq1-exact-623-20260926-5x,jobs/564d632676a2c8d3c020/result.json
disjunctedExistence/0060.trace,disjunctedExistence,plain,134,2,ae8c721ccca0c09bb1caaa404fe38187b88082487b2dd912873a54f1110e35d3,MIN_EXPANDED_SIZE,TIMEOUT,,,,SMT_timeout,6,1904.0052503540064,2,0,2464.4826602140056,TIMEOUT,,,180.29093181999997,IN_PROGRESS,UNRESOLVED,TIMEOUT,,,180.2531725989993,IN_PROGRESS,UNRESOLVED,/srv/macroatlas-rq1-exact/rq1-exact-623-20260926-5x,jobs/6ce3640a3f6bdc2a9ead/result.json
disjunctedExistence/0061.trace,disjunctedExistence,plain,134,2,05796686e3c55d78c6963abdea7159548834606d6e6ce6ea7e70e2122c847d73,MIN_EXPANDED_SIZE,TIMEOUT,,,,SMT_timeout,6,2034.716737912997,2,0,2690.3309364559955,TIMEOUT,,,180.60232817799988,IN_PROGRESS,UNRESOLVED,TIMEOUT,,,180.38157655400028,IN_PROGRESS,UNRESOLVED,/srv/macroatlas-rq1-exact/rq1-exact-623-20260926-5x,jobs/27aa18330c6933482c04/result.json
disjunctedExistence/0063.trace,disjunctedExistence,plain,134,2,626d67f59fe04a454da0de7737bf2ad85b99392a408360b738091701b07475ab,MIN_EXPANDED_SIZE,TIMEOUT,,,,SMT_timeout,6,2019.1409864550005,2,0,2666.9303950740014,TIMEOUT,,,180.45793356099966,IN_PROGRESS,UNRESOLVED,TIMEOUT,,,180.35328835700057,IN_PROGRESS,UNRESOLVED,/srv/macroatlas-rq1-exact/rq1-exact-623-20260926-5x,jobs/f68d03d30f8f5a3b4cf0/result.json
disjunctedExistence/0064.trace,disjunctedExistence,plain,134,2,fc617b191fd4d845769d17e2dd10f4af437581f59ee25a7839c6dec061cc113e,MIN_EXPANDED_SIZE,TIMEOUT,,,,SMT_timeout,6,1984.1960858380044,2,0,2666.5944707290055,TIMEOUT,,,180.3026005900001,IN_PROGRESS,UNRESOLVED,TIMEOUT,,,180.4265580629999,IN_PROGRESS,UNRESOLVED,/srv/macroatlas-rq1-exact/rq1-exact-623-20260926-5x,jobs/b3255a70593f8b89bf03/result.json
disjunctedExistence/0066.trace,disjunctedExistence,plain,134,2,43d4cd6a258fce14a544ddfc107ce97e4591d36af4a6b020ee012f67194b5a6f,MIN_EXPANDED_SIZE,TIMEOUT,,,,SMT_timeout,6,2230.0167942500048,2,0,2955.0773718740056,TIMEOUT,,,180.4903877149991,IN_PROGRESS,UNRESOLVED,TIMEOUT,,,180.4006281410002,IN_PROGRESS,UNRESOLVED,/srv/macroatlas-rq1-exact/rq1-exact-623-20260926-5x,jobs/d60d35b900aad921c0b3/result.json
disjunctedExistence/0069.trace,disjunctedExistence,plain,134,2,622819d40ba94df8d8abeb6b955778f2a23b50fbe826af1277da478a3864b519,MIN_EXPANDED_SIZE,TIMEOUT,,,,SMT_timeout,6,2573.670769384,2,0,3107.531704085999,TIMEOUT,,,180.3755558969999,IN_PROGRESS,UNRESOLVED,TIMEOUT,,,180.54882674200053,IN_PROGRESS,UNRESOLVED,/srv/macroatlas-rq1-exact/rq1-exact-623-20260926-5x,jobs/d8c299fa4defe07f41bc/result.json
disjunctedExistence/0070.trace,disjunctedExistence,plain,134,2,0cfd956822f9adddc5db2a29649255f2a901633e32f3a021d3575c9899d300fe,MIN_EXPANDED_SIZE,TIMEOUT,,,,SMT_timeout,6,2343.9751505230015,2,0,2931.7851113960023,TIMEOUT,,,180.4395075020002,IN_PROGRESS,UNRESOLVED,TIMEOUT,,,180.49940114699984,IN_PROGRESS,UNRESOLVED,/srv/macroatlas-rq1-exact/rq1-exact-623-20260926-5x,jobs/eb6384aca7bb71503784/result.json
equal/0001.trace,equal,plain,10,2,d49246fb746c17e1586e2867db0b38c03500efb47fb5651cf4883b43a0b95c1e,MIN_EXPANDED_SIZE,TIMEOUT,,,,SMT_timeout,7,2022.0697502529983,2,0,2642.432959740998,TIMEOUT,,,180.1490040940007,IN_PROGRESS,UNRESOLVED,TIMEOUT,,,180.16416968399972,IN_PROGRESS,UNRESOLVED,/srv/macroatlas-rq1-exact/rq1-exact-623-20260926-5x,jobs/03458c2a64614f2f246d/result.json
equal/0002.trace,equal,plain,10,2,c4c504b73ecfe3051e9f57b0451084de14d0e5758787b689f5de361e371bbb0f,MIN_EXPANDED_SIZE,TIMEOUT,,,,SMT_timeout,8,1849.5299231120007,2,0,2330.7052753430007,TIMEOUT,,,180.0595046020003,IN_PROGRESS,UNRESOLVED,TIMEOUT,,,180.06128597499992,IN_PROGRESS,UNRESOLVED,/srv/macroatlas-rq1-exact/rq1-exact-623-20260926-5x,jobs/f7c7eb3495a4fd4e9ac2/result.json
equal/0003.trace,equal,plain,10,2,a54af567df01635ac7e9ab2c69fccc5dfbe7036e61a5ece6e8b14f34a75d81f1,MIN_EXPANDED_SIZE,TIMEOUT,,,,SMT_timeout,7,2385.204344801001,2,0,2788.0916764899994,TIMEOUT,,,180.24308133999875,IN_PROGRESS,UNRESOLVED,TIMEOUT,,,180.2732904429995,IN_PROGRESS,UNRESOLVED,/srv/macroatlas-rq1-exact/rq1-exact-623-20260926-5x,jobs/47165ee0bff2704724a0/result.json
equal/0004.trace,equal,plain,10,2,332954efe6beae93332a9411a11e213582f0e3d5fca888d0efe93f8cb778dcdd,MIN_EXPANDED_SIZE,TIMEOUT,,,,SMT_timeout,7,2758.8855661609996,2,0,3197.064395401,TIMEOUT,,,180.25215527799992,IN_PROGRESS,UNRESOLVED,TIMEOUT,,,180.310413789,IN_PROGRESS,UNRESOLVED,/srv/macroatlas-rq1-exact/rq1-exact-623-20260926-5x,jobs/e46a5f755c6ef207c866/result.json
equal/0005.trace,equal,plain,10,2,86453d0b027578128918dd8e6850374eed8381f32b6ec05b52993568e47b4517,MIN_EXPANDED_SIZE,TIMEOUT,,,,SMT_timeout,6,2100.425482622002,2,0,2796.8248533640017,TIMEOUT,,,180.4603380260014,IN_PROGRESS,UNRESOLVED,TIMEOUT,,,180.4672987920003,IN_PROGRESS,UNRESOLVED,/srv/macroatlas-rq1-exact/rq1-exact-623-20260926-5x,jobs/13353d855b8144270cd9/result.json
equal/0006.trace,equal,plain,10,2,32a25bd96a241f1fd10f4bf5f991f6898b65b0e7799fc6e658adc867dfe067f8,MIN_EXPANDED_SIZE,TIMEOUT,,,,SMT_timeout,8,3077.4491983630032,2,0,3573.057031674003,TIMEOUT,,,180.10905697400085,IN_PROGRESS,UNRESOLVED,TIMEOUT,,,180.17258744399987,IN_PROGRESS,UNRESOLVED,/srv/macroatlas-rq1-exact/rq1-exact-623-20260926-5x,jobs/d37ea97cd95b97aee11c/result.json
equal/0026.trace,equal,plain,6,2,88e940e86be14702db987816ee958a630575c2bd110e6bb025fa8a60b3e90740,MIN_EXPANDED_SIZE,TIMEOUT,,,,SMT_timeout,6,2151.761672775003,3,1,2885.7163455900027,TIMEOUT,,,180.40487819300006,IN_PROGRESS,UNRESOLVED,TIMEOUT,,,180.42386394000005,IN_PROGRESS,UNRESOLVED,/srv/macroatlas-rq1-exact/rq1-exact-623-20260926-5x,jobs/56b5ff6534122a34437f/result.json
increasingNumVariables/0017.trace,increasingNumVariables,plain,20,2,259f511901444c8d8fdcc15939dc7c2cbcc4ef75a52afbc2fca95b757b67dfdc,MIN_EXPANDED_SIZE,TIMEOUT,,,,SMT_timeout,8,2765.149585842002,2,0,3141.2169103000033,TIMEOUT,,,180.04158285199992,IN_PROGRESS,UNRESOLVED,TIMEOUT,,,180.0935489830008,IN_PROGRESS,UNRESOLVED,/srv/macroatlas-rq1-exact/rq1-exact-623-20260926-5x,jobs/fe2f228675639aee1b90/result.json
increasingNumVariables/0018.trace,increasingNumVariables,plain,20,2,95dfed9bcdbf631ea398e2743fa8ed7c48bf8428fbd0951f70a91f28a335a8de,MIN_EXPANDED_SIZE,TIMEOUT,,,,SMT_timeout,8,2928.926012113996,2,0,3322.618819221996,TIMEOUT,,,180.07473583000137,IN_PROGRESS,UNRESOLVED,TIMEOUT,,,180.1180073630003,IN_PROGRESS,UNRESOLVED,/srv/macroatlas-rq1-exact/rq1-exact-623-20260926-5x,jobs/ee1dbbc04bc6f0651127/result.json
increasingNumVariables/0019.trace,increasingNumVariables,plain,20,2,6f005d78edc710d2c62fa5cbbde82652ac3302eed6133dca5eed9c797e70f493,MIN_EXPANDED_SIZE,TIMEOUT,,,,SMT_timeout,8,3247.4700991459977,2,0,3688.3504943399985,TIMEOUT,,,180.10033486300017,IN_PROGRESS,UNRESOLVED,TIMEOUT,,,180.08505459200023,IN_PROGRESS,UNRESOLVED,/srv/macroatlas-rq1-exact/rq1-exact-623-20260926-5x,jobs/59b31b26676c47f2fe79/result.json
increasingNumVariables/0020.trace,increasingNumVariables,plain,20,2,311b784809d3a10949bdcc74d37655d9d9670a6d5ac7dd710e9af302bba16b28,MIN_EXPANDED_SIZE,TIMEOUT,,,,SMT_timeout,8,3047.5950510300027,2,0,3469.5135302530016,TIMEOUT,,,180.10967579200042,IN_PROGRESS,UNRESOLVED,TIMEOUT,,,180.08904297400022,IN_PROGRESS,UNRESOLVED,/srv/macroatlas-rq1-exact/rq1-exact-623-20260926-5x,jobs/764497a2fb6d824504fa/result.json
increasingNumVariables/0021.trace,increasingNumVariables,plain,20,2,989fc91e6a7271d67957e6d27849d4bdd0bfb1ce56ac4f7b512f6d178148f375,MIN_EXPANDED_SIZE,TIMEOUT,,,,SMT_timeout,7,1715.8726214370035,2,0,2143.514659741004,TIMEOUT,,,180.10578040699966,IN_PROGRESS,UNRESOLVED,TIMEOUT,,,180.14054553499955,IN_PROGRESS,UNRESOLVED,/srv/macroatlas-rq1-exact/rq1-exact-623-20260926-5x,jobs/621a87dd84376a016abb/result.json
increasingNumVariables/0022.trace,increasingNumVariables,plain,20,2,00d8d266dc5992c7363d439f814f2dae3511df0998a2c8d137a715baf7fa41a9,MIN_EXPANDED_SIZE,TIMEOUT,,,,SMT_timeout,7,1867.996189407997,2,0,2407.176853711997,TIMEOUT,,,180.1266031719997,IN_PROGRESS,UNRESOLVED,TIMEOUT,,,180.18837969000015,IN_PROGRESS,UNRESOLVED,/srv/macroatlas-rq1-exact/rq1-exact-623-20260926-5x,jobs/17e40c2e0869a1a15116/result.json
increasingNumVariables/0023.trace,increasingNumVariables,plain,20,2,4f6b09f5963f91fc0cf5f929f73982cbc23193e0effa97207488206d56b9e47a,MIN_EXPANDED_SIZE,TIMEOUT,,,,SMT_timeout,7,1820.5904653160032,2,0,2298.8687258300033,TIMEOUT,,,180.11807107800087,IN_PROGRESS,UNRESOLVED,TIMEOUT,,,180.15906842200002,IN_PROGRESS,UNRESOLVED,/srv/macroatlas-rq1-exact/rq1-exact-623-20260926-5x,jobs/1ba5d4903ec780fc280b/result.json
increasingNumVariables/0024.trace,increasingNumVariables,plain,37,2,a6cb32342ce9879b98c0c7fc6e3c5ea45ab53a2b78d83e2adbb07a8fca75e9a7,MIN_EXPANDED_SIZE,TIMEOUT,,,,SMT_timeout,8,2954.7123801889975,2,0,3306.8320513849976,TIMEOUT,,,180.0579037589996,IN_PROGRESS,UNRESOLVED,TIMEOUT,,,180.09014240800025,IN_PROGRESS,UNRESOLVED,/srv/macroatlas-rq1-exact/rq1-exact-623-20260926-5x,jobs/9f9377e39b9d74f005d1/result.json
increasingNumVariables/0025.trace,increasingNumVariables,plain,37,2,38a441c409dc2b144fe14941b02a00a5998292fb1b1082fa897059c9cb05d284,MIN_EXPANDED_SIZE,TIMEOUT,,,,SMT_timeout,8,3072.490163331,2,0,3474.8033277720006,TIMEOUT,,,180.08936442999948,IN_PROGRESS,UNRESOLVED,TIMEOUT,,,180.12052863600002,IN_PROGRESS,UNRESOLVED,/srv/macroatlas-rq1-exact/rq1-exact-623-20260926-5x,jobs/62d5bbe26f6abfb6cbfc/result.json
increasingNumVariables/0026.trace,increasingNumVariables,plain,37,2,b20ab2030cacd00b675a176bb62d9a1c86f7b093e187cce6caa442da9506b75c,MIN_EXPANDED_SIZE,TIMEOUT,,,,SMT_timeout,8,3012.7261387239996,2,0,3428.7338825789993,TIMEOUT,,,180.06991468600063,IN_PROGRESS,UNRESOLVED,TIMEOUT,,,180.08196922600018,IN_PROGRESS,UNRESOLVED,/srv/macroatlas-rq1-exact/rq1-exact-623-20260926-5x,jobs/1363b1896c3263928b3b/result.json
increasingNumVariables/0027.trace,increasingNumVariables,plain,37,2,eef1369c346b66bd1122b82261ff2687558f5613d70c776b649a1aacabd58a8d,MIN_EXPANDED_SIZE,TIMEOUT,,,,SMT_timeout,7,1771.848356954004,2,0,2237.3633365110036,TIMEOUT,,,180.09028802799912,IN_PROGRESS,UNRESOLVED,TIMEOUT,,,180.09981134200007,IN_PROGRESS,UNRESOLVED,/srv/macroatlas-rq1-exact/rq1-exact-623-20260926-5x,jobs/ba026efecbda84894bb4/result.json
increasingNumVariables/0028.trace,increasingNumVariables,plain,37,2,1b1c0b48abca612269a0a5beb3e2df127dfb1f148f79e2f87cef4d6657e029bb,MIN_EXPANDED_SIZE,TIMEOUT,,,,SMT_timeout,7,1762.0238382099997,2,0,2221.3157306449993,TIMEOUT,,,180.06964792899998,IN_PROGRESS,UNRESOLVED,TIMEOUT,,,180.10121412800072,IN_PROGRESS,UNRESOLVED,/srv/macroatlas-rq1-exact/rq1-exact-623-20260926-5x,jobs/8bcddab97136a801a319/result.json
increasingNumVariables/0029.trace,increasingNumVariables,plain,37,2,8a7057275ae0b67e48e560de6a18e860f8fc1cb61de272ff2366964b469ba2c9,MIN_EXPANDED_SIZE,TIMEOUT,,,,SMT_timeout,7,1857.0369393039946,2,0,2400.1498464309952,TIMEOUT,,,180.06754941200052,IN_PROGRESS,UNRESOLVED,TIMEOUT,,,180.09947358499994,IN_PROGRESS,UNRESOLVED,/srv/macroatlas-rq1-exact/rq1-exact-623-20260926-5x,jobs/0d12b271ddcde03353eb/result.json
increasingNumVariables/0030.trace,increasingNumVariables,plain,37,2,8b5c385f728795afd3076a4ed38bf4d5c720f5e5896238927136d77c436417a8,MIN_EXPANDED_SIZE,TIMEOUT,,,,SMT_timeout,7,1801.8290856150052,2,0,2280.2711194280055,TIMEOUT,,,180.12651161199938,IN_PROGRESS,UNRESOLVED,TIMEOUT,,,180.11659280000003,IN_PROGRESS,UNRESOLVED,/srv/macroatlas-rq1-exact/rq1-exact-623-20260926-5x,jobs/7b07e289b414ec8ea285/result.json
increasingNumVariables/0031.trace,increasingNumVariables,plain,37,2,b9d9c6a6bf77197e2bd0a86c6f3ffb489ac0728893e34ce2b3455f63bc22a619,MIN_EXPANDED_SIZE,TIMEOUT,,,,SMT_timeout,7,2039.1794302740018,2,0,2684.2679931660005,TIMEOUT,,,180.09743184299987,IN_PROGRESS,UNRESOLVED,TIMEOUT,,,180.1390929320005,IN_PROGRESS,UNRESOLVED,/srv/macroatlas-rq1-exact/rq1-exact-623-20260926-5x,jobs/3af3d5d9697d286789a6/result.json
increasingNumVariables/0032.trace,increasingNumVariables,plain,70,2,b7cf7580413326dac839559fdca50aaec97939547f69aa0a041b6d9bb0412465,MIN_EXPANDED_SIZE,TIMEOUT,,,,SMT_timeout,8,2207.852154427994,2,0,2594.3526783469933,TIMEOUT,,,180.08384242600005,IN_PROGRESS,UNRESOLVED,TIMEOUT,,,180.07834592499967,IN_PROGRESS,UNRESOLVED,/srv/macroatlas-rq1-exact/rq1-exact-623-20260926-5x,jobs/d20c54976a01453362b9/result.json
increasingNumVariables/0033.trace,increasingNumVariables,plain,70,2,80d7b99994d4daf5e9963e4a57213517ce3e29bfda521ef5a4a9bc44fcaf6fab,MIN_EXPANDED_SIZE,TIMEOUT,,,,SMT_timeout,7,1715.0236952469932,2,0,2135.5518613809945,TIMEOUT,,,180.06309196000075,IN_PROGRESS,UNRESOLVED,TIMEOUT,,,180.1055086209999,IN_PROGRESS,UNRESOLVED,/srv/macroatlas-rq1-exact/rq1-exact-623-20260926-5x,jobs/a6292bb8fc17bcbcedf7/result.json
increasingNumVariables/0034.trace,increasingNumVariables,plain,70,2,7a65cd0145bf776eaf9661ae0e685ed7839a92690fa84acf04626812be97bbd3,MIN_EXPANDED_SIZE,TIMEOUT,,,,SMT_timeout,8,2640.0699747100007,2,0,3071.7900857900004,TIMEOUT,,,180.09026162100054,IN_PROGRESS,UNRESOLVED,TIMEOUT,,,180.0778236699989,IN_PROGRESS,UNRESOLVED,/srv/macroatlas-rq1-exact/rq1-exact-623-20260926-5x,jobs/e630a8ac8154589e692b/result.json
increasingNumVariables/0035.trace,increasingNumVariables,plain,70,2,15ebecdc452d631fb7707f95523a5ecc78bd0f2bff49d35ee200f63e7c5c6b2f,MIN_EXPANDED_SIZE,TIMEOUT,,,,SMT_timeout,7,1840.5321663159993,2,0,2351.0488315679995,TIMEOUT,,,180.08162873699985,IN_PROGRESS,UNRESOLVED,TIMEOUT,,,180.0920025059986,IN_PROGRESS,UNRESOLVED,/srv/macroatlas-rq1-exact/rq1-exact-623-20260926-5x,jobs/1190f115131247a7bb7c/result.json
increasingNumVariables/0036.trace,increasingNumVariables,plain,70,2,e1bd7a45a448d9c2b57fbfba8920bbc7876d3d9118b370924aae2a1290865042,MIN_EXPANDED_SIZE,TIMEOUT,,,,SMT_timeout,8,3124.3361648909995,2,0,3612.5753633699987,TIMEOUT,,,180.09813135600052,IN_PROGRESS,UNRESOLVED,TIMEOUT,,,180.1066988849998,IN_PROGRESS,UNRESOLVED,/srv/macroatlas-rq1-exact/rq1-exact-623-20260926-5x,jobs/930f9ca7fca84a567f96/result.json
increasingNumVariables/0037.trace,increasingNumVariables,plain,70,2,f7f3d0810bad48df9101e5126be866be791a9f80c7449afd5126b996deaeda0b,MIN_EXPANDED_SIZE,TIMEOUT,,,,SMT_timeout,7,1949.7395482499996,2,0,2499.4515396069983,TIMEOUT,,,180.08871018399986,IN_PROGRESS,UNRESOLVED,TIMEOUT,,,180.11480010100058,IN_PROGRESS,UNRESOLVED,/srv/macroatlas-rq1-exact/rq1-exact-623-20260926-5x,jobs/3c2e0fd80cb1af60e50e/result.json
increasingNumVariables/0038.trace,increasingNumVariables,plain,70,2,f16cbe0b14ef8b33915104913a6a856768a9bfac70fb44cecf9831cf7984ace7,MIN_EXPANDED_SIZE,TIMEOUT,,,,SMT_timeout,7,1919.108630695002,2,0,2487.4097278880035,TIMEOUT,,,180.12965679300032,IN_PROGRESS,UNRESOLVED,TIMEOUT,,,180.16239775099893,IN_PROGRESS,UNRESOLVED,/srv/macroatlas-rq1-exact/rq1-exact-623-20260926-5x,jobs/46dd6c3c6fba7baab5e7/result.json
increasingNumVariables/0039.trace,increasingNumVariables,plain,70,2,6870050c02c17f3d644ae520f295e016a6d1711d908c6205f2f7b3a43dc05e8a,MIN_EXPANDED_SIZE,TIMEOUT,,,,SMT_timeout,7,2008.1517005050046,2,0,2641.288965018004,TIMEOUT,,,180.13646043900007,IN_PROGRESS,UNRESOLVED,TIMEOUT,,,180.1291377180005,IN_PROGRESS,UNRESOLVED,/srv/macroatlas-rq1-exact/rq1-exact-623-20260926-5x,jobs/40155888108d5dd9689e/result.json
increasingNumVariables/0040.trace,increasingNumVariables,plain,135,2,921304a33cc412881d129ebc4b89f7d14cb98cbacb837b96b0d52f7480b96388,MIN_EXPANDED_SIZE,TIMEOUT,,,,SMT_timeout,8,2645.5176299990053,2,0,3023.0838004170055,TIMEOUT,,,180.0617280360002,IN_PROGRESS,UNRESOLVED,TIMEOUT,,,180.08824175500013,IN_PROGRESS,UNRESOLVED,/srv/macroatlas-rq1-exact/rq1-exact-623-20260926-5x,jobs/94e91d48897b1b371d6e/result.json
increasingNumVariables/0041.trace,increasingNumVariables,plain,135,2,bcdfd5e3a50997933d37a3c35bdcfe4532a2a6f2c2944afca3bc396dbc775e81,MIN_EXPANDED_SIZE,TIMEOUT,,,,SMT_timeout,8,2390.6822163899997,2,0,2830.4530477869994,TIMEOUT,,,180.06349364999915,IN_PROGRESS,UNRESOLVED,TIMEOUT,,,180.12834448799913,IN_PROGRESS,UNRESOLVED,/srv/macroatlas-rq1-exact/rq1-exact-623-20260926-5x,jobs/d945850f52a268bc40b5/result.json
increasingNumVariables/0042.trace,increasingNumVariables,plain,135,2,6fb57c460326b18a306bcbac89f5dd24e4638385447c38cf39c934ad658135f3,MIN_EXPANDED_SIZE,TIMEOUT,,,,SMT_timeout,7,1790.7555237289998,2,0,2254.6584517699994,TIMEOUT,,,180.07250636400022,IN_PROGRESS,UNRESOLVED,TIMEOUT,,,180.12501376100045,IN_PROGRESS,UNRESOLVED,/srv/macroatlas-rq1-exact/rq1-exact-623-20260926-5x,jobs/ff220d694b012508e4c4/result.json
increasingNumVariables/0043.trace,increasingNumVariables,plain,135,2,e3c1b84a1d5289ce903b49dc1172b72bd22a43e0a7b8320078e4b49fa2c56a74,MIN_EXPANDED_SIZE,TIMEOUT,,,,SMT_timeout,8,2999.099881410002,2,0,3382.0691791750032,TIMEOUT,,,180.06198021099954,IN_PROGRESS,UNRESOLVED,TIMEOUT,,,180.11021763200006,IN_PROGRESS,UNRESOLVED,/srv/macroatlas-rq1-exact/rq1-exact-623-20260926-5x,jobs/ab1fa8adb1d4937d2e78/result.json
increasingNumVariables/0044.trace,increasingNumVariables,plain,135,2,c9802ea70fc2803345a2dcdd124d7ba6278f5d6c9e712933544a8ee2676a66a4,MIN_EXPANDED_SIZE,TIMEOUT,,,,SMT_timeout,7,1822.7600178150024,2,0,2312.828000178004,TIMEOUT,,,180.0838283030007,IN_PROGRESS,UNRESOLVED,TIMEOUT,,,180.08854163900014,IN_PROGRESS,UNRESOLVED,/srv/macroatlas-rq1-exact/rq1-exact-623-20260926-5x,jobs/5691c25a7be1ee4099df/result.json
increasingNumVariables/0045.trace,increasingNumVariables,plain,135,2,6032579f6defb002bb46a059d3c5de3598e3390aa67e72422d157126b8156c03,MIN_EXPANDED_SIZE,TIMEOUT,,,,SMT_timeout,7,1759.4184597740023,2,0,2305.292803859,TIMEOUT,,,180.10063313300088,IN_PROGRESS,UNRESOLVED,TIMEOUT,,,180.1174968739997,IN_PROGRESS,UNRESOLVED,/srv/macroatlas-rq1-exact/rq1-exact-623-20260926-5x,jobs/00c506d5c65df9149f8f/result.json
increasingNumVariables/0046.trace,increasingNumVariables,plain,135,2,8fef935035582b3dde4e6bb202410be827fe5d53228fb24cd3d34a3e55070a04,MIN_EXPANDED_SIZE,TIMEOUT,,,,SMT_timeout,7,1959.6041126700002,2,0,2540.6908200709986,TIMEOUT,,,180.13339377500006,IN_PROGRESS,UNRESOLVED,TIMEOUT,,,180.18162949699945,IN_PROGRESS,UNRESOLVED,/srv/macroatlas-rq1-exact/rq1-exact-623-20260926-5x,jobs/b96dbb6dc3e4d021d34c/result.json
increasingNumVariables/0047.trace,increasingNumVariables,plain,135,2,d83e3e0d444e396bd86ddd61765b6e891130500f803ad83b5af12213228a973a,MIN_EXPANDED_SIZE,TIMEOUT,,,,SMT_timeout,7,1918.7452045070022,2,0,2273.8589514940013,TIMEOUT,,,180.13097544100128,IN_PROGRESS,UNRESOLVED,TIMEOUT,,,180.1240822929999,IN_PROGRESS,UNRESOLVED,/srv/macroatlas-rq1-exact/rq1-exact-623-20260926-5x,jobs/6fbac21be3130b9a0018/result.json
increasingNumVariables/0048.trace,increasingNumVariables,plain,264,2,d4aed58d55a4dd87c058e28a7fc96aad2ca4e792a98ea7b77176a065bc08327a,MIN_EXPANDED_SIZE,TIMEOUT,,,,SMT_timeout,7,1670.5403798939951,2,0,2065.098607104992,TIMEOUT,,,180.08007356500002,IN_PROGRESS,UNRESOLVED,TIMEOUT,,,180.0970106649993,IN_PROGRESS,UNRESOLVED,/srv/macroatlas-rq1-exact/rq1-exact-623-20260926-5x,jobs/da1caf66f0b1fabdacbc/result.json
increasingNumVariables/0049.trace,increasingNumVariables,plain,264,2,888c878df35bb95348487ec57bff7a3354f32ccc2a9f41ac35851a4eadfe2afc,MIN_EXPANDED_SIZE,TIMEOUT,,,,SMT_timeout,8,2490.036982546997,2,0,2926.8647699809953,TIMEOUT,,,180.0755749079999,IN_PROGRESS,UNRESOLVED,TIMEOUT,,,180.08706743900075,IN_PROGRESS,UNRESOLVED,/srv/macroatlas-rq1-exact/rq1-exact-623-20260926-5x,jobs/4436b1af4cf5e7366412/result.json
increasingNumVariables/0050.trace,increasingNumVariables,plain,264,2,10fc0669200495687049d1e77843d7dc13d096e88b0771a03def8e260f50dbbb,MIN_EXPANDED_SIZE,TIMEOUT,,,,SMT_timeout,7,1798.8834491509988,2,0,2188.307070642997,TIMEOUT,,,180.10284622899962,IN_PROGRESS,UNRESOLVED,TIMEOUT,,,180.09645048200036,IN_PROGRESS,UNRESOLVED,/srv/macroatlas-rq1-exact/rq1-exact-623-20260926-5x,jobs/ef809c43b07d94c7df02/result.json
increasingNumVariables/0051.trace,increasingNumVariables,plain,264,2,6672bdeac2b4622012f73f35569222cb61266182f5219bbd6e46b4af8cb2da19,MIN_EXPANDED_SIZE,TIMEOUT,,,,SMT_timeout,8,3000.462753369,2,0,3441.0416183909983,TIMEOUT,,,180.0898221490006,IN_PROGRESS,UNRESOLVED,TIMEOUT,,,180.1426112500003,IN_PROGRESS,UNRESOLVED,/srv/macroatlas-rq1-exact/rq1-exact-623-20260926-5x,jobs/66918c75e5f3e7570e85/result.json
increasingNumVariables/0052.trace,increasingNumVariables,plain,264,2,2a19bc3133fc529e868e3edd14b0b7f45a305e34c253078a07b7b224493dbf1b,MIN_EXPANDED_SIZE,TIMEOUT,,,,SMT_timeout,7,1925.6256294970008,2,0,2444.0963317370006,TIMEOUT,,,180.0974152609997,IN_PROGRESS,UNRESOLVED,TIMEOUT,,,180.11614700800055,IN_PROGRESS,UNRESOLVED,/srv/macroatlas-rq1-exact/rq1-exact-623-20260926-5x,jobs/af2fc924a79816aa4530/result.json
increasingNumVariables/0053.trace,increasingNumVariables,plain,264,2,d70cff45984c889f671bc720917824f84e7363cb11be2e73086593ea4d075b6c,MIN_EXPANDED_SIZE,TIMEOUT,,,,SMT_timeout,8,3186.505912056993,2,0,3823.0935126449913,TIMEOUT,,,180.11048244300036,IN_PROGRESS,UNRESOLVED,TIMEOUT,,,180.15516360900074,IN_PROGRESS,UNRESOLVED,/srv/macroatlas-rq1-exact/rq1-exact-623-20260926-5x,jobs/81da28060b04a2a59a19/result.json
increasingNumVariables/0054.trace,increasingNumVariables,plain,264,2,ee356efe02576d0c3b952575033ba350d4966db4ff0addd2363e3e069310b2b5,MIN_EXPANDED_SIZE,TIMEOUT,,,,SMT_timeout,7,1964.0603906940014,2,0,2556.3233660880014,TIMEOUT,,,180.13284862699948,IN_PROGRESS,UNRESOLVED,TIMEOUT,,,180.15411515899905,IN_PROGRESS,UNRESOLVED,/srv/macroatlas-rq1-exact/rq1-exact-623-20260926-5x,jobs/0d98e2af129900595cc6/result.json
increasingNumVariables/0055.trace,increasingNumVariables,plain,264,2,b849ed540620164df9234045e83c5dad83662531ec99376f60641f18d283a6e5,MIN_EXPANDED_SIZE,TIMEOUT,,,,SMT_timeout,7,1872.1123524620052,2,0,2234.4348739420057,TIMEOUT,,,180.13017352600036,IN_PROGRESS,UNRESOLVED,TIMEOUT,,,180.12321696399977,IN_PROGRESS,UNRESOLVED,/srv/macroatlas-rq1-exact/rq1-exact-623-20260926-5x,jobs/02ab94ed395b3814f1d5/result.json
moreDetailedTest/0001.trace,moreDetailedTest,plain,10,2,4cf4d87b6dcf64d2fe396c8941ee439eef2c07ee0bb76745f986cfca6ad38387,MIN_EXPANDED_SIZE,TIMEOUT,,,,SMT_timeout,7,1991.1953642490043,2,0,2595.4926174470056,TIMEOUT,,,180.11604498400084,IN_PROGRESS,UNRESOLVED,TIMEOUT,,,180.16673564400025,IN_PROGRESS,UNRESOLVED,/srv/macroatlas-rq1-exact/rq1-exact-623-20260926-5x,jobs/9113779f08d78d970274/result.json
moreDetailedTest/0002.trace,moreDetailedTest,plain,10,2,5084c81afcaf06b16b6902315076bf6112f989b054fa18b89b040908463c4d2a,MIN_EXPANDED_SIZE,TIMEOUT,,,,SMT_timeout,8,1950.0810775779973,2,0,2458.790507372996,TIMEOUT,,,180.0357277080002,IN_PROGRESS,UNRESOLVED,TIMEOUT,,,180.0739845979988,IN_PROGRESS,UNRESOLVED,/srv/macroatlas-rq1-exact/rq1-exact-623-20260926-5x,jobs/c6152dddaafc013c98f8/result.json
moreDetailedTest/0003.trace,moreDetailedTest,plain,10,2,f9f5d3d029d409c5305aa6b97040981e8b92e9d8395100b7b255f1b519919b40,MIN_EXPANDED_SIZE,TIMEOUT,,,,SMT_timeout,7,2092.0341512119994,2,0,2770.630344150999,TIMEOUT,,,180.216526876,IN_PROGRESS,UNRESOLVED,TIMEOUT,,,180.28974954099976,IN_PROGRESS,UNRESOLVED,/srv/macroatlas-rq1-exact/rq1-exact-623-20260926-5x,jobs/ec0a8b536e75f06ea5c9/result.json
moreDetailedTest/0004.trace,moreDetailedTest,plain,10,2,e136448c7c701e599a0b3efdcad78036bb9e505fbf0def50d71a99f2f147e298,MIN_EXPANDED_SIZE,TIMEOUT,,,,SMT_timeout,7,2274.258993233998,2,0,2678.851811962997,TIMEOUT,,,180.23995317599974,IN_PROGRESS,UNRESOLVED,TIMEOUT,,,180.24052157100004,IN_PROGRESS,UNRESOLVED,/srv/macroatlas-rq1-exact/rq1-exact-623-20260926-5x,jobs/2f57ce79dc18adeb9f59/result.json
moreDetailedTest/0005.trace,moreDetailedTest,plain,10,2,de22b10e381746d23576b1b6da56d8fb96336abaa7a8fcf3af83451d90b053dc,MIN_EXPANDED_SIZE,TIMEOUT,,,,SMT_timeout,7,2545.7686761290024,2,0,2963.7204639910033,TIMEOUT,,,180.59841464799956,IN_PROGRESS,UNRESOLVED,TIMEOUT,,,180.2228399809992,IN_PROGRESS,UNRESOLVED,/srv/macroatlas-rq1-exact/rq1-exact-623-20260926-5x,jobs/bc95b96377bc16546c5d/result.json
moreDetailedTest/0006.trace,moreDetailedTest,plain,10,2,43b61c5334fb0f3169a01dbea98283428ad2fd75d05a745550f085f3e521d13e,MIN_EXPANDED_SIZE,TIMEOUT,,,,SMT_timeout,7,2622.033282764998,2,0,3076.063029290998,TIMEOUT,,,180.26709924399984,IN_PROGRESS,UNRESOLVED,TIMEOUT,,,180.28545597099946,IN_PROGRESS,UNRESOLVED,/srv/macroatlas-rq1-exact/rq1-exact-623-20260926-5x,jobs/9bb4071d621c2001ce96/result.json
moreDetailedTest/0007.trace,moreDetailedTest,plain,10,2,7a0a09d61e11823dea8fbf76baf9035e3e954de856ccb0f15a0ad3ecfe085e64,MIN_EXPANDED_SIZE,TIMEOUT,,,,SMT_timeout,7,3085.9222442440005,2,0,3603.3814554950004,TIMEOUT,,,180.31428206200007,IN_PROGRESS,UNRESOLVED,TIMEOUT,,,180.300566281001,IN_PROGRESS,UNRESOLVED,/srv/macroatlas-rq1-exact/rq1-exact-623-20260926-5x,jobs/4d07cb81a9f83c38f78f/result.json
moreDetailedTest/0008.trace,moreDetailedTest,plain,10,2,81fcf02a9c3188214421026ae6f166dd3b5ccadc1ba4fa7e068e9ba3f4817ce9,MIN_EXPANDED_SIZE,TIMEOUT,,,,SMT_timeout,7,3408.858345389999,2,0,3939.0397969409987,TIMEOUT,,,180.3499746839998,IN_PROGRESS,UNRESOLVED,TIMEOUT,,,180.3678641510005,IN_PROGRESS,UNRESOLVED,/srv/macroatlas-rq1-exact/rq1-exact-623-20260926-5x,jobs/c0e59cdbea5060266e33/result.json
moreDetailedTest/0009.trace,moreDetailedTest,plain,10,2,56790fbff4317f35615723262cdac2582549afa62898ba3f81853102ff753346,MIN_EXPANDED_SIZE,TIMEOUT,,,,SMT_timeout,7,3364.5577987289944,2,0,3931.748590229994,TIMEOUT,,,180.35913045300003,IN_PROGRESS,UNRESOLVED,TIMEOUT,,,180.40139984899997,IN_PROGRESS,UNRESOLVED,/srv/macroatlas-rq1-exact/rq1-exact-623-20260926-5x,jobs/ad3e1859ed6e562ae92a/result.json
moreDetailedTest/0010.trace,moreDetailedTest,plain,10,2,5e3e0c2c5d3bd4c91cd27e1e8b1cfea9ac7a38750743a778544f7df88c109936,MIN_EXPANDED_SIZE,TIMEOUT,,,,SMT_timeout,6,2066.9801403199963,2,0,2739.8942508859964,TIMEOUT,,,180.37242407099984,IN_PROGRESS,UNRESOLVED,TIMEOUT,,,180.4008420099999,IN_PROGRESS,UNRESOLVED,/srv/macroatlas-rq1-exact/rq1-exact-623-20260926-5x,jobs/bea2ffbda637f43cfd23/result.json
moreDetailedTest/0011.trace,moreDetailedTest,plain,10,2,e38a5917378b9df7d12d300f9eb69929ec77ddb6206f1394ba703e78f7785083,MIN_EXPANDED_SIZE,TIMEOUT,,,,SMT_timeout,6,2121.4598373379995,2,0,2821.029944589998,TIMEOUT,,,180.4241974100005,IN_PROGRESS,UNRESOLVED,TIMEOUT,,,180.40659889999915,IN_PROGRESS,UNRESOLVED,/srv/macroatlas-rq1-exact/rq1-exact-623-20260926-5x,jobs/ea03148b307915270f1f/result.json
moreDetailedTest/0012.trace,moreDetailedTest,plain,10,2,20038ffb35a9422faf3a508b108755482e87fe9c437e1e9a725582cd1d97d490,MIN_EXPANDED_SIZE,TIMEOUT,,,,SMT_timeout,8,2914.2051998450042,2,0,3341.1308139030043,TIMEOUT,,,180.1128176150005,IN_PROGRESS,UNRESOLVED,TIMEOUT,,,180.15616659900115,IN_PROGRESS,UNRESOLVED,/srv/macroatlas-rq1-exact/rq1-exact-623-20260926-5x,jobs/1a0175785b656aa6a1fe/result.json
moreDetailedTest/0014.trace,moreDetailedTest,plain,10,2,ba75fbfc0ad01cc18fc4806b36dde4b7b6f65bfc9dd04659b0fc087e4c2ae893,MIN_EXPANDED_SIZE,TIMEOUT,,,,SMT_timeout,7,1905.594469319003,2,0,2433.6346625230035,TIMEOUT,,,180.13640610100083,IN_PROGRESS,UNRESOLVED,TIMEOUT,,,180.17909190399996,IN_PROGRESS,UNRESOLVED,/srv/macroatlas-rq1-exact/rq1-exact-623-20260926-5x,jobs/a68a8593243d1de1e50b/result.json
moreDetailedTest/0064.trace,moreDetailedTest,plain,18,2,9172e3fe9b33b37e7da8cdc2f455f4a54cb2a904a7da6128c606135935bdecee,MIN_EXPANDED_SIZE,TIMEOUT,,,,SMT_timeout,6,1870.5992449260011,2,0,2390.649060369,TIMEOUT,,,180.2510896299973,IN_PROGRESS,UNRESOLVED,TIMEOUT,,,180.32849894900028,IN_PROGRESS,UNRESOLVED,/srv/macroatlas-rq1-exact/rq1-exact-623-20260926-5x,jobs/bc32d642fa8290ccdc3e/result.json
moreDetailedTest/0065.trace,moreDetailedTest,plain,18,2,49de086b4b2deb5277c139bb937dd02cb7da0ec67d8e0413ed0599c3758ee5e4,MIN_EXPANDED_SIZE,TIMEOUT,,,,SMT_timeout,6,1930.667790435,2,0,2517.2105727910002,TIMEOUT,,,180.41010811499928,IN_PROGRESS,UNRESOLVED,TIMEOUT,,,180.35976577100018,IN_PROGRESS,UNRESOLVED,/srv/macroatlas-rq1-exact/rq1-exact-623-20260926-5x,jobs/0b41545393c3fe19d4e9/result.json
moreDetailedTest/0067.trace,moreDetailedTest,plain,18,2,8bfdde9b0d67c345e53fdae02ca930b5a4ee38ecdf22abe9d65008bc14c87ade,MIN_EXPANDED_SIZE,TIMEOUT,,,,SMT_timeout,6,2194.26897895,2,0,2943.396097634999,TIMEOUT,,,180.44966765299978,IN_PROGRESS,UNRESOLVED,TIMEOUT,,,180.44718480600022,IN_PROGRESS,UNRESOLVED,/srv/macroatlas-rq1-exact/rq1-exact-623-20260926-5x,jobs/697c60c3afa130838b37/result.json
moreDetailedTest/0071.trace,moreDetailedTest,plain,67,2,57d13b17b326ec9ce16c93c3b3a3cd58a31d7fea0d319c9f63b4a363c220f75a,MIN_EXPANDED_SIZE,TIMEOUT,,,,SMT_timeout,7,2025.3083605869979,2,0,2671.3398276559983,TIMEOUT,,,180.1588065650003,IN_PROGRESS,UNRESOLVED,TIMEOUT,,,180.2040046039997,IN_PROGRESS,UNRESOLVED,/srv/macroatlas-rq1-exact/rq1-exact-623-20260926-5x,jobs/cca318a7985234e2c1b5/result.json
moreDetailedTest/0073.trace,moreDetailedTest,plain,67,2,e742f6337ec6bd9e7bda1c2065502eee6341208300398b0c703fa2b0bb35defd,MIN_EXPANDED_SIZE,TIMEOUT,,,,SMT_timeout,7,2135.160014478999,2,0,2820.2069445319994,TIMEOUT,,,180.19864538299953,IN_PROGRESS,UNRESOLVED,TIMEOUT,,,180.20900757599975,IN_PROGRESS,UNRESOLVED,/srv/macroatlas-rq1-exact/rq1-exact-623-20260926-5x,jobs/4f8c3e333485aafa9f1f/result.json
moreDetailedTest/0074.trace,moreDetailedTest,plain,67,2,2e1fb6f79c6a1faa78f4871a322a26feeec4f3b6891910359cb1e871d607b1e2,MIN_EXPANDED_SIZE,TIMEOUT,,,,SMT_timeout,7,2181.326881324996,2,0,2568.9262426009973,TIMEOUT,,,180.27136699099992,IN_PROGRESS,UNRESOLVED,TIMEOUT,,,180.25408992399935,IN_PROGRESS,UNRESOLVED,/srv/macroatlas-rq1-exact/rq1-exact-623-20260926-5x,jobs/fd0f205a7cabdf1542c3/result.json
moreDetailedTest/0075.trace,moreDetailedTest,plain,67,2,7996d9940d778813e5fbcdafe6750a3b9a0af65c0477403f060535cc6e24d64f,MIN_EXPANDED_SIZE,TIMEOUT,,,,SMT_timeout,7,2448.3104421499957,2,0,2873.4434863949955,TIMEOUT,,,180.18552200199997,IN_PROGRESS,UNRESOLVED,TIMEOUT,,,180.24252327499994,IN_PROGRESS,UNRESOLVED,/srv/macroatlas-rq1-exact/rq1-exact-623-20260926-5x,jobs/27332588d6ff2e5e177e/result.json
moreDetailedTest/0076.trace,moreDetailedTest,plain,67,2,831e91124dcee39271a6aedcc45c8f5fe5958dd7ae0f3ff4ae212e0c32fe0667,MIN_EXPANDED_SIZE,TIMEOUT,,,,SMT_timeout,7,2782.682495590001,2,0,3212.200327366998,TIMEOUT,,,180.21804515500003,IN_PROGRESS,UNRESOLVED,TIMEOUT,,,180.2140470639988,IN_PROGRESS,UNRESOLVED,/srv/macroatlas-rq1-exact/rq1-exact-623-20260926-5x,jobs/ad5490d0208a8af107ae/result.json
moreDetailedTest/0077.trace,moreDetailedTest,plain,67,2,b00e1c488a1ff227de8228fb648596ebfe829fd0352e1b171b29410e87917875,MIN_EXPANDED_SIZE,TIMEOUT,,,,SMT_timeout,7,2467.5030293989985,2,0,2930.133132203997,TIMEOUT,,,180.26913307500035,IN_PROGRESS,UNRESOLVED,TIMEOUT,,,180.22492062499987,IN_PROGRESS,UNRESOLVED,/srv/macroatlas-rq1-exact/rq1-exact-623-20260926-5x,jobs/2cd97894418df120b043/result.json
moreDetailedTest/0078.trace,moreDetailedTest,plain,67,2,7b8192397809be8eb1f97061b084ca8b89710901cf2a3fff0f17b27f7f211ffa,MIN_EXPANDED_SIZE,TIMEOUT,,,,SMT_timeout,6,1838.0109875909984,2,0,2362.1425814169997,TIMEOUT,,,180.27302674800012,IN_PROGRESS,UNRESOLVED,TIMEOUT,,,180.27054933099998,IN_PROGRESS,UNRESOLVED,/srv/macroatlas-rq1-exact/rq1-exact-623-20260926-5x,jobs/de683b3fca448924021a/result.json
moreDetailedTest/0079.trace,moreDetailedTest,plain,67,2,73361930f2abc56658d9de6f4f3cf4ee57a4b1ba1f5dd96eaab48b01b811babb,MIN_EXPANDED_SIZE,TIMEOUT,,,,SMT_timeout,7,2581.7618102989945,2,0,3140.415081612993,TIMEOUT,,,180.36192018200018,IN_PROGRESS,UNRESOLVED,TIMEOUT,,,180.29223410300028,IN_PROGRESS,UNRESOLVED,/srv/macroatlas-rq1-exact/rq1-exact-623-20260926-5x,jobs/cc7f497f4fcf57fb22f4/result.json
moreDetailedTest/0080.trace,moreDetailedTest,plain,67,2,f88b209c9f44897c74fcb5ea01127241b0ff75ad97d626894bb652e787c86ffc,MIN_EXPANDED_SIZE,TIMEOUT,,,,SMT_timeout,6,2031.893449973999,2,0,2677.6324196769983,TIMEOUT,,,180.4166019690001,IN_PROGRESS,UNRESOLVED,TIMEOUT,,,180.3693410800006,IN_PROGRESS,UNRESOLVED,/srv/macroatlas-rq1-exact/rq1-exact-623-20260926-5x,jobs/cac71131d3f3d1ccf9c0/result.json
moreDetailedTest/0081.trace,moreDetailedTest,plain,67,2,e6daa1f5db8caa045d341a205eb90d0b19075f97e51295dda11e06a855c805fb,MIN_EXPANDED_SIZE,TIMEOUT,,,,SMT_timeout,6,2057.9590021999975,2,0,2736.2928616499976,TIMEOUT,,,180.407286763,IN_PROGRESS,UNRESOLVED,TIMEOUT,,,180.33850320800002,IN_PROGRESS,UNRESOLVED,/srv/macroatlas-rq1-exact/rq1-exact-623-20260926-5x,jobs/98eedcec895812c7375e/result.json
moreDetailedTest/0084.trace,moreDetailedTest,plain,67,2,26248e3a236ebf1aa7a6c5bc31aafbc13134a9a5d9990871a12935b8737fc8a3,MIN_EXPANDED_SIZE,TIMEOUT,,,,SMT_timeout,7,1871.624759793005,2,0,2419.7751054380024,TIMEOUT,,,180.14800467199984,IN_PROGRESS,UNRESOLVED,TIMEOUT,,,180.1220906909998,IN_PROGRESS,UNRESOLVED,/srv/macroatlas-rq1-exact/rq1-exact-623-20260926-5x,jobs/b6a64a178fa289e22da0/result.json
moreDetailedTest/0093.trace,moreDetailedTest,plain,6,2,806ba714d81d3e8de22d2a83623ccbe9a8b2ae65952d868b09fae1a9c6591b06,MIN_EXPANDED_SIZE,TIMEOUT,,,,SMT_timeout,6,1931.795760134999,3,1,2512.144090219999,TIMEOUT,,,180.34635460499885,IN_PROGRESS,UNRESOLVED,TIMEOUT,,,180.30362416999924,IN_PROGRESS,UNRESOLVED,/srv/macroatlas-rq1-exact/rq1-exact-623-20260926-5x,jobs/ae76e98082b702a3aa03/result.json
moreDetailedTest/0095.trace,moreDetailedTest,plain,6,2,aacc5e739f98705704ae7b20d558c66a79cef79dd0a61648486cee28a2a04d11,MIN_EXPANDED_SIZE,TIMEOUT,,,,SMT_timeout,6,2178.0493023240015,2,0,2927.520198741002,TIMEOUT,,,180.36527339399981,IN_PROGRESS,UNRESOLVED,TIMEOUT,,,180.37333528099953,IN_PROGRESS,UNRESOLVED,/srv/macroatlas-rq1-exact/rq1-exact-623-20260926-5x,jobs/6ab2017833d10d182c77/result.json
